0,<
0,0
0,oe
0,V
0,38
0,6
0,Vr
0,481
0,9
0,"1"""
0,8
0,{e
0,e
0,80
0,4
0,K
0,05
0,10
0,po
0,05
0,95
0,JF
0,455
0,o1
0,11
0,4
0,o
0,o5
0,6
0,S
0,Ahe
0,"01f"""
0,4n<
0,01
0,40
0,0
0,Ericeira
0,planr
0,slong
0,Juineni
0,Sonh
0,barrel
0,deep
0,qualry
0,12m 
0,Ouf
0,which
0,EuRope
0,006y
0,WavC
0,producing
0,Jack
0,1
0,€rpetu
0,manin
0,One{
0,Gcefer
0,Che
0,ard
0,and
0,sweil
0,1of
0,Rockk
0,CoC
0,nghts 
0,hollows
0,qualiry
0,share
0,and
0,alwvays
0,good
0,White
0,Kand
0,extremely
0,Wavc
0,"""botrom"
0,and
0,harboue
0,omc
0,ugal
0,Wave?
0,rocky '
0,have
0,[owns
0,can
0,inside
0,the
0,Ericeira
0,Korte
0,rides
0,short
0,With
0,has
0,bay
0,reef
0,when
0,rivermouth
0,(A4m) .
0,classic
0,especially
0,shortage
0,1 2fr
0,ermouth
0,Numerous
0,Hawai'
0,Five
0,such
0,north
0,has
0,rideable
0,small
0,waves
0,Ericeira
0,with.
0,with
0,he
0,and
0,"Beach,"
0,centre
0,than'<
0,(19mn1)
0,classy
0,play
0,Aclass
0,surfing
0,ncadlands
0,"Peniche,"
0,quite
0,Lourenço
0,Sunset
0,orld
0,the
0,point
0,eil
0,3okm
0,Porruguese
0,conudered
0,doesn €
0,concentration
0,prorection
0,nfo
0,nght
0,Mere
0,Sa6
0,hkened
0,ells
0,stotiny
0,heavy
0,"Lsbon ,"
0,breaks
0,"Lasbon,"
0,wind
0,been
0,avour
0,(0
0,and
0,quahty
0,Mphcal
0,(6a9
0,piFtly
0,Coicne
0,end
0,10und
0,988(eni
0,"Gaci"""
0,elene 
0,1161t /
0,Wanio
0,ohnak
1,0
1,e
1,88
1,Vr
1,68
1,9
1,2~
1,2
1,e
1,80
1,C
1,4
1,05
1,O
1,90
1,05
1,95
1,V
1,05
1,Ahe
1,11)
1,4
1,01
1,05
1,1
1,4
1,Ahe
1,>
1,40e
1,51
1,40
1,Kahen
1,Ericeira
1,plan
1,neni
1,Sonh
1,dcep
1,quahty
1,12o) `
1,Out
1,chich
1,EUROPE
1,(
1,"0nly,"
1,WavC
1,producing
1,ne
1,Jack
1,A
1,expetu
1,ccica
1,making
1,he
1,crouded
1,nd
1,swell
1,ior
1,Rocki
1,nento
1,hollows
1,qualiry
1,Aharp
1,and
1,Falways
1,good _
1,White
1,anc
1,Cxtremeky
1,wave
1,borom
1,Fand
1,Charbour
1,somc
1,shc
1,Tugal
1,"wave,"
1,rocky
1,Chave
1,rowns
1,can
1,inside
1,che
1,Ericeira
1,Norte
1,rides
1,short
1,With
1,has
1,bay
1,reef
1,when
1,rivermouth
1,(Am) .
1,classic
1,especially
1,shortage
1,1 2ft
1,rivermouth
1,Numerous
1,"Hawii,"
1,such
1,north
1,has
1,rideable
1,small
1,its
1,aves
1,Enceira
1,with
1,with.
1,and
1,"Beach,"
1,centre
1,than's
1,(19m1)
1,classy
1,play
1,class
1,surfing
1,neadlands
1,Penichea
1,quite
1,Lourenço
1,the
1,Sunset
1,orld
1,point
1,#eli
1,3okm
1,Portuguese
1,connidered
1,doesn t
1,Concenlfation
1,protection
1,{021y
1,ripht
1,D[o
1,nere
1,Sao
1,hkened
1,Stofiny
1,7e8ls
1,heavy
1,oon
1,"1sbon,"
1,break
1,anid
1,favour
1,been
1,bis
1,and
1,quahuty
1,vphcal
1,a n
1,0retty
1,Cn<
1,end
1,oun
1,228un
1,21ns 
1,fal l /
1,Csieieno 
1,8anio
1,869800
2,e
2,88
2,o
2,Vr
2,6
2,3
2,9
2,2
2,4
2,4os
2,3
2,{e
2,{e
2,ne
2,80
2,4
2,V
2,05
2,90
2,25
2,45 ^
2,J `
2,05
2,11
2,"41 """
2,01
2,05
2,16
2,4
2,Ae
2,>
2,06
2,4
2,0oo
2,Akhth ond
2,fcamly
2,Kihen
2,Ericeira
2,pln
2,along
2,atineni
2,Sonh
2,baorek
2,dcep
2,quahry
2,Ceotumy
2,42m)
2,Out
2,which
2,(ne 
2,EUROPE
2,"60ly,"
2,awciome
2,WavC
2,producing
2,Jack
2,ne
2,L
2,QceCisee
2,€xrefu
2,making
2,The
2,ded
2,Iná
2,swell 
2,Cron
2,Kockl
2,nehto
2,hollow
2,quahry
2,Aharp
2,and
2,always
2,good
2,Whire
2,and
2,wave
2,extremely
2,borom
2,and
2,harbour
2,some
2,ugal
2,waves
2,rocky '
2,Chave
2,rowns
2,can
2,inside
2,Ericetra
2,Norte
2,rides
2,shorr -
2,with
2,has
2,bay
2,reef
2,when
2,rivermouth
2,(4n1 ) .
2,classic
2,especially
2,shortage
2,1 2ft
2,ermouth
2,Numerous
2,Five
2,"Hawani,"
2,such
2,north
2,has
2,rideable
2,small
2,ts
2,Waves
2,Encctra
2,With
2,wirh.
2,the
2,and
2,"Beach,"
2,centre
2,(19m1)
2,thav's
2,surfing
2,classy
2,play
2,class
2,neadlands
2,"Peniche,"
2,quite
2,Lourenço
2,the
2,Sunset
2,orld
2,point
2,3okm
2,'Ofuguese
2,nudered
2,doesn €
2,Concenlfalion
2,protecton
2,0{o
2,rght
2,nere
2,Sao
2,hkened
2,Stofiny
2,heavy
2,oon
2,bieaks
2,"14sbon,"
2,ind
2,favour
2,been
2,?
2,She
2,and
2,quahty
2,phcol
2,"(,s"
2,91e11/
2,Lne
2,{eng
2,10un
2,1
2,(ac1ny
2,Iene 
2,1erlo
2,0n
3,<
3,ah€
3,o
3,88
3,68
3,9
3,8
3,04
3,Kos
3,e
3,e
3,e
3,80
3,N
3,K
3,05
3,O
3,25
3,95
3,0F
3,155
3,o
3,Ahe
3,1n
3,31 %
3,Roe
3,0
3,o5
3,46
3,S
3,>
3,5
3,4
3,Poo
3,Fghthand
3,rcahly
3,Kohen
3,Ericeira
3,plant
3,along
3,n
3,Soneh
3,nane
3,baorek
3,deer
3,Cventuany
3,quahrys
3,(2o /
3,Out
3,which
3,(rt
3,EUROPE
3,le
3,0nly
3,e
3,Up
3,WavC
3,producing
3,ncn
3,ack
3,Lo
3,accrcave  
3,expert
3,making
3,The
3,Ided
3,and
3,swelk 
3,Crow
3,Kockks
3,nehto
3,qualiry
3,hollow
3,harp
3,and
3,always
3,good
3,White
3,and
3,ave
3,extremely
3,'borrom
3,harbour
3,and
3,some
3,Fual
3,waves
3,rocky'
3,have
3,rowns
3,can
3,inside
3,rhe
3,Ericeira
3,Norte '
3,rides
3,short
3,with
3,has
3,bay
3,reef
3,when
3,rivermouth
3,(4m) .
3,classic
3,especially
3,shorrage
3,1 2fc
3,rivermouth
3,Numerous
3,no
3,Hawanv
3,such
3,north
3,has
3,rideable
3,small
3,aves
3,Enccira
3,wirh.
3,with
3,and
3,"Beach,"
3,centre
3,that's
3,(1 9mn1)
3,surfing
3,classy
3,play
3,class
3,cadlands
3,"Peaiche,"
3,quite
3,Lourenço
3,Sunset
3,orld
3,point
3,3okm
3,Ortuguese
3,consdered
3,doesn €
3,Concenlfation
3,prorecuon
3,right
3,16o
3,ere
3,546
3,hikened
3,Stotiny
3,heavy
3,oon
3,che
3,6{eaks
3,"1asbon,"
3,ind
3,been
3,favour
3,bs
3,abe
3,and
3,quahy
3,Vphcal
3,669
3,01e11y
3,12n8
3,0un
3,888(en
3,7726
3,[C1ny
3,eleno 
3,1a1 /
3,8ano
3,0n
4,<
4,ee
4,6
4,o
4,Jr
4,661
4,9
4,20
4,kos
4,3e
4,80
4,I
4,N
4,05
4,25
4,[0
4,115
4,V
4,05
4,Ahe
4,51
4,2
4,{e
4,05
4,05
4,6
4,S
4,>
4,5
4,4
4,Pfostee (M
4,Conie
4,There
4,ind
4,Pni
4,bcach
4,rhthana
4,rcaly
4,Kihen `
4,barrelln
4,Ericeira
4,plan
4,along
4,ae
4,ate{
4,unless
4,Catmeni
4,Sonth
4,nsanc .
4,barrci
4,dcer
4,popular
4,Cventuly
4,n
4,qualrys
4,(2m 
4,Oul
4,Which
4,i
4,EUROPE
4,only
4,awcomc
4,Wavc
4,producing
4,Uneyen
4,Jack
4,Lo
4,Cccrea
4,experu
4,making
4,The
4,Ided
4,Pr
4,and
4,swell
4,cow
4,Rockl
4,nehta
4,"hollow,"
4,quahry
4,sharp
4,no
4,and
4,Falways 
4,Whire
4,good
4,and
4,extremely
4,wave
4,"""botrom"
4,and
4,harbour
4,some
4,Khe
4,Fugal
4,"wave,"
4,rocky 
4,"town,"
4,have
4,can
4,che
4,Ericeira
4,inside
4,Norte
4,rides
4,short
4,with
4,has
4,bay
4,reef
4,when
4,rivermouth
4,(4m) .
4,classic
4,especially
4,shortage
4,1 2ft
4,rivermouth
4,Numerous
4,no
4,"Hlawii,"
4,such
4,north
4,has
4,rideable
4,small
4,Fts
4,waves
4,Enccira
4,wirh.
4,with
4,and
4,centre
4,"Beach,"
4,thans
4,(19mn1)
4,surfing
4,classy
4,play
4,class
4,ncadlands
4,"Peniche,"
4,quite
4,Lourenço
4,orid
4,Sunset
4,point
4,el]
4,3okm
4,Portuguese
4,dered
4,doesn €
4,Centfation
4,protecton
4,D[o
4,ripht
4,r
4,Sa0
4,hkened
4,Slotiny
4,heavy
4,Cg
4,"Lisbon ,"
4,he
4,b*ea/ $
4,"1sbon,"
4,anid
4,favour
4,been
4,b1s
4,ah<
4,and
4,quahty
4,Vpica|
4,an
4,01e11/
4,ene
4,10mna]
4,429i
4,78706
4,C1nr
4,faltl /
4,lenle 
4,1erl 
4,80n)
5,<
5,0
5,e
5,0
5,39
5,6/
5,61
5,0r
5,681
5,9
5,29
5,20
5,kos
5,e
5,Ine
5,e
5,80
5,4
5,KC
5,05
5,05
5,10
5,90
5,15
5,06
5,01
5,Ahe
5,11
5,4
5,4e
5,01
5,0
5,6
5,4
5,Ahe
5,>
5,o
5,40
5,9
5,DkCton
5,66nie
5,Theve
5,Pon
5,Cue{
5,Fchhand
5,fcally
5,Kiben *
5,harrelln
5,Ericeira
5,planr
5,along
5,hen
5,unlevs
5,Catient
5,Souch
5,Insanc
5,barick
5,cer
5,Poput
5,Cveotualy
5,quahty-
5,(2m )
5,Ou
5,i
5,hich
5,EUROPE
5,only
5,nde
5,come
5,Wavc
5,producing
5,uneven
5,Jack
5,Lo
5,experis
5,Cccfeise 
5,making
5,The
5,crowded
5,Poy
5,and
5,swell 
5,Rock)
5,nentes
5,"hollow,"
5,quahiry
5,sharp
5,and
5,always
5,good
5,(Whire
5,and
5,extremely
5,wave
5,"""borrom"
5,and
5,harbour
5,some
5,ugal
5,waves
5,rocky '
5,have
5,"rown,"
5,can
5,Finside
5,che
5,Ericeira
5,Norte
5,rides =
5,short
5,with
5,has
5,bay
5,reef
5,when
5,rivermouth
5,(4m1) .
5,classic
5,especially
5,shorrage
5,1 2ft
5,rivermouth
5,Numerous
5,"Hlawan1,"
5,such
5,north
5,has
5,rideable
5,small
5,its
5,waves
5,Erccira
5,vith.
5,with
5,and
5,"Beach,"
5,centre
5,(19m1)
5,thans
5,classy
5,play
5,class
5,surfing
5,headlands
5,"Peaiche,"
5,quite
5,Lourenço
5,Sunset
5,orid
5,point
5,3okmn
5,seli
5,Oriuguese
5,idered
5,doesn €
5,t
5,protection
5,2021y
5,right
5,9[0
5,nr
5,Sao
5,hkened
5,Slotiny
5,heavy
5,Llsbon
5,6{e2/ 8
5,"Lasbon,"
5,ind
5,tavour
5,been
5,bf
5,abe
5,and
5,quahy
5,phcal
5,"(6,as"
5,91e11/
5,12ng
5,10mna
5,22ni
5,28
5,22inr
5,Ienow
5,eil /
5,1erlo
5,'2n]s
6,<
6,Ah€
6,
6,0
6,80
6,O
6,6'
6,0r
6,6
6,48
6,9
6,20
6,kos
6,4
6,ne
6,Je
6,80
6,has
6,4
6,KC
6,05
6,90
6,05
6,95
6,0
6, *
6,01
6,111
6,2080
6,4e
6,01
6,06
6,1
6,S
6,>
6,31
6,4
6,38
6,n
6,Pfone<
6,Conie
6,Ehere
6,wind
6,Pooi
6,Cuef
6,rghthand
6,De
6,fcably
6,Kiben *
6,Ericeira
6,plant
6,along
6,hen
6,aunan
6,fe{
6,unlce
6,(eatmeni
6,South
6,Inganc
6,augalra 
6,barrek
6,dcep
6,popular
6,cveniually
6,quahrys
6,(2m) `
6,6t
6,Out
6,i
6,which
6,Je7
6,00ly
6,EUROPE
6,awccome
6,Wavc
6,producing
6,uncven
6,Jack
6,Lo
6,accrese 
6,experu
6,making
6,The
6,crowded
6,Pr
6,Fand
6,swelk
6,Rock)
6,nghto
6,hollows
6,qualiry
6,sharp
6,and
6,Falways
6,good
6,(White
6,and
6,extremely
6,wave
6,'borrom
6,Fand
6,Fharbour
6,some
6,ugal
6,"wave,"
6,rocky
6,Chave'
6,rowns
6,can
6,Ericeira
6,inside
6,rhe
6,Norte '
6,rides =
6,short
6,With
6,bay
6,reef
6,when
6,rivermouth
6,(Am) .
6,classic
6,especially
6,shorrage
6,1 2ft
6,rivermouth
6,Numerous
6,Fto
6,Hwai
6,such
6,north
6,has
6,rideable
6,small
6,Fts
6,Waves
6,Enceira
6,with
6,with.
6,the
6,and
6,"Beach,"
6,centre
6,(19m1)
6,thaat'
6,classy
6,play
6,class
6,surfing
6,headlands
6,"Penihe,"
6,quite
6,Lourenço
6,Sunset
6,orld
6,pomnt
6,3okmn
6,Portuguese
6,ered
6,doesn €
6,Centraton
6,protecuon
6,0[o
6,nght
6,Mncfe
6,Sao
6,hikened
6,Stotiny
6,heavy
6,60a
6,"Lnsbon ,"
6,che
6,1sbons
6,ind
6,favour
6,been
6,n
6,be
6,and
6,quahty
6,Vpicai
6,"(6,2w"
6,91e1/
6,70mnd
6,2ni
6,1
6,fair  /
6,27o 
6,"8erl ,"
6,29:
7,<
7,ane
7,
7,o
7,30
7,6
7,0
7,0
7,66
7,9
7,20
7,Ko<
7,e
7,ne
7,(e
7,80
7,4
7,V
7,05
7,O
7,90
7,05
7,15
7,V
7,01
7,Ahe
7,1
7,01
7,55
7,6
7,4
7,>
7,e
7,4
7,o
7,1
7,t
7,Conie <
7,here
7,wind
7,Pont
7,bcach
7,beuer
7,Fghrhand
7,be
7,rcally
7,Rben *
7,Ericeira
7,phant
7,An
7,along
7,taia
7,unle 
7,(eaumeni
7,South
7,Insanc
7,aloaira 
7,barrel
7,dcep
7,popula
7,Cventualy
7,quahry
7,12m )
7,62l
7,Ou
7,i
7,which
7,only:
7,EURoPE
7,awome
7,Wavc
7,producing
7,Uneven
7,Jack
7,Lo
7,decrcasc
7,epefi
7,making
7,The
7,Ided .
7,Pr
7,and
7,swell
7,crow
7,Rock)
7,nehta
7,hollows
7,qualiry
7,sharp
7,and
7,always
7,good
7,(White
7,and
7,extremely
7,wave
7,botrom
7,and
7,harbour
7,some
7,ugal
7,"wave,"
7,rocky '
7,have
7,"town,"
7,can
7,inside
7,the
7,Ericeira
7,Norte '
7,rides
7,short
7,with
7,has
7,bay
7,reef
7,when 
7,rivermouth
7,(4m) .
7,classic
7,especially
7,shorrage
7,12ft
7,rivermouth
7,Numerous
7,Hawaiv
7,such
7,north
7,has
7,rideable
7,small
7,Fts
7,Waves
7,Enceira
7,With
7,wirh.
7,and
7,"Beach,"
7,centre
7,thans
7,(1 9m1)
7,classy
7,10
7,play
7,class
7,surfing
7,neadlands
7,Peniche.
7,quite
7,Lourenço
7,he
7,Sunset
7,orld
7,Point
7,3okm
7,e
7,Portuguese
7,dered
7,doesn €
7,n
7,protection
7,righu
7,02o
7,mnere
7,Sao
7,Conei
7,hkened
7,stotiny
7,heavy
7,Lnsbon .
7,he
7,1asbons
7,ind
7,favour
7,been
7,bs
7,and
7,quahty
7,'picai
7,"(,89"
7,9el/
7,eng
7,10mn
7,2ni
7,1
7,8onek /
7,2ie 
7,8ario
7,0n1e
8,<
8,Y
8,e
8,o
8,89
8,O
8,0
8,661
8,9
8,2
8,e
8,ie
8,e
8,80
8,4
8,VE
8,05
8,10
8,90
8,05
8,15
8,V
8,As
8,01
8,che
8,4
8,01
8,0
8,O
8,S1
8,>
8,4
8,40
8,67y
8,Dfoecton
8,6oniee
8,There
8,Wind
8,Pon
8,bcach
8,rghrhand
8,beuer
8,really '
8,Kibev *
8,h
8,Ericeira
8,plani
8,and
8,along
8,tauIe
8,Fate(
8,unle 
8,(Catinent
8,South
8,Insanc
8,albaira 
8,baorek
8,cer
8,6
8,Doput
8,cventualy
8,quahty
8,mn)
8,1 e
8,Out
8,i
8,which
8,Ve
8,Oce
8,only
8,EUROPE
8,awctome
8,Wavc
8,producing
8,neen
8,Jack
8,Low
8,dccrea
8,epetr
8,making
8,he
8,crowded .
8,an
8,Kand
8,swell
8,tor
8,Rock)s
8,nehts
8,hollows
8,qualiry
8,Isharp
8,and
8,Falways
8,good
8,(White
8,and
8,extremely
8,wave
8,~borrom
8,and
8,harbour
8,some
8,ugAl
8,"wave,"
8,rocky
8,Chave
8,"rown,"
8,can
8,inside
8,the
8,Ericeira
8,Norre
8,rides =
8,short
8,With
8,has
8,bay
8,reef
8,when
8,rivermouth
8,(4n) .
8,classic
8,especially
8,shorrage
8,1 2fr
8,rivermouth
8,Numerous
8,"Hlawan1,"
8,such
8,north
8,has
8,rudeable
8,small
8,waves
8,Enceira
8,with
8,with 
8,and
8,"Beach,"
8,centre
8,thavs
8,419m1)
8,surfing
8,classy
8,10
8,play
8,class
8,ncadlands
8,quite
8,Peniche
8,oureneo
8,Sunset
8,he
8,orid
8,ponnt
8,3okmn
8,ei
8,Portuguese
8,dered
8,doesn €
8,Concenifation
8,protecuon
8,right
8,0[o
8,Mnefe
8,640
8,Consi
8,hkened
8,Stotiny
8,heavy
8,Lssbon .
8,he
8,e
8,"Lsbon,"
8,ind
8,been
8,favour
8,by
8,abe
8,and
8,quahy
8,'pilai
8, 
8,Piel/
8,ene
8,10mni
8,2n
8,218r
8,11a1 /
8,"7e"""
8,8af i 
8,0n9e
9,<
9,ahe
9,""""
9,0
9,20
9,6
9,0r
9,6
9,9
9,ko<
9,{e
9,je
9,e
9,80
9,has
9,(
9,I
9,05
9,O
9,05
9,s
9,V
9,1 
9,01
9,Ahe
9,11
9,2
9,4e
9,o
9,0
9,1
9,S
9,4
9,4
9,Pfontertooon
9,n
9,Conie
9,Char8 '
9,There
9,ind
9,Pon
9,bcach
9,beuer
9,rghthnd
9,he
9,rcally
9,Kabev `
9,barrelline
9,plan
9,Ericeira
9,along
9,hen
9,
9,unle 
9,(eatmeni
9,Souch
9,insanc
9,aioaia
9,barrek
9,eer
9,6o4n
9,popular
9,an
9,ventuang
9,quahrys
9,(2m) `
9,62
9,Out
9,hich
9,n
9,vet
9,only;
9,awcome
9,e
9,EURopE
9,a
9,producing
9,Jack
9,uneyen
9,erefi
9,Lon
9,ccfease
9,The
9,Imaking
9,an
9,crowded .
9,Pr
9,Kand
9,swell
9,"Kock),"
9,hollows
9,qualry
9,nehta
9,sharp
9,and
9,ne
9,always
9,(White
9,good
9,extremely
9,and `
9,wave
9,(borrom
9,and
9,harbour
9,some
9,"wave,"
9,rocky 
9,ual
9,have
9,towns
9,can
9,Ericeira
9,inside-
9,Norte
9,rides
9,short
9,with
9,bay
9,reef
9,when
9,rivermouth
9,(4n) .
9,classic
9,especially
9,shorrage
9,1 2fr
9,ermouth
9,Numerous
9,no
9,rlve
9,"Hlawan ,"
9,such
9,north
9,rideable
9,has
9,small
9,Jts
9,waves
9,Ercctra
9,with
9,with.
9,and
9,"Beach,"
9,centre
9,(19m1)
9,than'
9,surfing
9,classy
9,play
9,class
9,ncadlands
9,quite
9,ourenço
9,"Peniche,"
9,Sunset
9,orid
9,point
9,3okmn
9,~el]
9,Ortubuese
9,dered
9,doesn €
9,Cenifation
9,protection
9,night
9,0lo
9,nr
9,Sao
9,hkened
9,Stofiy
9,heavy
9,CoaC
9,"Lnsbon ,"
9,che
9,2
9,"Lasbon,"
9,ind
9,been
9,favour
9,b1f
9,and
9,quahy
9,Wpia|
9,"(,9"
9,p1e11/
9,end
9,10un
9,{2n
9,fai l /
9,Iene 
9,"1aff1 ,"
9,2n)s
9,414h43k
10,Vs
10,Ae
10,o
10,31
10,6
10,9
10,20
10,ko<
10,e
10,Jne
10,Se
10,80
10,<
10,V
10,05
10,O
10,40
10,05
10,95
10,VF
10,Als
10,8
10,Ahe
10,11
10,4oe
10,o
10,05
10,1
10,Y
10,S
10,>
10,41
10,4
10,C
10,enale
10,beh
10,t
10,60niea
10,Fhere
10,Wind
10,Poo
10,of
10,nghthand
10,Ftef
10,really '
10,Kabev `
10,barrelloe
10,planr
10,Ericeira
10,An4
10,along
10,ahan
10,1
10,unless
10,Featieni
10,South
10,Inganc
10,albalra
10,barrele
10,chawe
10,deep
10,Goa
10,quahty 
10,an
10,eventuamly
10,m
10,7ezi
10,Oue
10,which
10,Vefy
10,only:
10,Oroee
10,UP
10,Wavc
10,awcone
10,EURoPE
10,producing
10,Jack
10,erefis
10,Lon
10,une
10,SChe
10,Kmaking
10,Cecrea
10,crowded
10,ra
10,swell .
10,and
10,Rock) =
10,hollow;_
10,Sharp
10,qualiry
10,n2ats
10,and
10,always
10,Whire
10,extremely
10,good
10,wave
10,and
10,(borrom
10,and
10,some
10,'harbour
10,"wave,"
10,rocky '
10,Tugal
10,"rown,"
10,have
10,can
10,the
10,Ericeira
10,Finside -
10,Norre '
10,rides
10,short
10,With
10,has
10,baay
10,reef
10,when
10,rivermouch
10,(Am1) .
10,classic
10,especially
10,shorrage
10,1 2fr
10,rermouth
10,Numerous
10,"Hawani,"
10,Ilve
10,such
10,north
10,rideable
10,has
10,small
10,Waves
10,Erccira
10,With
10,with.
10,and
10,"Beach,"
10,centre
10,thans
10,(19m1)
10,surfing
10,classy
10,play
10,class
10,neadlands
10,quite
10,ourenço
10,Peniche.
10,Sunset
10,orld
10,1o
10,point
10,3okmn
10,ei
10,'Ofuguese
10,dered
10,doesn €
10,Centfation
10,protecuon
10,right
10,0[o
10,S40
10,mnere
10,hkened
10,Stofiy
10,heavy
10,CnC
10,Lusbon 
10,he
10,{23/8
10,1asbons
10,aind
10,been
10,avour
10,bf
10,ahe
10,and
10,quahty
10,Unial
10,n
10,01611/
10,ene
10,10mn
10,(5n
10,[61ng
10,fa1l /
10,"Jeio """
10,8al 1o
10,'0n:
11,<
11,Ane
11,K
11,61
11,39
11,81
11,0
11,661
11,9
11,ko<
11,29
11,Se
11,80
11,has
11,4
11,VE
11,05
11,5
11,90
11,25
11,15
11,VF
11,01
11,Ahe
11,11
11,4
11,0
11,o
11,1
11,S
11,>
11,40g
11,o
11,4
11,Dfotectiin
11,by
11,770n
11,Conie
11,t
11,wind
11,Pon
11,nghthand
11,beuer
11,rcally '
11,h <
11,Kabei `
11,barrelloe
11,Plani
11,Ericeira
11,along
11,ahs
11,te{
11,6
11,unless
11,(catient
11,South
11,Insanc
11,aoatas
11,chwe
11,barrele
11,eer
11,6oa
11,quality
11,eventuang
11,ppular
11,(2m) `
11,Sezi 
11,Ou
11,hich
11,Ver
11,onlye
11,Ooae
11,awcone
11,a
11,g
11,EURoPE
11,producing
11,Jack
11,erefis
11,Lo
11,'making
11,une
11,The
11,decea
11,crowded
11,swell.
11,1n&
11,Yia
11,Rock)
11,hollow;
11,Asharp
11,'qualiry
11,nentes
11,and
11,always
11,White
11,Ine
11,extremely
11,good
11,wave
11,Kand 
11,~botrom
11,and
11,some
11,Ahe
11,'harbour
11,"wave,"
11,rocky
11,"town,"
11,have
11,Fugal
11,can
11,che
11,Ericeira
11,Finside
11,Norte
11,rides
11,short
11,With
11,bay
11,reef
11,when
11,rivermouth
11,(Am) .
11,classic
11,especially
11,shorrage
11,1 2fr
11,rivermouth
11,umerous
11,"Hawaii,"
11,such
11,north
11,rideable
11,has
11,small
11,Fits
11,waves
11,Ericcira
11,with
11,with.
11,and
11,"Beach,"
11,centre
11,than's
11,(19m1 )
11,classy
11,class
11,surfing
11,play
11,headlands
11,quite
11,Lourenço
11,"Peaiche,"
11,Sunset
11,he
11,orld
11,point
11,3okm
11,ein
11,Porturuese
11,dered
11,doesn €
11,Concenlfalion
11,protection
11,right
11,0[o
11,S40
11,Mere
11,hkened
11,Stotiny
11,heavy
11,Lusbon .
11,the
11,"{e21 ,"
11,Lisbons
11,ind
11,been
11,favour
11,bf
11,and
11,quahy
11,Uncal
11,69
11,91e11/
11,{eng
11,10un
11,72ni
11,ALis
11,Ffa1l /
11,fe  
11,10r 
12,<
12,5
12,29
12,01
12,0r
12,6
12,384
12,0
12,29
12,286
12,4
12,Je
12,{e
12,80
12,4
12,K
12,05
12,O
12,90
12,25
12,15
12,VF
12,o
12,hé
12,51
12,2
12,01
12,05
12,O
12,4
12,>
12,40<
12,41
12,4
12,Piotecuoin
12,(onieei
12,"Chard ,"
12,There
12,wind
12,Poo
12,3
12,bcach
12,rghthand
12,be
12,beuer
12,really
12,Kabei `
12,he
12,barrellog
12,plani
12,Ericeira
12,along
12,Ahen
12,anan
12,unles
12,featient
12,Souch
12,"insanc,"
12,aibaira
12,chowee
12,barrele
12,cer
12,8oa
12,eventuaniy
12,quahity
12,(2m)
12,8ez
12,lenhana
12,Pru
12,Oui
12,which
12,Ver
12,only:
12,awcone
12,Ooee
12,Wavc
12,EURoPE
12,producing
12,Jack
12,expefis
12,Lo
12,"Nneen,"
12,"""making"
12,he
12,decea
12,ded .
12,Pi
12,swell.
12,Ftor
12,Cfowg
12,Rock)
12,hollows=
12,sharp 
12,qualiry
12,nzht .
12,and
12,always
12,White
12,good
12,extremely
12,wave
12,Fand -
12,'botrom
12,and
12,(some
12,harbour
12,"wave,"
12,rocky
12,have 
12,"town,"
12,ueAl
12,can
12,Finside
12,Ericeira
12,the
12,Norte
12,rides
12,short
12,With
12,has
12,bay
12,reef
12,when
12,rivermouth
12,(Am ) .
12,classic
12,especially
12,shorrage
12,12fr
12,rivermouth
12,Numerous
12,"Hawani,"
12,such
12,north
12,rideable
12,has
12,small
12,Fts
12,waves
12,Ericctra
12,With
12,with.
12,and
12,"Beach,"
12,centre
12,(1 9m1 )
12,than'
12,surfing
12,classy
12,class
12,play
12,eadlands
12,quite
12,Lourenço
12,"Periche,"
12,Sunset
12,the
12,orid
12,point
12,3okm
12,~eli
12,Portuguese
12,doesn €
12,dered
12,Concenlfalion
12,protecuon
12,night
12,221
12,Sa0
12,mere
12,hkened
12,Stofiy
12,heavy
12,"Lusbon ,"
12,ahe
12,"1sboni,"
12,s
12,nid
12,been
12,fsvour
12,bs
12,and
12,quahny
12,vpical
12,(679
12,01e11y
12,end
12,10un
12,2n
12,e
12,44l1a;
12,8enek/
12,6e 
12,1erfio
12,2n
13,<
13,Ae
13,00
13,5
13,29
13,01
13,0
13,6
13,38<
13,0
13,"2"""
13,e
13,e
13,{e
13,80
13,has
13,<
13,K<
13,05
13,50
13,00
13,25
13,'5
13,r
13,85
13,Ahe
13,51
13,0
13,0
13,05
13,14
13,S
13,>
13,e
13,41
13,4
13, d
13,Diotecuoon
13,(onieei
13,8e7o
13,Fhere
13,ind
13,Poo
13,naaly
13,bcach
13,rghthand
13,be
13,beuer
13,really
13,Kbev `
13, 
13,barrelhne
13,plant
13,and
13,Ericeira
13,along
13,hen
13,anar
13,
13,unless
13,feaumeni
13,Souch
13,nsanc
13,aibeiras
13,barrele
13,dcep
13,oa
13,eventuanly
13,lenhander
13,quahty
13,(2m) `
13,Xert
13,Pph
13,Out
13,which
13,t
13,Fonly
13,( Yoce
13,awcome
13,ae
13,EUROPE
13,producing
13,Low
13,Jack
13,experts
13,n
13,making 
13,ecras
13,The
13,crowded .
13,an
13,and
13,swell.
13,ror
13,"Rock),"
13,"hollow,"
13,qualiry
13,Isharp
13,nentas
13,Falways 
13,and
13,good
13,White
13,and ~
13,wave
13,extremely
13,"""botrom"
13,and
13,harbour
13,some
13,have
13,"wave,"
13,rocky
13,"town,"
13,Vugal
13,can
13,inside
13,Ericeira
13,the
13,Norre
13,'rides =
13,short
13,with
13,bay
13,when
13,reef
13,rivermouth
13,(Am) .
13,especially
13,classic
13,shortage
13,1 2fr
13,rivermouth
13,Numerous
13,"Haawani,"
13,such
13,north
13,rideable
13,has
13,small
13,is
13,Waves
13,Enceira
13,with
13,ith
13,and
13,"Beach,"
13,centre
13,than's
13,(19m1)
13,classy
13,surfing
13,play
13,class
13,neadlands
13,quite
13,ourenco
13,Peaiche.
13,Sunset
13,the
13,point
13,orld
13,3okm
13,eli
13,Portuguese
13,dered
13,doesn €
13,ocentrauon
13,protection
13,nght
13,2e 
13,1[o
13,S40
13,Mere
13,hkened
13,Slofmy
13,heavy
13,Lnsbon .
13,he
13,1asbons
13,6e2 
13,wind
13,been
13,favour
13,biy
13,and
13,quahy
13,vpical
13, n
13,0ret/
13,1
13,end
13,10mn
13,72ni
13,1
13,e
13,anly
13,"Iene"""
13,1ani  
14,<
14,An€
14,0
14,e
14,8
14,28
14,01
14,08
14,6
14,9
14,20
14,"2"""
14,9
14,e
14,388
14,e
14,e
14,80
14,4
14,K<
14,05
14,10
14,15
14,V
14,p0
14,As
14,05
14,Ahc
14,n
14,8
14,05
14,O
14,N
14,Ahe
14,>
14,on
14,5
14,4
14,00nicei
14,ne7oin
14,proes
14,There
14,wind
14,Poot
14,'io
14,bcach
14,Oghthand
14,bruer
14,really
14,Kiben `
14,barrellne
14,plant '
14,And
14,Ericeira
14,along
14,hen
14,auhan
14,1
14,unless
14,(eatinent
14,Souch
14,inanc
14,aloaira{
14,barrels
14,dcep
14,6oa
14,eventualy
14,n
14,quahity
14,m
14,Ser
14,Out
14,which
14,Yer
14,(one
14,only
14,awcome
14,nor
14,Wavc
14,producing
14,EUROPE
14,Low
14,expefis
14,uneven
14,Jack
14,making=
14,decre 
14,The
14,crowded
14,Kand
14,swell.
14,ror
14,Rock)
14,"hollow,"
14,qualiry
14,nentas
14,sharp
14,and
14,always .
14,good
14,White
14,wave
14,extremely
14,'bottom
14,Fand
14,some
14,harbour
14,rocky
14,have
14,"wave,"
14,"town,"
14,ueal
14,can
14,Finside
14,Ericeira
14,the
14,Norte
14,rides
14,short
14,With
14,has
14,bay
14,when
14,reef
14,rivermouth
14,(4m) .
14,especially
14,classic
14,12fc
14,shortage
14,rivermouth
14,Numerous
14,s
14,"Hawaii,"
14,north
14,such
14,rideable
14,has
14,small
14,Waves
14,Eaccira
14,with
14,with.
14,"Beach,"
14,and
14,centre
14,thaan '
14,(19m1)
14,classy
14,surfing
14,class
14,play
14,dlands
14,ourenço
14,quite
14,Periche.
14,Sunset
14,ponnt
14,the
14,orld
14,(o
14,3okmn
14,saeli
14,ortuguese
14,consdered
14,doesn €
14,heas
14,Concentation
14,protecuon
14,night
14,{o21
14,Sao
14,Dl
14,mere
14,hkened
14,Stormy
14,heavy
14,oon
14,"1sbon,"
14,bfeak>
14,and
14,been
14,favour
14,oical
14,he
14,and
14,qualny
14,(69
14,91e11y
14,end
14,10un
14,(3i2ni
14,4
14,Tanly
14,81eieno 
14,1an1o
15,<
15,Ah€
15,
15,3
15,5
15,0r
15,61
15,0
15,ko<
15,29
15,21
15,ne
15,{e
15,e
15,80
15,K
15,4
15,05
15,50
15,25
15,95
15,0
15,p0
15,Ars
15,01
15,Ahe
15,11
15,2
15,0
15,05
15,16
15,n
15,Ahe
15,>
15,40<
15,41
15,46
15,4e
15,Pioteeuen
15,Joneton
15,(0niee
15,There
15,wind
15,Poo
15,Mais
15,beach
15,Vk
15,rRhthand
15,beuef
15,rcally
15,Kiben '
15,h 
15,barrelline
15,plani
15,along
15,Ericeira
15,aiha
15,hen
15,1
15,unless
15,Allbeira
15,Featient
15,Sonch
15,"insane ,"
15,chewe
15,barrek
15,Adcer
15,oa
15,eveniually
15,Ienhand
15,n
15,quahty
15,(2m) `
15,eri
15,Out
15,Yer
15,which
15,(ynae
15,only
15,awctone
15,noe
15,e
15,producing
15,EURoPE
15,Low
15,Uneyen.
15,Jack
15,Cxpefis
15,'making 
15,ccica
15,She
15,crowded
15,"and ,"
15,swell.
15,Rock)
15,hollows
15,qualiry
15,Asharp
15,Inentes
15,always 
15,ng
15,and
15,good
15,(White
15,and
15,wave
15,extremely
15,bottom
15,and
15,some
15,harbour
15,have
15,rocky
15,"wave,"
15,"town,"
15,Jgal
15,can
15,Finside
15,Ericeira
15,Norte
15,rides
15,short
15,With
15,~has
15,bay
15,when
15,rivermouth
15,reef
15,(Am) .
15,especially
15,classic
15,12ft
15,shortage
15,rivermouth
15,Numerous
15,"Haawani,"
15,north
15,rideable
15,such
15,has
15,small
15,Waves
15,with
15,Enccira
15,with.
15,"Beach,"
15,and
15,thans
15,centre
15,(19m1)
15,classy
15,surfing
15,class
15,play
15,Lourenço
15,neadlands
15,quite
15,Sunset
15,Periche.
15,point
15,the
15,orid
15,3okmn
15,~ell
15,Porruguese
15,doesn t
15,Considered
15,concentrauon
15,protection
15,r'ght
15,Sa0
15,3o21
15,n[o
15,mnere
15,hikened
15,stormy
15,heavy
15,Lnbon 
15,"14sbon,"
15,ocaks
15,and
15,been
15,avour
15,bis
15,Tpical
15,and
15,quahnty
15,"(,89"
15,pretty
15,Lhe
15,{end
15,10un
15,'08isieni
15,liny
15,famnly
15,@sieiene 
15,0i
15,1e1f1o
15,"181,,1'$"
16,<
16,Aoe
16,e
16,o
16,26
16,01
16,0
16,6
16,"08"""
16,9
16,29
16,21
16,e
16,e
16,80
16,KC
16,4
16,05
16,1o
16,05
16,1s
16,Vr
16,190
16,0
16,Ahe
16,50
16,2
16,0
16,05
16,16
16,S
16,>
16,pif'
16,41
16,46
16, d
16,Diotec toin
16,dngeton
16,Codice
16,Fhere
16,wind
16,Doo
16,Mio
16,bcach
16,oi
16,nxhthand
16,beucr
16,rcally
16,Kibei '
16,barrelline
16,And
16,plang
16,along
16,hen
16,Ericeira
16,aha
16,Ate{
16,Aibelra
16,unless
16,Souch
16,Insanc
16,teatmene
16,barrels
16,dcep
16,Goa
16,lenhander
16,eveniually
16,ppula
16,1n
16,quahty
16,ezl
16,(2m) `
16,Ou
16,Yer
16,which
16,(oat
16,awcsome
16,Uee
16,ae
16,producing
16,Lo
16,nen
16,EUROPE
16,expCfis
16,Jack
16,making
16,drcreas
16,She
16,crowded
16,Kand
16,tor
16,swell.
16,Rock)
16,hollow
16,qualiry
16,Asharp
16,"nehts"""
16,always
16,and
16,good
16,Whire
16,Kand
16,wave
16,extremely
16,bottom
16,harbour
16,and
16,some
16,Khe
16,Chave '
16,"wave,"
16,rocky
16,"town,"
16,(ugal
16,can
16,inside
16,Ericeira
16,Norte
16,rides
16,short
16,with
16,has
16,bay
16,when
16,rivermouth
16,reef
16,(4n1) .
16,especially
16,classic
16,12ft
16,shortage
16,rivermouth
16,Numerous
16,"Hawai'i,"
16,north
16,rideable
16,such
16,has
16,small
16,ics
16,waves
16,Erccira
16,With
16,with.
16,Beach
16,and
16,thavs
16,centre
16,(19m1)
16,classy
16,surfing
16,play
16,class
16,ourenço
16,ncadlands
16,quite
16,Sunset
16,Peiche?
16,ponnt
16,the
16,orld
16,3okm
16,Kell
16,Porruguese
16,doesn'€
16,coneidered
16,Concedlfation
16,protection
16,night
16,Sao
16,{ocr
16,n{o
16,mnere
16,hikened
16,Stofiny
16,heavy
16,Lusbon 
16,the
16,"1asbon,"
16,break >
16,ind
16,been
16,avour
16,vpical
16,be
16,and
16,qualy
16,(n9
16,Piei1y
16,Lne
16,{end
16,70un
16,0213ien
16,Lins
16,famly
16,"'esieleras,"
16,81i 0
16,70i
16,Iaffio
16,"518h,ons "
16,"06,80ndds"
16,o1nk
16,76011 /
16,@n
17,Ae
17,e
17,o
17,38
17,o
17,0
17,6
17,0
17,20
17,21
17,4
17,ne
17,e
17,80
17,4
17,KC
17,05
17,o
17,25
17,5
17,0F
17,90
17,915
17,05
17,4hé
17,10
17,05
17,05
17,O
17,Ar
17,>
17,31
17,1
17,6
17,L
17,Protecuon]
17,nmefon
17,(0nieei
17,2
17,Fhere
17,wind
17,Doo
17,bcach
17,ok 
17,beucr
17,rghthand
17,rcally '
17,Kiben '
17,barrelline
17,And
17,plan
17,alone
17,hen
17,Ericeira
17,auhas
17,unless
17,featmene
17,Souch
17,"insanc ,"
17,e
17,Alloeira
17,barrek
17,eer
17,Goa
17,eventuaily
17,ennn
17,quahty
17,Pru
17,e
17,(2m) 
17,Out
17,Yer
17,which
17,only
17,awcone
17,nde
17,ae
17,producing
17,Lon
17,Uneven
17,experts
17,EUROPE
17,Jack
17,'making
17,druav
17,he
17,crowded
17,Kand
17,swell.
17,tor
17,Rock)
17,hollow; -
17,qualry
17,Inentss
17,sharp
17,always _
17,and
17,good
17,Whire
17,Kand 
17,wave
17,extremely
17,bottom
17,and
17,(some
17,harbour
17,have
17,rocky
17,"wave,"
17,"rown,"
17,Ahe
17,FugAl
17,can
17,inside
17,Ericeira
17,Norte
17,rides =
17,short
17,with
17,has
17,bay
17,when
17,rivermouth
17,reef
17,(4m1 ) .
17,especially
17,classic
17,1 2ft
17,shortage
17,rivermouth
17,Numerous
17,Hawai'n
17,north
17,rideable
17,such
17,has
17,small
17,waves
17,With
17,Ericeira
17,with.
17,Beach
17,and
17,thav's
17,centre
17,(19m1 )
17,surfing
17,classy
17,class
17,play
17,ourenço
17,ncadlands
17,quite
17,Sunset
17,Penichea
17,point
17,the
17,orld
17,)
17,30km
17,4ell
17,Portuguese
17,doesn €
17,considered
17,oncentrauon
17,protection
17,night
17,S40
17,or
17,n{o
17,mnere
17,hkened
17,Stofiy
17,heavy
17,e
17,che
17,Lnsbon .
17,"Lisbon,"
17,breaks
17,and
17,been
17,Kavour
17,biy
17,voical
17,Gon
17,ahe
17,quahicy
17,nd
17,16as[
17,Dieily
17,Canhe
17,found
17,end
17,660cisieni
17,8v
17,(aliny
17,Tallly
17,sieleno 
17,€il
17,20i
17,1afio
17,"18h,ons "
17,"066,60n"
17,109
18,Ahé
18,o
18,o
18,08
18,6
18,384
18,29
18,9
18,ko<
18,ne
18,Ke
18,09
18,80
18,NE
18,N
18,05
18,o
18,05
18,15
18,M
18,p0
18,Als
18,05
18,n
18,40
18,56
18,05
18,1
18,NE
18,>
18,46e
18,51
18,2
18,2y
18,CE
18,protesuon)
18,(0nieei
18,nketon
18,Fhere
18,wind
18,0on
18,bcach
18,e
18,nghrhand
18,beucr
18,rcally
18,Kobei '
18,h
18,barrellne
18,plant
18,along
18,n
18,ahar
18,Ericeira
18,unles
18,teuient
18,Sonch
18,Insane 
18,Albaira
18,barrel
18,cer
18,6o
18,entuaily
18,in
18,quahcy
18,2462
18,Ienhas
18,(2m)
18,Ou
18,Ve
18,which
18,Ooae
18,onlys
18,awcomc
18,Wave
18,producing
18,Lon
18,unen
18,expefis
18,Jack
18,'making 
18,EURopE
18,Grcrav
18,The
18,ided .
18,Kand
18,swell .
18,Cfowe
18,Rock)
18,hollows =
18,qualiry
18,Asharp
18,neht
18,always
18,and
18,good
18,and
18,White
18,wave
18,extremely
18,(botrom
18,harbour
18,and
18,some
18,Chave'
18,rocky
18,"wave,"
18,towns
18,ugal
18,inside
18,Ericeira
18,the
18,Norte
18,rides
18,short
18,With
18,has
18,bay
18,when
18,rivermouth
18,reef
18,(4m) .
18,especially
18,1 2ft
18,classic
18,shortage
18,rivermouth
18,Numerous
18,"Hlawaii,"
18,north
18,rudeable
18,such
18,has
18,small
18,waves
18,che
18,With
18,Erceira
18,with.
18,"Beach,"
18,and
18,than <
18,centre
18,(19m1)
18,classy
18,surfing
18,play
18,class
18,Lourenço
18,hcadlands
18,quite
18,Sunset
18,Peniches
18,ponnt
18,the
18,wvorld
18,3okm
18,Portuguese
18,doesn t
18,4ell
18,considered
18,oncentranon
18,nght
18,protection
18,Sa0
18,{ocky
18,1n[o
18,mnere
18,hikened
18,storiy
18,heavy
18,ells
18,the
18,Lsbon
18,"Lisbon,"
18,breaks
18,and
18,been
18,Kavour
18,biy
18,Iypical
18,Gom
18,and
18,qualty
18,Dieuy
18,(6as
18,'enahe
18,end
18,Toun
18,Ve
18,n
18,Janlly
18,(aciny
18,vesielena 
18,21 0
18,80i
18,Banio
18,Alenpng
18,ishaoanvs
18,8680/s
18,"',1nk"
18,One
18,301v/
19,4h€
19,4~
19,o
19,38
19,51
19,3r
19,68
19,29
19,0
19,Ie
19,80
19,K<
19,4
19,05
19,1
19,05
19,5
19,Vr
19,90
19,05
19,Ahe
19,11
19,40
19,05
19,9
19,o5
19,16
19,N
19,o
19,>
19,5
19,14
19,2
19,0
19,Ae
19,126y
19,Pfotecte
19,wind
19,Rn
19,bk
19,nghrhand
19,beuer
19,rcally
19,Kbens
19,barrellne
19,ane
19,pln
19,along
19,Chen
19,{
19,Ericeira
19,unless
19,South
19,inanc
19,chne
19,alaeha
19,fCatdeoi
19,bariel
19,cer
19,Q
19,evenually
19,quahtys
19,34e
19,(2m) 
19,Out
19,which
19,only-
19,1
19,awcome
19,wavc
19,producing
19,o
19,unrea
19,Expefis
19,Jack
19,making
19,EUROPE
19,The
19,Qe8e4
19,crowded.
19,"and ,"
19,swell.
19,kor
19,"Rock),"
19,hollow -
19,qualry
19,neht
19,Asharp
19,always
19,and
19,good
19,and 
19,(White
19,wave
19,extremely
19,botrom
19,harbour
19,and
19,some
19,the
19,have -
19,rocky
19,"wave,"
19,"rown,"
19,ugA
19,can
19,inside
19,Ericeira
19,rhe
19,Norte
19,rides
19,short
19,With
19,~has
19,bay
19,when
19,rivermouth
19,(4m) .
19,reef
19,especially
19,12ft
19,classic
19,shorrage
19,rivermouth
19,Numerous
19,"Hawani,"
19,north
19,rdeable
19,such
19,has
19,small
19,Fits
19,waves
19,With
19,Ericeira
19,"Beach,"
19,with.
19,and
19,thar's
19,centre
19,(19m1)
19,classy
19,surfing
19,play
19,class
19,Lourenço
19,headlands
19,quite
19,Sunset
19,Peniche.
19,point
19,rhe
19,world
19,30km
19,Portuguese
19,swvell
19,considered
19,concentraton
19,doesn'
19,right
19,prorection
19,in
19,Sao
19,{ock;
19,Anto
19,hkened
19,mere
19,stormy
19,heavy
19,ells
19,the
19,Lisbon
19,"Laisbon,"
19,oreaks
19,wind
19,been
19,Kavour
19,Can
19,bg
19,typical
19,Grom
19,he
19,quahiry
19,and
19,Fpretty
19,60as[
19,"b,v€"
19,Yennche
19,roune
19,Jend
19,"9923,"
19,(omcieni
19,famly
19,acinf
19,pasteleras
19,Fi6e10
19,799i
19,Bano
19,6ve6
19,1snon'
19,"9n6,ta8ons"
19,'tink
19,4
19,"180,611v"
19,0n
19,0261/
19,10n
19,auin
20,Ae
20,<
20,81
20,o
20,vr
20,68
20,C
20,20
20,358
20,9
20,kos
20,[388
20,e
20,ne
20,80
20,4
20,KC
20,05
20,o
20,05
20,5
20,Vr
20,01
20,1
20,40
20,05
20,P
20,05
20,O
20,SL
20,or
20,>
20,35
20,4o
20,(2/y
20,by
20,dngefunt
20,Pfoe
20,ahe
20,Ther
20,ind
20,5on
20,rghrhand
20,bcucr
20,rcally
20,Kobena
20,barrellng
20,plang
20,alons
20,aMhan
20,Nter
20,Ericeira
20,South
20,nanc
20,unlese
20,Teatdeni
20,ckne
20,aibeha
20,barrche
20,Acer
20,Gor
20,evenually
20,an
20,quahty
20,c
20,(2m) 
20,e
20,ret
20,Ou
20,which
20,only
20,awcome
20,a
20,e
20,producing
20,L
20,n
20,CxpCfIS
20,Jack
20,making
20,EUROPE
20,SChe
20,crowded.
20,Goeen
20,swell .
20,"Rock), ="
20,hollows 
20,'qualry
20,nehtee
20,sharp
20,Falways
20,and
20,good
20,(Whire
20,wave
20,extremely
20,botrom
20,harbour
20,and
20,some
20,Khe
20,Lhave
20,"wave,"
20,rocky
20,"town,"
20,ugal
20,can
20,Finside
20,Ericeira
20,Norte
20,rides
20,short
20,With
20,has
20,bay
20,when
20,rivermouth
20,(Am) .
20,reef
20,especially
20,1 2ft
20,classic
20,shortage
20,rivermouth
20,Numerous
20,Hawai 
20,north
20,no
20,rideable
20,such
20,has
20,small
20,Jts
20,the
20,waves
20,with
20,Ericeira
20,"Beach,"
20,with.
20,and
20,thacs
20,centre
20,(19m1)
20,classy
20,surfing
20,class
20,Lourenço
20,play
20,dlands
20,quite
20,Sunset
20,Penichea
20,point
20,the
20,orld
20,30km
20,Portuguese
20,swell
20,considered
20,hcas
20,concentration
20,docsn'
20,Tight
20,prorection
20,n
20,Sao
20,{ock;
20,hkened
20,)
20,mere
20,stormy
20,heavy
20,ells
20,che
20,Lsbon
20,"Lisbon,"
20,Horeaks
20,wand
20,been
20,avour
20,Can
20,"bg,"
20,Wpleal
20,rom
20,he
20,and
20,quality
20,Dieuy
20,60as[
20,"b,v€"
20,Yeniche
20,Toun
20,tend
20, 
20,(5omcien
20,taltly
20,(aciny
20,paseleno 
20,Sells
20,Ffiee10
20,e0i
20,Manio
20,0
20,1ve1/
20,1isbon's
20,Ahoanisonehs
20,Ahe
20,0n0
20,98ai1/
20,160160
20,091
21,<
21,Ah€
21,8N
21,e
21,81
21,88
21,o
21,0r
21,68
21,29
21,806
21,9
21,Kos
21,Ane
21,e
21,80
21,K<
21,4
21,05
21,50
21,25
21,15
21,Vr
21,As
21,es
21,01
21,11
21,40
21,rbe
21,05
21,P
21,0
21,1
21,N
21,Jor
21,>
21,55
21,4o
21,Ae
21,64/7
21,Pfoee t
21,Cnie
21,her
21,wind
21,Donf
21,bcach
21,rghrhand
21,bencr
21,rcally
21,Kobens
21,Cb 
21,plan
21,barter
21,along
21,Ericeira
21,unlese
21,inanc
21,aloeiar
21,fCaueni
21,Soneh
21,barrclo
21,Adeer
21,Q
21,eveniually
21,quahty
21,(2m)
21,Neri
21,P
21,Oul
21,1
21,which
21,Fonly
21,awcsome
21,wavc
21,producing
21,L
21,experis
21,once
21,Jack
21,Amaking
21,EuRopE
21,The
21,Gore
21,and
21,swell
21,Crow(
21,"Rock),"
21,"hollow,"
21,qualiry
21,sharp
21,nehy
21,Falways 
21,and
21,good
21,Whre
21,wave
21,an
21,extremely
21,bottom
21,harbour
21,and
21,some
21,have
21,"wave,"
21,rocky
21,"rown,"
21,ugl
21,can
21,Finside
21,Ericeira
21,he
21,Norte
21,rides
21,short
21,with
21,~has
21,bay
21,when
21,rivermouth
21,(4m) .
21,reef
21,especially
21,1 2ft
21,classic
21,shortage
21,rivermouth
21,Numerous
21,"Hawaii,"
21,north
21,rideable
21,no
21,such
21,has
21,small
21,rhe
21,with
21,"Beach,"
21,Ericeira
21,with.
21,Wav
21,thats
21,and
21,centre
21,(19m1)
21,classy
21,surfing
21,class
21,Lourenço
21,play
21,quite
21,headlands
21,Sunset
21,point
21,"Peniche,"
21,world
21,30km
21,Portuguese
21,swvell
21,considered
21,concentration
21,doesn'
21,right
21,protection
21,in
21,Sao
21,rocy
21,hkened
21,into
21,mere
21,aniic
21,stormy
21,heavy
21,saells
21,the
21,Lisbon
21,23 
21,"Lisbon,"
21,oreaks
21,wind
21,been
21,avour
21,can
21,"big,"
21,typiecal
21,trom
21,ne
21,quahity
21,and
21,pretty
21,Coas[
21,bave
21,iound
21,iche
21,enid
21,"18ves,"
21,Codmislen
21,famtly
21,(aciny
21,pasteleras
21,Fo6e10
21,ells
21,Ve0i
21,Maio
21,Baviengng
21,nven/
21,shoanys
21,"4h6,6i80n1]s"
21,"',ink"
21,"46,"
21,"151686v,"
21,107e
21,0611
21,92061/
21,06i
21,7
22,An€
22,4~
22,0
22,(
22,88
22,o
22,6
22,(
22,(
22,20
22,9
22,Je
22,Ie
22,80
22,K
22,4
22,05
22,10
22,95
22,Vr
22,05
22,90
22,Vs
22,0
22,11
22,40
22,0
22,05
22,10
22,ME
22,or
22,>
22,56
22,4o
22,""""
22,6
22,Ane
22,Pvoee 9
22,Ongeto
22,Tnere
22,wind
22,6tn
22,bcach
22,nghthnd
22,beuer
22,rcally
22,Kabev '
22,barrelh
22,plan
22,aihan
22,along
22,Ericeira
22,alocta
22,unless
22,South
22,"nsane ,"
22,Cauiueoi
22,Darreie
22,dcep
22,6ax
22,eveniuanly
22,quahty 
22,7e
22,(2m)
22,Oul
22,7e9
22,which
22,only
22,awcome
22,UP
22,wavc
22,producing
22,L
22,unc7en
22,Cxpctue
22,Jack
22,making
22,EuRopE
22,She
22,Gcerez
22,crowded
22,Fand
22,Kor
22,swell
22,Rock)
22,hollow;
22,'qualry
22,nen
22,sharp
22,Falways
22,and
22,good
22,Whire
22,wave
22,extremely
22,~bottom
22,harbour
22,and
22,some
22,Ahe
22,have
22,rocky
22,"wave,"
22,"town,"
22,TugAl
22,can
22,inside
22,Ericeira
22,Norte
22,rides
22,short
22,with
22,has
22,bay
22,when
22,rivermouth
22,(Am) .
22,reef
22,especially
22,1 2ft
22,classic
22,shortage
22,rivermouth
22,Numerous
22,"Hawaii,"
22,north
22,rideable
22,such
22,has
22,small
22,the
22,waves
22,with
22,"Beach,"
22,Ericeira
22,with.
22,thar's
22,and
22,centre
22,(19m1)
22,classy
22,surfing
22,Lourenço
22,class
22,play
22,Sunset
22,headlands
22,quite
22,point
22,eniche.
22,the
22,world
22,30km
22,doesn t
22,Portuguese
22,swvell
22,considered
22,concentration
22,nght
22,protection
22,Sao
22,en)
22,hikened
22,rocky
22,in{o
22,mere
22,lanric
22,stofmy
22,heavy
22,swells
22,the
22,Lisbon.
22,2?
22,Lisbon
22,breaks
22,wind
22,been
22,tavour
22,can
22,22
22,"big,"
22,typical
22,trom
22,quahicy
22,he
22,and
22,21 2
22,prety
22,Coas(
22,have
22,roune
22,eniche
22,tena
22,"Maves,"
22,Consisien
22,amly
22,poselena 
22,(acink
22,Mceno
22,Nells
22,7e0i
22,Waio
22,hallenmng
22,Cueh
22,06i
22,"""vel/"
22,Lsbon's
22,0n0n80nds
22,'tnk
22,"46,"
22,'807e
22,1s00t
22,ules
22,01i
22,0
22,6nes
22,92011/
22,"66e81,"
22,2611n
22,"36n10,"
23,<
23,Yei
23,4he
23,8
23,6
23,0r
23,2
23,0
23,Se
23,80
23,K<
23,4
23,05
23,o
23,12
23,Vr
23,25
23,Ss
23,05
23,10
23,05
23,05
23,KO
23,N
23,"1"""
23,>
23,56
23,1
23,61
23,Ane
23,PfM
23,ind
23,66n
23,brach
23,Oghrhand
23,fCamly
23,Kihen
23,plan
23,along
23,aie
23,Ericeira
23,aloehro
23,nke
23,Soneh
23,inene 
23,(Cateoi
23,Darrcie
23,ee
23,8*
23,evenivally
23,an
23,quahitya
23,lenhatr
23,(2m)
23,0ui
23,which
23,onlye
23,awctome
23,Wavc
23,producing
23,Lo
23,expCfl
23,Cmaking
23,Jack
23,une
23,EURoPE
23,ne
23,crowded
23,Gectee
23,Fand
23,swell 
23,for
23,Rock)
23,hollow;
23,quahry
23,shafp
23,nehe
23,Falways
23,and
23,good
23,Whire
23,wave
23,extremely
23,bortom
23,harbour
23,some
23,and
23,Ihe
23,have
23,rocky
23,"town,"
23,"wave,"
23,Ahe
23,can
23,inside
23,Tugal
23,Ericeira
23,Norte
23,rides 
23,short
23,With
23,~has
23,bay
23,when `
23,rivermouch
23,(Am) .
23,reef
23,especially
23,1 2ft
23,classic
23,shortage
23,rivermouth
23,Numerous
23,"Haawaii,"
23,north
23,rideable
23,no
23,such
23,Chas
23,small
23,the
23,waves
23,with
23,Beach
23,Ericeira
23,with.
23,and
23,that'
23,centre
23,(19m1)
23,classy
23,surfing
23,Lourenço
23,class
23,play
23,quite
23,Sunset
23,headlands
23,point
23,Peniche-
23,the
23,world
23,ro
23,30km
23,ortuguese
23,doesn€
23,swvell
23,considered
23,concentration
23,Tight
23,protection
23,São
23,Zich
23,Jikened
23,rocky
23,anto
23,mere
23,lanric
23,stormny
23,heavy
23,ells
23,the
23,Lisbon
23,"Lisbon,"
23,"""Ps,"
23,breaks
23,wind
23,been
23,avour
23,can
23,"big,"
23,22
23,typical
23,irom
23,qualicy
23,he
23,and
23,pretty
23,Coast
23,have
23,Tound
23,Peniche
23,tend
23,"Waves,"
23,Consisienl
23,fahely
23,~pasteleras
23,(acig
23,Foceno
23,Ye0i
23,Manno
23,Wells
23,CC{
23,challengng
23,auth
23,6u
23,"""vei/"
23,Usdon's
23,houisanels
23,aohok
23,40
23,"1s0o,n"
23,(68e
23,fules
23,0n
23,0
23,2ne8
23,nearh/
23,60e8v
23,90n1e
23,06
23,4
23,Nuahoe e
23,6988s
24,<
24,0e
24,ano
24,88
24,81
24,6
24,0
24,48
24,9
24,80
24,V<
24,4
24,05
24,1
24,95
24,Vr
24,25
24,As
24,05
24,Ahe
24,111
24,05
24,05
24,KO
24,A
24,Jr
24,05
24,1
24,}
24,Pov
24,wind
24,Pn
24,Fach
24,Oghrhand
24,fFMly
24,Gh<
24,plane
24,along
24,Ericeira
24,ahey
24,unlcs
24,Sotth
24,Cateol
24,nean
24,Dacick
24,Fdcep
24,evenvalh
24,qualaty
24,(2m
24,0uf
24,hich
24,onlys
24,aweioine
24,Vavc
24,producing
24,o
24,Cxpcrl
24,making
24,Jack
24,unet
24,EUROPE
24,The
24,crowded
24,Gecie)
24,and
24,for
24,swell
24,Rock)
24,hollows
24,sharp
24,quahry
24,always
24,and
24,good
24,(whire
24,wave
24,extremely
24,bortom
24,harbour
24,and
24,some
24,Ahe
24,have
24,"town,"
24,rocky
24,"wave,"
24,Ahe'
24,can
24,inside
24,ugaL
24,Ericeira
24,Ahe
24,Norte
24,rides 
24,short
24,with
24,has
24,bay
24,when `
24,rivermouch
24,(4m) .
24,reef
24,especially
24,1 2ft
24,classic
24,shortage
24,rivermouth
24,Numerous
24,"Haawaii,"
24,north
24,rideable
24,no
24,such
24,has
24,small
24,waves
24,with
24,"Beach,"
24,Ericeira
24,with.
24,thacs
24,and
24,centre
24,(19m1)
24,classy
24,surfing
24,Lourenço
24,class
24,play
24,Sunset
24,qunte
24,headlands
24,point
24,Peniche-
24,"""the"
24,world
24,{o
24,30km
24,doesn't
24,ortuguese
24,swell
24,considered
24,concentration
24,rght
24,protection
24,São
24,Zirh
24,hikened
24,rocky
24,into
24,mere
24,lanric
24,stormy
24,heavy
24,ells
24,the
24,Lisbon.
24,"Lasbon,"
24,"2?s,"
24,breaks
24,wind
24,been
24,avour
24,can
24,ahe
24,"big,"
24,typical
24,iroi
24,quality
24,he
24,and
24,2212
24,27€
24,pretty
24,coast
24,ne
24,roune
24,Peniche
24,tend
24,"maves,"
24,Consisten[
24,Tamly
24,osielena 
24,(acing
24,cen0
24,Mells
24,e0i
24,Bamo
24,Stn
24,S0
24,challenmng
24,Dui =
24,cuth
24,hvely
24,Misdons
24,1n0usans
24,Mvink
24,60u
24,"1s06,t ,"
24,Cuiiuie
24,he
24,fules
24,1
24,0n
24,nes
24,neath/
24,6u8e1
24,3801no
24,0n
24,/
25,<
25,88
25,0
25,6
25,20
25,9
25,42
25,Ane
25,Ke
25,80
25,C
25,4
25,05
25,o
25,12
25,V
25,45
25,9o
25,Vls
25,05
25,ah€
25,10
25,<0
25,05
25,o
25,1
25,N<
25,Jor
25,55
25,10
25,4
25,}
25,6
25,ind
25,Oghrhana
25,fcsly
25,hc
25,Kobs
25,plan
25,along
25,Ericeira
25,Aloaha
25,unless
25,Otdcol
25,South
25,Inene _
25,dcep
25,cvenoalb
25,tCs
25,quahty
25,(2m)
25,0ut
25,which
25,onlya
25,awcioinc
25,uP
25,Vave
25,producing
25,Cperi
25,Jack
25,Lo
25,making
25,The
25,EURopE
25,crowded
25,Guie]
25,and
25,Sor
25,swell
25,Rock)s
25,hollows
25,harp
25,qualry
25,always
25,and
25,Enod
25,(Whire
25,ave
25,extremely
25,~botrom
25,and
25,harbouz
25,some
25,rocky
25,Chave
25,"wave,"
25,towns
25,can
25,inside
25,PortugAl
25,Ericeira
25,Ahe
25,Norte
25,rides
25,short
25,With
25,has
25,bay
25,when 
25,rivermouth
25,(4m) .
25,reef
25,especially
25,1 2ft
25,classic
25,shortage
25,rivermouth
25,"Hawaii,"
25,Numerous
25,north
25,rideable
25,such
25,has
25,small
25,waves
25,"Beach,"
25,with
25,Ericetra
25,wich.
25,thar'
25,and
25,centre
25,(19m1)
25,classy
25,surfing
25,Lourenço
25,class
25,play
25,Sunset
25,qunte
25,dlands
25,point
25,eniche-
25,rhe
25,world
25,30km
25,F
25,Portuguese
25,swell
25,considered
25,heaç
25,concentration
25,docsn'
25,right
25,protection
25,São
25,ith
25,hikened
25,rocky
25,mere
25,into
25,lanuic
25,stormy
25,heavy
25,swells
25,the
25,Lisbon.
25,"Lisbon,"
25,LPs.
25,breaks
25,wind
25,been
25,avour
25,can
25,{he
25,"big,"
25,typlcal
25,quality
25,rom
25,the
25,and
25,Eaceir2
25,pe
25,pretty
25,Coast
25,have
25,roune
25,Peniche
25,end
25,"Waves,"
25,Consistcn[
25,lamrly
25,paetelenkaa
25,acing
25,(ai
25,Aolcenca
25,swells
25,e0n
25,naino
25,3o
25,challenging
25,south
25,Do
25,Mvely
25,1shons
25,1housans
25,chehosk
25,905
25,Lisbon
25,Culiuge
25,he
25,Tules
25,be
25,0na
25,80n
25,9t
25,unenes
25,n8011/
25,61861
25,"10867e6uno,"
25,"91n6n6,"
25,rns
25,6o10
25,Ioncoo
26,<
26,0
26,8
26,0
26,661
26,0
26,1 5
26,2
26,0
26,1o<
26,4
26,e
26,e
26,80
26,Ir has
26,4
26,0f
26,10
26,5
26,uF
26,25
26,9o
26,Trs
26,05
26,ahc
26,90
26,40
26,0
26,01
26,(
26,N<
26,Ahe
26,e
26,>
26,pe
26,05
26,o
26,31
26,Ae
26,1
26,0
26,7
26,Rhhond
26,Tclly
26,thc
26,plan
26,uha
26,Ericeira
26,Albawa
26,nles
26,Muncn
26,Soueh
26,deep
26,quahty
26,(2nn)
26,6ut
26,htch
26,only
26,aCioin
26,Vave
26,producing
26,Ceperi
26,Jack
26,mating
26,EUROPE
26,Ehe
26,crowded
26,Kand
26,"swell ,"
26,Kock)s
26,Chollows
26,sharp
26,aualry
26,always
26,and
26,goxa
26,(Whire
26,Wave
26,extrcmely
26,~botrom
26,and
26,some
26,harpoua
26,Chave
26,waves
26,rocky
26,rowns
26,can
26,inside
26,RtugAL
26,Ericeira
26,che
26,Norre
26,rides
26,short
26,With
26,bay
26,when
26,rivermouch
26,(4m) .
26,reef
26,especially
26,1 2ft
26,classic
26,shortage
26,rivermouth
26,Numerous
26,Hawaiu
26,north
26,rideable
26,such
26,has
26,small
26,waves
26,with
26,Beach.
26,Ericeira
26,with.
26,that'
26,and
26,centre
26,(19m1)
26,classy
26,surfing
26,Lourenço
26,class
26,play
26,Sunset
26,quite
26,headlands
26,point
26,"eniche,"
26,rhe
26,world
26,30km
26,Portuguese
26,doesn'
26,swell
26,considered
26,concentration
26,right
26,protection
26,São
26,With
26,hikened
26,mnere
26,cocky
26,into
26,iclanuic
26,stormy
26,heavy
26,swvells
26,Lisbon.
26,"Lisbon,"
26,"2Ps,"
26,breaks
26,wind
26,been
26,favour
26,can
26,in€
26,big;
26,ypical
26,qualiry
26,trom
26,and
26,i€
26,Encetra
26,pretty
26,coast
26,ave
26,roune
26,eniche
26,tend
26,"Wavey,"
26,Consislen[
26, fanly
26,paslelenav
26,acing
26,Ficeia
26,8
26,swells
26,Ys0i
26,Maitio
26,challengis
26,south
26,Dul _
26,vely
26,1sbons
26,ousans
26,chrhnk
26,96
26,"Usdon,"
26,Culiuge
26,he
26,"Tules,"
26,be
26,0n
26,and
26,0i
26,76enes
26,n8011
26,81/2618
26,"8086/e81no,"
26,"30416,"
26,62716i
26,709141
26,(1
26,10/
26,Mus:
26,0n<
26,66n9
26,4008762avien
26,ocales 
26,"086,12*"
27,an€
27,8
27,9
27,66t
27,0r
27,15
27,9
27,4os
27,6
27,4
27,e
27,Ke
27,e
27,80
27,has
27,4
27,C
27,1
27,5
27,uF
27,5
27,Als
27,05
27,21
27,<0
27,05
27,05
27,(0
27,5
27,oe
27,56
27,10
27,4
27,1
27, 
27,nshhand
27,Rub
27,plan
27,Ericeira
27,aloewar
27,tCauen
27,56tth
27,Ueep
27,quahty.
27,(2o )
27,Cut
27,htch
27,only
27,an
27,Vave
27,producing
27,€xpeu
27,Jack
27,mading
27,EuRopE
27,The
27,an
27,crowded
27,and
27,swell
27,Kock)
27,hollows
27,harp
27,qualy
27,always
27,and
27,(Whire
27,good
27,extremnely
27,Wave
27,bottom
27,Fand
27,ome
27,harpou
27,rocky
27,have
27,waves
27,towns
27,can
27,inside
27,Fortugal
27,Ericeira
27,Norte
27,rides
27,short
27,with
27,bay
27,when 
27,rivermouch
27,(4m) .
27,reef
27,especially
27,of
27,1 2ft
27,classic
27,shortage
27,rivermouth
27,Numerous
27,Hawaiu
27,north
27,rideable
27,no
27,such
27,has
27,small
27,che
27,waves
27,with
27,Beach
27,Ericetra
27,wich.
27,thac'
27,and
27,centre
27,(19m1)
27,classy
27,surfing
27,Lourenço
27,class
27,play
27,Sunset
27,headlands
27,quite
27,point
27,"Peniche,"
27,the
27,world
27,30km
27,doesn't
27,Portuguese
27,considered
27,swell
27,concentration
27,right
27,protection
27,São
27,hkened
27,irh
27,rocky
27,inro
27,mere
27,itlanuc
27,stormy
27,heavy
27,ells
27,che
27,Lisbon
27,"Lisbon,"
27,"LPs,"
27,breaks
27,wind
27,been
27,favour
27,can
27,"big,"
27,ne
27,typlcal
27,rom
27,quality
27,the
27,and
27,Enceifa
27,81372
27,pretty
27,Coast
27,nave
27,roune
27,Peniche
27,tend
27,"Waves,"
27,Consisten[
27,lanly
27,pastelerkaa
27,Kacing
27,U
27,Fricena
27,swells
27,Yeai
27,Maiio
27,3a
27,S0n1 
27,challenging
27,south
27,Dul ^
27,hvely
27,1shonvs
27,houecnneie
27,4nnk
27,46
27,Culime
27,1isbon
27,ules.
27,he
27,but
27,80n
27,0n4
27,an4
27,nuoenes
27,0
27,61 
27,neath/
27,81861
27,"80i2ie6uno,"
27,910n 0
27,61
27,4001
27,n
27,aava
27,Jocolaa
28,ah€
28,88
28,40
28,0r
28,6
28,88
28,9
28,Ne
28,e
28,e
28,80
28,NC
28,4
28,05
28,1
28,'5
28,Vr
28,9o
28,Als
28,05
28,ahe
28,1
28,20
28,0
28,05
28,1
28,S
28,oe
28,>
28,51
28,4o
28,81
28,An
28,14
28,Te Mly
28,Kal
28,plang
28,Ericeira
28,South
28,Ueep
28,quahty-
28,0
28,(2o
28,0ut
28,hch
28,6667
28,n
28,producing
28,Crpetu
28,Jack
28,mazin
28,EURoPE
28,Fhe
28,crowdce
28,swell
28,e
28,Rock)
28,hollows
28,sharp
28,always
28,and
28,Enod
28,(hre
28,Wave
28,extremely
28,bottom
28,and
28,harbouss
28,ome
28,have
28,waves
28,rocky
28,towns
28,PoRtUgAL
28,can
28,inside
28,Ericeira
28,Norre
28,rides 
28,short
28,with
28,has
28,bay
28,when
28,rivermouth
28,(4m) .
28,reef
28,especially
28,1 2ft
28,classic
28,shortage
28,rivermouth
28,Numerous
28,"Hawaii,"
28,as
28,north
28,rideable
28,such
28,has
28,small
28,waves
28,With
28,"Beach,"
28,Ericeira
28,Wich.
28,thar's
28,and
28,centre
28,(19m1)
28,classy
28,surfing
28,Lourenço
28,class
28,play
28,quite
28,Sunset
28,headlands
28,point
28,"Peniche,"
28,che
28,world
28,30km
28,doesn't
28,ortuguese
28,swell
28,considered
28,concentration
28,night
28,protection
28,São
28,irh
28,hkened
28,rocky
28,mere
28,inro
28,ilantic
28,stormy
28,heavy
28,swvells
28,Athe
28,Lisbon.
28,"Lisbon,"
28,upss
28,breaks
28,wind
28,been
28,favour
28,n
28,Se
28,ine
28,bip?
28,typlcal
28,trom
28,quality
28,the
28,and
28,Esceia
28,nape
28,pretly
28,Coast
28,have
28,roune
28,eniche
28,tend
28,Waves
28,Consisten[
28,Iamly
28,pasteleras
28,Kacing
28,Uno
28,cehea
28,smells
28,YFai
28,Marclo
28,challenging
28,south
28,nvety
28,Dui `
28,Ashonvs 
28,1honsans
28,Mnnk
28,49
28,"11s0on,"
28,Tules
28,Culiue
28,but
28,600
28,16
28,0f
28,an4
28,0unnes
28,00i
28,a
28,nearhy
28,60881
28,"801i2811n6,"
28,9117 
28,09u
28,4611
28,06i
28,844i0e/
28,0ne
28,1ocal
28,"0, $"
28,40
28,126nutinn
28,8n6f
29,0
29,An
29,C
29,88
29,os
29,46
29,8
29,9
29,e
29,80
29,K
29,4
29,0
29,o
29,s
29,Vr
29,9lf
29,05
29,hc
29,90
29,20
29,khe
29,05
29,06
29,1
29,SE
29,oe
29,402
29,65
29,4o
29,61
29,Ane
29,en
29,4
29,7
29,19
29,10
29,na
29,and
29,Tcslly
29,Kob
29,plan
29,along
29,Ericeira
29,Sooth
29,ntne _
29,Ucep
29,quahty.
29,Out
29,hch
29,u8y
29,up
29,n
29,Producing
29,ack
29,Croetu
29,making
29,EURopE
29,Fhc
29,ed
29,swell
29,6
29,Cfowe
29,Rock)
29,hollow
29,sha p
29,and
29,always
29,Eood
29,(Whire
29,W2e
29,extremety
29,bortom
29, harbouz/
29,and
29,ome
29,Ahe
29,waves
29,rocky
29,Chavc
29,towns
29,Ortugal
29,can
29,inside
29,Ericeira
29,che
29,Norre
29,rides
29,short
29,With
29,Chas
29,bay
29,when
29,rivermouth
29,(4m) .
29,reef
29,especially
29,1 2tt
29,classic
29,shortage
29,rivermouth
29,"Hawaii,"
29,Numerous
29,as
29,north
29,rideable
29,no
29,such
29,has
29,small
29,waves
29,With
29,"Beach,"
29,Ericeira
29,Wich.
29,thar's
29,and
29,centre
29,(19m1)
29,surfing
29,classy
29,Lourenço
29,class
29,play
29,Sunset
29,quite
29,headlands
29,point
29,"Peniche,"
29,world
29,30km
29,Portuguese
29,swell
29,considered
29,concentration
29,doesn'
29,right
29,protection
29,São
29,ath
29,hkened
29,rocky
29,into
29,mere
29,itlantic
29,stormny
29,heavy
29,swells
29,the
29,Lisbon
29,"Lisbon,"
29,"1ps,"
29,breaks
29,wind
29,been
29,favour
29,an
29,bigv
29,yplcal
29,romn
29,quality
29,the
29,and
29,Erceifa
29,shape
29,pretty
29,coast
29,have
29,round
29,Peniche
29,tend
29,Waves
29,Consisten[
29,lamly
29,tacing
29,"pastelerlas,"
29,Uno
29,cehea
29,swells
29,Mamno
29,Yeai
29,EC
29,challenging
29,south
29,Dui =
29,hven
29,shonvs
29,10onsans
29,Munk
29,465
29,Culim
29,1is0on
29,ules
29,bu
29,10n
29,0i
29,ona
29,0ni
29,006enes
29,a
29,70
29,nearhy
29,ie
29,"808e18811n6,"
29,"3166670,"
29,",87181"
29,1d
29,01
29,9460/
29,0ne
29,16/9i
29,ovdon
29,1ocal
29,"1, |"
29,Aone
29,0a
30,8
30,8
30,3
30,66
30,3r
30,15
30,8
30,84
30,0
30,4e
30,e
30,Me
30,80
30,Kc
30,4
30,01
30,o
30,=
30,Vr
30,Als
30,05
30,Ahe
30,10
30,<0
30,05
30,o5
30,1
30,5
30,oe
30,51
30,o
30,Ane
30,1
30,6
30,6
30,plan
30,Ericeira
30,Soutb
30,derp
30,uahty
30,m
30,0ut
30,hch
30,0oo
30,n
30,Producing
30,aling
30,eroetu
30,Jack
30,dcd
30,EUROPE
30,and
30,ne
30,r
30,qualty
30,6o
30,swell .
30,shafp
30,Rock)
30,hollow
30,good
30,always
30,and
30,Wave
30,(Whare
30,extremcly
30,harbous
30,~bottom
30,come
30,and
30,have
30,rocky
30,towns
30,Wves
30,can
30,inside
30,PortugAL
30,Ericeira
30,Norre
30,rides _
30,short
30,with -
30,has
30,bay
30,rivermouth
30,when
30,(4m) .
30,reef
30,especially
30,1 2ft
30,classic
30,shortage
30,rivermouth
30,"Hawaii,"
30,Numerous
30,as
30,north
30,rideable
30,no
30,such
30,has
30,small
30,waves
30,With
30,"Beach,"
30,Ericeira
30,with.
30,thar's
30,and
30,centre
30,(19m1)
30,classy
30,surfing
30,Lourenço
30,class
30,play
30,Sunset
30,headlands
30,quite
30,point
30,"Peniche,"
30,the
30,rorld
30,30km
30,doesn't
30,Portuguese
30,considered
30,swell
30,concentration
30,right
30,protection
30,São
30,ith
30,hkened
30,rocky
30,into
30,mere
30,itlantic
30,stormy
30,heavy
30,swvells
30,the
30,Lisbon.
30,"Lisbon,"
30,"UPs,"
30,breaks
30,wind
30,been
30,favour
30,an
30,se:
30,ine
30,big?
30,typlcal
30,rom
30,quahity
30,the
30,and
30,Eoceifa
30,hape
30,pretiy
30,Cost
30,have
30,round
30,eniche
30,tend
30,"Waves,"
30,Consistenl
30,falely
30,postelenas
30,acing
30,Uno
30,Fncei
30,swells
30,9201
30,Maio
30,C
30,St
30,challengang
30,0i
30,south
30,Dul '
30,"""vely"
30,1shons
30,80omsan?
30,Munk
30,491
30,Culiue
30,"4sbon,"
30,ules
30,bui
30,'0
30,0i
30,ona
30,0
30,Cooenes
30,1
30,neaily
30,81821
30,018/890no
30,316616
30,61
30,8416e/
30,"1ene,"
30,"16,/91 '"
30,"1, "
30,96nn81n 
30,86n6a8e6
30,18406/
31,8
31,66
31,0r
31,0
31,4e
31,{e
31,80
31,Vr has
31,4
31,0
31,0
31,'5
31,Nr
31,25
31,9f
31,0
31,Ahc
31,11
31,05
31,P
31,o
31,10
31,<
31,Ahe
31,oe
31,>
31,65
31,o
31,1
31,4
31,61
31,plane
31,Ericeira
31,dcep
31,12o
31,Eneyc
31,00i
31,vceon
31,vhich
31,Lox
31,n
31,main
31,producing
31,€rpctls
31,e
31,dca
31,ack
31,and
31,The
31,EURopE
31,qualry
31,Cron
31,Aharr
31,fof
31,Rockn
31,swell .
31,hollow
31,good
31,always
31,Wave
31,and
31,harbou
31,(whire
31,extremely
31,botrom
31,ome
31,and
31,Chave
31,rocky
31,towns
31,"Wave,"
31,inside
31,Can
31,PortugAL
31,Ericeira
31,che
31,Norte
31,rides
31,short
31,with -
31,bay
31,rivermouth
31,when
31,(4m) .
31,reef
31,especially
31,1 2ft
31,classic
31,shortage
31,rivermouth
31,Numerous
31,"Hawii,"
31,north
31,rudeable
31,no
31,such
31,has
31,small
31,waves
31,"Beach,"
31,with
31,Ericeira
31,with.
31,thar's
31,and
31,centre
31,(1 9m1 )
31,classy
31,surfing
31,Lourenço
31,class
31,play
31,Sunset
31,quite
31,headlands
31,point
31,"Peniche,"
31,the
31,world
31,to
31,30km
31,Portuguese
31,swell
31,considered
31,concentration
31,doesn'
31,right
31,protection
31,São
31,ith
31,hkened
31,rocky
31,into
31,mere
31,tlantic
31,stormy
31,heavy
31,swells
31,Lisbon
31,"Lisbon,"
31,#Ps.
31,breaks
31,wind
31,been
31,favour
31,can
31,big'
31,ine
31,typlcal
31,trom
31,quality
31,rhe
31,and
31,Erceifa
31,ape
31,pretty
31,coast
31,have
31,round
31,eniche
31,tend
31,"Waves,"
31,consistent
31,Iamly
31,"pastelerae,"
31,Kacing
31,Uno
31,Fcena
31,swells
31,Isono
31,Yeai
31,challengng
31,south
31,Dul '
31,nvety
31,sbon's
31,honsen?
31,ehohnk
31,4056
31,Culiu
31,1ishon
31,rules
31,he
31,bui
31,10/0
31,0n
31,ona
31,unnes
31,0ui
31,Ce1?
31,nesaiby
31,80951
31,"1018189/ino,"
31,36ne
31,0ni
31,1e'e
31,44961e /
31,One
31,42i68oeen
31,66/9i
31,7496 /
32,68
32,0
32,4
32,46
32,0
32,18
32,ce
32,80
32,K
32,4
32,05
32,15
32,Jr
32,45
32,o
32,10
32,20
32,o5
32,O
32,K
32,he
32,oe
32,K
32,Ahe
32,51
32,1
32,7
32,an
32,'
32,4
32,60
32,on
32,plan
32,5utb
32,Ericeira
32,drep
32,(2m 
32,avcoie
32,0ui
32,00ly
32,Lo
32,Shich
32,ahine
32,ae
32,producing
32,€rpeti
32,ded
32,and
32,Jack
32,ne
32,EURopE
32,quality
32,Cfoy
32,sharp
32,Rock)
32,swell .
32,hollow
32,gond
32,always
32,Wave
32,and
32,"harbour,"
32,(Whure
32,extremely
32,botrom
32,Rome
32,and
32,Chave
32,"town,"
32,rocky
32,Ahe
32,"Wavc,"
32,can
32,inside
32,PortugAL
32,Ericcira
32,Ache
32,Norte
32,rides
32,short
32,with
32,has
32,bay
32,rivermouth
32,when
32,(4m) .
32,reef
32,especially
32,1 2tt
32,classic
32,shortage
32,rivermouth
32,to
32,Numerous
32,"Hawaii,"
32,north
32,rideable
32,no
32,such
32,has
32,small
32,Fits
32,the
32,waves
32,Beach
32,With
32,Ericeira
32,with.
32,thar's
32,and
32,centre
32,(19mi)
32,classy
32,surfing
32,Lourenço
32,class
32,play
32,Sunset
32,quite
32,headlands
32,poit
32,"Peniche,"
32,the
32,of
32,world
32,30km
32,doesn't
32,Portuguese
32,swell
32,considered
32,concentration
32,right
32,protection
32,São
32,hikened
32,wirh
32,rocky
32,into
32,mere
32,Arlantc
32,stormy
32,heavy
32,ells
32,Lisbon .
32,"Lisbon,"
32,"#Ps,"
32,breaks
32,swe
32,wind
32,been
32,favour
32,Can
32,big;
32,Se
32,ine
32,typical
32,trom
32,qualiry
32,and
32,Erceira
32,Sape
32,~pretty
32,coast
32,have
32,rouna
32,eniche
32,tend
32,"Waves,"
32,Consisteng
32,Iamly
32,astelerlav
32,tacing
32,Uoio
32,Frcena
32,eiis
32,Ye0i
32,Isanlo
32,GC
32,stm1
32,challengang
32,uth
32,Dul '
32,nvely
32,Msbons
32,hosane>
32,dhcink
32,49
32,nh
32,1isbon
32,Culiun
32,he
32,"rules,"
32,bui
32,10n
32,eunenes
32,0u
32,an4
32,461?
32,ngarhy
32,51851
32,"1018/e8iiny,"
32,"36070,"
32,0n
32,Iene:
32,9410e/
32,On
32,566/9i
32,Fhaien
32,06$
32,646 /
33,an
33,6
33,0
33,9
33,4e
33,e
33,80
33,Ic
33,4
33,0f
33,10
33,15
33,Vr
33,25
33,9S
33,rh2
33,05
33,11
33,<0
33,05
33,01
33,O
33,<
33,Joe
33,05
33,o
33,yen
33,e7
33,40
33,e
33,61
33,plane
33,Ericeira
33,Couth
33,aeep
33,42m
33,quahry
33,00ly
33,which
33,1o
33,dccr
33,v€
33,mling
33,producane
33,Eroefi
33,and
33,dcd
33,Jack
33,nrs
33,EuRopE
33,ne
33,qualiry
33,00
33,Crove
33,Sharp
33,o
33,Ronck)
33,swell
33,hollow
33,Kood
33,always
33,Wave
33,harbour
33,ana
33,Ahare
33,ome
33,extremely
33,bottom
33,and
33,he
33,Chave
33,rocky
33,[own.
33,"Wavc,"
33,can
33,inside
33,Portugal
33,Ericeira
33,Norte
33,rides
33,Ishorr
33,with _
33,has
33,~bay
33,rivermouth
33,~when
33,reef
33,(4m) .
33,especially
33,1 2ft
33,classic
33,shortage
33,rivermouth
33,Numerous
33,Hawaii.
33,north
33,rideable
33,no
33,such
33,has
33,small
33,waves
33,With
33,"Beach,"
33,Ericeira
33,With.
33,thac's
33,and
33,centre
33,(19m1)
33,classy
33,surfing
33,Lourenço
33,class
33,play
33,Sunset
33,quite
33,headlands
33,point
33,"Peniche,"
33,the
33,world
33,30km
33,doesn t
33,Portuguese
33,considered
33,swell
33,concentration
33,right
33,protection
33,São
33,hikened
33,wih
33,mnere
33,rocky
33,into
33,rlantic
33,stormy
33,heavy
33,ells
33,Ahe
33,Lisbon.
33,"Lisbon,"
33,"UPs,"
33,breaks
33,wind
33,89
33,been
33,favour
33,Can
33,"big,"
33,ine
33,typical
33,from
33,quahicy
33,zhe
33,and
33,Erceifa
33,pretty
33,ape
33,coast
33,have
33,tound
33,Peniche
33,tend
33,"waves,"
33,consistent
33,lamly
33,"pastelerlas,"
33,acing
33,Mceha
33,Coro
33,Moono
33,swells
33,Ycai
33,Stn <
33,{
33,challengang
33,Dol
33,nth
33,nvey
33,Usbons
33,1006s0nd
33,Muink
33,40
33,Mih
33,Misbow
33,hes
33,(uline
33,Tules
33,bui
33,an
33,10n
33,00
33,ehotenes
33,ncarhy
33,1
33,0n0
33,81861
33,"0966/2811n6,"
33,2nno
33,"7nnv,8i"
33,0n
33,011
33,Mmi
33,fedhejee
33,"36,60/"
33,ne
33,1nis:
33,4ed
33,"1616,/01"
33,0n $
33,01e
33,"12,08ne"
33,One
33,80166n6
34,<
34,0
34,41
34,7
34,9
34,4e
34,80
34,KE
34,<
34,0
34,10
34,5
34,Vr
34,25
34,0
34,rh2
34,111
34,<0
34,05
34,01
34,O
34,S<
34,01t?
34,0
34,4
34,6
34,e
34,1
34,00
34,6
34,"o"""
34,6N
34,n
34,plane
34,Ericeira
34,aeep
34,2m
34,00i
34,006
34,producing
34,in4
34,quality
34,EuRopE
34,ne
34,€p
34,Cro
34,Gha(p
34,good
34,swell.
34,o
34,hollow
34,Rock
34,always
34,harbour
34,e
34,and
34,Whire
34,come
34,extremcly
34,bottom
34,and
34,he
34,hav€
34,rocky
34,10wils
34,"Wavc,"
34,inside
34,Can
34,Portugal
34,Ericeira
34,hc
34,Norre
34,rides
34,shorr
34,with
34,has
34,bay
34,rivermouth
34,when
34,reef
34,(4m) .
34,especially
34,12ftt
34,classic
34,shortage
34,rivermouth
34,Numerous
34,Hawaii.
34,north
34,rideable
34,no
34,such
34,has
34,ats
34,small
34,waves
34,with
34,"Beach,"
34,Ericeira
34,with.
34,thac'
34,and
34,centre
34,(19m1)
34,classy
34,Lourenço
34,surfing
34,class
34,Sunset
34,play
34,quite
34,headlands
34,point
34,Peniche.
34,the
34,orld
34,30km
34,doesn't
34,ortuguese
34,considered
34,swell
34,concentration
34,right
34,protection
34,São
34,hikened
34,wirh
34,mere
34,into
34,rocky
34,Atlantic
34,stormy
34,heavy
34,swells
34,the
34,Lisbon.
34,"Lisbon,"
34,upss
34,be
34,breaks
34,wind
34,been
34,favour
34,Can
34, 
34,ne
34,typical
34,quality
34,trom
34,Athe
34,and
34,iceira
34,pretty
34,hape
34,coast
34,[o
34,have
34,roune
34,eniche
34,tend
34,"Waves,"
34,onsistent
34,falely
34,pastelerlea
34,acing
34,Ercena
34,Uu
34,Ycar
34,Marnto
34,eis
34,Sti
34,chalengang
34,Dut 
34,outh
34,hvely
34,Usbons
34,1nousands
34,Munk
34,46
34,1isbon
34,(uliun
34,Ahes
34,rules
34,but
34,and
34,10n
34,0ui
34,ehoenes
34,on4
34,neai0y
34,a
34,6uea1
34,00187esiny
34,81nuo
34,7igbt
34,0n
34,70/
34,edhejee
34,9968100/
34,0ne
34,"76,/9|"
34,Meu 
34,Ln
34,One
34,"12,0nid "
34,6n61
34,"2966646,04018"
34,9
34,nee
35,61
35,0
35,0
35,18
35,Ae
35,80
35,S
35,4
35,0
35,10
35,05
35,15
35,Ur
35,90
35,As
35,0
35,rhé
35,11
35,<o
35,0
35,05
35,10
35,Y
35,Joe
35,K
35,o
35,05
35,Ane
35,10
35,6
35,61
35,plone
35,Ericeira
35,acep
35,dccrca
35,7f
35,Zo
35,0ul
35,which
35,2
35,ahine
35,and
35,dcd
35,pronducing
35,quahry
35,EURopE
35,5
35,ne
35,€2o
35,Aharo
35,7
35,Cfo
35,well
35,hollow
35,Rank
35,hachouc
35,avc
35,alvvays
35,and
35,comne
35,(Whire
35,bottomn
35,extfemei
35,and
35,rhc
35,have
35,he
35,townls
35,rocky
35,Wavc
35,inside
35,Can
35,ORtugAL
35,Ericerra
35,Norre
35,rides
35,Spaiy
35,Ishort
35,With
35,has
35,~bay
35,rivermouth
35,reef
35,when
35,(4m) .
35,especially
35,classic
35,12ft
35,shortage
35,rivermouth
35,Numerous
35,"Hawaii,"
35,north
35,rideable
35,such
35,small
35,has
35,waves
35,With
35,"Beach ,"
35,Ericeira
35,with.
35,thar'
35,and
35,centre
35,(1 9mi)
35,classy
35,surfing
35,Lourenço
35,class
35,quite
35,Sunset
35,play
35,point
35,headlands
35,the
35,Peniche.
35,world
35,30km
35,doesn't
35,ortuguese
35,considered
35,concentration
35,right
35,swell
35,protection
35,São
35,hikened
35,mere
35,irh
35,rocky
35,nto
35,stormy
35,heavy
35,tlantic
35,Athe
35,swells
35,Lisbon.
35,"Lisbon,"
35,breaks
35,wind
35,been
35,"UPs,"
35,favour
35,big?
35,typical
35,Can
35,ene
35,4
35,quahity
35,and
35,trom
35,the
35,~pretty
35,Erceifa
35,coast
35,shape
35,round
35,have
35,eniche
35,tend
35,"Waves,"
35,consistent
35,falely
35,pastelertase
35,facing
35,Frcena
35,Vear
35,Manrlo
35, 
35,welis
35,0
35,challengig
35,bot
35,nvely
35,south
35,housanes
35,tvnk
35,Uisbon'
35,mnth
35,kor
35,Usbon
35,Culiure
35,rules.
35,but
35,ane
35,10Mn
35,00i
35,Coufenes
35,2na
35,nearhy
35,1e1a
35,0n
35,8uee
35,099n0nt /
35,"10127e5017),"
35,310te
35,7ight
35,0vvotnsi
35,an
35,0ul
35,Jedojee
35,861mide/
35,6n2
35,0nis y
35,0610i
35,Mou
35,1oel
35,n
35,0
35,One
35,12wetin 
35,66nnni62n6
35,"24608,6,09616"
35,890
36,4
36,0
36,0
36,N
36,80
36,KC
36,05
36,<0
36,05
36,45
36,Vr
36,90
36,15
36,0
36,Ahc
36,1n
36,(
36,<0
36,khe
36,0
36,7<
36,05
36,10
36,K
36,Joe
36,42
36,Ahé
36,05
36,1
36,Ane
36,e7
36,10
36,21v
36,e
36,2
36,plan
36,Ericeira
36,1
36,6
36,o
36,"1 """
36,4
36,0ui
36,hines
36,1
36,hicb
36,Adeu
36,2
36,producing
36,Jack
36,Aharo
36,7
36,€ro
36,The
36,EURopE
36,hollove
36,harhour
36,Ronkl
36,for
36,swen
36,av€
36,omne
36,and
36,boutom
36,(Whire
36,extremely
36,and
36,have
36,the
36,rowns
36,cocky
36,Vave
36,inside
36,can
36,PortugAL
36,Enceira
36,Che
36,Norte
36,ndes
36,Spain
36,short
36,With -
36,has
36,~bay
36,rivermouth
36,reef
36,when
36,(4m) .
36,especially
36,classic
36,1 2ft
36,shortage
36,rivermouth
36,Numerous
36,Hawaii
36,norch
36,rideable
36,such
36,small
36,has
36,waves
36,with
36,"Beach,"
36,Ericeira
36,With
36,that'
36,and
36,centre
36,9m1)
36,classy
36,Lourenço
36,surfing
36,class
36,Sunset
36,qunte
36,play
36,point
36,headlands
36,Peniche;
36,world
36,30km
36,ortuguese
36,considered
36,doesn'
36,right
36,concentration
36,protection
36,swell
36,São
36,hikened
36,mere
36,wirh
36,rocky
36,Jinto
36,stormy
36,heavy
36,Atlantic
36,the
36,swells
36,Lisbon
36,"Lisbon,"
36,been
36,breaks
36,wind
36,apss
36,favour
36,bigs
36,typical
36,Can
36,82
36,quality
36,and
36,trom
36,pretty
36,Erceira
36,coast
36,shape
36,round
36,have
36,eniche
36,tend
36,ves?
36,consistent
36,falely
36,pastelerias
36,facing
36,Erjcena
36,288
36,year
36,Monno
36,swvells
36, 
36,challengang
36,but
36,Mvely
36,ihousands
36,ouch
36,vnk
36,sbon'
36,mhth
36,for
36,"1isbon,"
36,Cuhure
36,rules
36,11
36,but
36,anc
36,iovin
36,0ui
36,shofches
36,nearby
36,an4
36,61961
36,a
36,00d
36,0iomin/
36,106eiesuin)
36,"50ue,"
36,ngn
36,"7oovo,uatnst"
36,0n
36,1nl
36,edojes
36,2n0
36,861nio/
36,O
36,"76,/01"
36,Voueu
36,ocels
36,n
36,0
36,0t
36,he
36,12ipun
36,8i
36,8ne
36,07nnni6ns
36,6nev
36,7614/
36,"804611,6, 06618"
36,830
36,Ahovee
37,7
37,}
37,7
37,Y
37,0
37,4
37,se
37,Ae
37,80
37,N
37,05
37,<0
37,25
37,95
37,ur
37,As
37,0
37,Ahe
37,<0
37,khe
37,0
37,05
37,10
37,<
37,oe
37,46
37,05
37,1
37,4
37,N
37,1
37,7
37,40
37,e
37,on
37,Ae
37,4
37,2
37,1
37,2
37,1
37,2
37,2
37,6
37,8
37,€
37,6
37,2
37,(
37,Ericeira
37,ae €5
37,2
37,'2m
37,{
37,š
37,2
37,aline
37,ded.
37,9
37,3
37,ink
37,sharp
37,2
37,Coi
37,€rp
37,The
37,1
37,EUROPE
37,Roxk)
37,e
37,ahay
37,1
37,bottom
37,nd
37,Vhire
37,the
37,exrcmely
37,and
37,have
37,towns
37,rocky
37,inside
37,can
37,Eniceira
37,Portugal
37,Norte
37,rides
37,Spain
37,short
37,With .
37,has
37,bay
37,rivermouth
37,reef
37,when
37,(4m) .
37,especially
37,classic
37,12ft
37,shortage
37,rivermouth
37,Numerous
37,"Hawaii,"
37,north
37,rideable
37,no
37,such
37,small
37,has
37,waves
37,With
37,Beach.
37,Ericeira
37,thav's
37,with.
37,in
37,and
37,centre
37,(19m1)
37,classy
37,surfing
37,Lourenço
37,class
37,qunte
37,Sunset
37,play
37,point
37,headlands
37,Peniche-
37,rorld
37,30km
37,Portuguese
37,considered
37,concentration
37,doesn'
37,right
37,protection
37,swell
37,São
37,hikened
37,mere
37,into
37,Wirh
37,rocky
37,stormy
37,heavy
37,Arlantic
37,the
37,swells
37,Lisbon.
37,"Lisbon,"
37,wind
37,been
37,breaks
37,"UPs,"
37,favour
37,big;
37,typical
37,can
37, 
37,quality
37,trom
37,Athe
37,and
37,pretty
37,Erccira
37,coast
37,anape
37,round
37,have
37,Peniche
37,Atend
37,"Waves,"
37,consistent
37,falely
37,pastelerlas
37,facing
37,Friceia
37,Vear
37,Bamio
37,swells
37,sti ^
37,(oroj
37,challengang
37,but
37,Avely
37,Ushons
37,Ihousanas
37,south
37,driok
37,MMh
37,kor
37,"Misbon,"
37,he
37,Cullur
37,rules
37,but
37,ano
37,10vin
37,0ut
37,shofches
37,and
37,nearby
37,6uefl
37,Ce1a
37,ana
37,0ioit /
37,"801ies01n},"
37,"90uo ,"
37,Mght
37,'nintoutnsi
37,ani
37,02imie
37,011
37,nnl
37,edhoee
37,2n
37,207ie/
37,One
37,601e?
37,Io/91
37,covaden
37,Joeal
37,0vn
37,0
37,"0n6  ,"
37,(0v
37,16inpuing
37,ei
37,84691
37,One
37,7442074141467010
37,02eles
37,ahone
37,611
37,"808611,6701616"
37,8280 
37,ovee
38,4
38,8
38,8
38,$
38,35
38,4
38,0
38,8
38,466
38,80
38,K
38,0
38,o
38,95
38,Vr
38,0
38,V
38,<o
38,khe
38,05
38,7 (
38,05
38,10
38,S
38,Ahe
38,Joe
38,Ahe
38,65
38,1
38,4
38,Ane
38,1
38,1
38,40
38,211
38,38
38,e
38,10
38,6w
38,o
38,0
38,1
38,1
38,2
38,;
38,2
38,1
38,}
38,{
38,8
38,2
38,{
38,{
38,1
38,!
38,!
38,g
38,1
38,1
38,1
38,2
38,26
38,(
38,JeFr
38,!
38,Ericeira
38,1
38,2o
38,1
38,2
38,7
38,9
38,2n
38,7
38,sharp
38,7
38,6
38,80
38,€xps
38,The
38,1
38,1
38,;
38,EuRopE
38,10r
38,Roxk )
38,ahwvays
38,1
38,botrom
38,che
38,5
38,Vhite
38,urcmcly
38,have
38,nd
38,tonns
38,1
38,cocky
38,"1ve,"
38,can
38,Ericeira
38,Norte
38,Portugal
38,rides
38,Spaiy
38,short
38,~With -
38,Chas
38,~bay
38,rivermouth
38,reef
38,when
38,(4m) .
38,especially
38,classic
38,1 2ft
38,shortage
38,rivermouch
38,Numerous
38,as
38,"Hawaii,"
38,north
38,rideable
38,no
38,such
38,Its
38,small
38,has
38,the
38,waves
38,with
38,"Beach,"
38,Ericeira
38,wich.
38,that'
38,and
38,(1 9mi)
38,centre
38,classy
38,surfing
38,Lourenço
38,quite
38,class
38,Sunset
38,play
38,point
38,headlands
38,"Peniche,"
38,rorld
38,30km
38,Portuguese
38,considered
38,doesn'
38,right
38,concentration
38,protection
38,swell
38,São
38,hikened
38,mere
38,Finto
38,Wich
38,rocky
38,stormy
38,heavy
38,Arlantic
38,swells
38,"Lisbon,"
38,Lisbon.
38,wind
38,been
38,breaks
38,"Gps ,"
38,favour
38,big;
38,typical
38,Can
38,Ihe
38,62:
38,quality
38,trom
38,and
38,pretty
38,coast
38,Ericcira
38,shapr
38,round
38,have
38,Peniche
38,tend
38,"Waves,"
38,consistent
38,falrly
38,"pasteleclas,"
38,facing
38,Cocenca
38,Vear
38,Manno
38,swells
38,stii 
38,Co
38,challenging
38,but '
38,Avely
38,Ashons
38,Ihousands
38,couch
38,drlok
38,snth
38,kor
38,"Lisbon,"
38,Cuhure
38,rules.
38,11
38,bur
38,and
38,omn
38,00i
38,cnufches
38,Enearby
38,and
38,ena
38,61ae1
38,iCe1
38,0i0annnt /
38,1nieiestin)
38,"9nnie,"
38,niohi
38,10innioutisi
38,ana
38,0eiuie
38,Da
38,Jedoes
38,6n0
38,Sqimida /
38,One
38,/n1s?
38,Io/9i 
38,rovded
38,Jocals
38,0on
38,098
38,966vy
38,he
38,{einiing
38,"0,27"
38,"86,61"
38,hne
38,0n0n
38,741696148407010
38,628ies
38,6n61
38,"804616,6,01616"
38,8280
39,8
39,2
39,5
39,4
39,5
39,""""
39,56
39,8
39,Av
39,0
39,8
39,8
39,80
39,Y
39,<
39,05
39,(o
39,15
39,ur
39,25
39,no
39,05
39,in
39,<0
39,05
39,P <
39,05
39,O
39,S
39,Joe
39,0
39,O
39,an
39,1
39,4
39,3
39,0e
39,Sn
39,a
39,O
39,{
39,8
39,1
39,2
39,?
39,8
39,4
39,'2on
39,Ericeira
39,8
39,{
39,5
39,pranduc ink
39,2
39,6
39,1
39,{
39,1
39,2
39,4
39,EUROPE
39,1
39,1
39,ind
39,Whure
39,1
39,7
39,1
39,1
39,1
39,6
39,n
39,1
39,1
39,the
39,4
39,PortugAl
39,Spain
39,short
39,With _
39,hnas
39,~bay
39,rivermouth
39,when
39,reef
39,(4m) .
39,especially
39,1 2ft
39,classic
39,shortage
39,rivermouch
39,Numerous
39,"Hawaii,"
39,north
39,rideable
39,such
39,Its
39,small
39,has
39,rhe
39,waves
39,With
39,"Beach,"
39,that'
39,Ericeira
39,With.
39,and
39,centre
39,(19m1)
39,classy
39,Lourenço
39,surfing
39,Sunset
39,class
39,qunte
39,point
39,play
39,headlands
39,the
39,"Peniche,"
39,30km
39,world
39,ortuguese
39,right
39,doesn'
39,considered
39,concentration
39,protection
39,swell
39,São
39,Jikened
39,mere
39,wirh
39,into
39,rocky
39,stormy
39,heavy
39,Arlantic
39,the
39,"Lisbon,"
39,swells
39,Lisbon.
39,been
39,wind
39,breaks
39,"ups,"
39,favour
39,"big,"
39,typical
39,Can
39,the
39,quality
39,Sel
39,and
39,from
39,rhe
39,pretty
39,coast
39,Eaccira
39,round
39,shape
39,have
39,Peniche
39,tend
39,Waves?
39,falrly
39,consistent
39,pastelerlase
39,facing
39,Ericei
39,Yea
39,Baiio
39,"02,"
39,swells
39,Coxos
39,challenging
39,So
39,but 
39,Mvely
39,housands
39,south
39,dolok
39,Lisbon'
39,kor
39,Msbon
39,cuhure
39,he
39,rules.
39,ane
39,but
39,10vin
39,10
39,0ni
39,Couiche?
39,nearby
39,annd
39,6uafl
39,end
39,n
39,0i0iiat/
39,"8062i2501n),"
39,sin0
39,nighi
39,an
39,'niniouatisi
39,72iuie
39,D
39,7067
39,Jedeee
39,Fano
39,201iio /
39,One
39,701s?
39,no/ai
39,Meirnvnen
39,Iocol 
39,09n|
39,40
39,"011"""
39,nek/
39,10n
39,eipuing
39,ne
39,0897n |
39,"314t,11"
39,One
39,"6,0"
39,ine
39,0n0n
39,1010ntaons
39,6228ies
39,6nen
39,"604616,6701016"
39,8280
40,s
40,5
40,0
40,0
40,v
40,82
40,VE
40,0
40,<o
40,5
40,Vr
40,25
40,rhg
40,0
40,<0
40,rhe
40,0
40,5<
40,05
40,(0
40,<
40,Joe
40,05
40,o
40,Y
40,1
40,An
40,M
40,1
40,21
40,3
40,e
40,0
40,S1
40,Ae
40,4
40,s
40,1
40,4y
40,Ericeira
40,{
40,2
40,1
40,EuRopE
40,9
40,Whufe
40,3
40,1
40,{
40,6
40,8
40,1
40,}
40,9
40,Portugal
40,5
40,Spain
40,With 
40,has
40,bay
40,rivermouth
40,When
40,reef
40,(4m) .
40,especially
40,12ft
40,classic
40,shortage
40,rivermouth
40,Hawaii.
40,Numerous
40,north
40,rideable
40,such
40,no
40,its
40,small
40,has
40,Beach.
40,waves
40,With
40,thar'
40,in
40,Ericeira
40,With .
40,and
40,centre
40,(19mi)
40,Lourenço
40,Asa2
40,classy
40,surfing
40,Sunset
40,722223
40,qunte
40,class
40,point
40,play
40,headlands
40,18s [
40,"Peniche,"
40,world
40,30km
40,right
40,ortuguese
40,doesn'
40,considered
40,concentration
40,protection
40,São
40,swell
40,hikened
40,mere
40,with
40,into
40,heavy
40,rocky
40,stormy
40,Arlantic
40,Athe
40,"Lisbon,"
40,swells
40,Lisbon.
40,been
40,wind
40,breaks
40,"ups,"
40,favour
40,typical
40,"big,"
40,Can
40,Ihe
40,quality
40,Se
40,pretty
40,and
40,from
40,che
40,coast
40,Ericcira
40,roune
40,shape
40,have
40,eniche
40,tend
40,Iaily
40,Waves?
40,consistent
40,pastelenhasa
40,tacing
40,Frlceno
40,Yea
40,Maino
40,5
40,Sti `
40,swells
40,(o1o
40,EG
40,challenging
40,but
40,Avely
40,Lisbon's
40,ousands
40,drlnk
40,south
40,hth
40,"Usbon,"
40,kor
40,Cuhure
40,cules
40,ane
40,but
40,on
40,0mi
40,ehorches
40,nearby
40,Suaf1s
40,and
40,ane
40,Jiccifa
40,010ninn/
40,"101812501n) ,"
40,810ue 
40,nighi
40,an
40,61s0invvoutisi
40,561641
40,noture
40,Jedhejee
40,na
40,Solutda/
40,ne
40,101s?
40,16/9|
40,@uen
40,ocole
40,Don
40,"061"""
40,oek/
40,10n
40,he
40,1eipuing
40,'89iw1
40,8tin
40,he
40,0n0n
40,606nntons
40,6
40,02eeie
40,6n61
40,"804616,01416"
40,8280
41,0
41,K
41,0
41,co
41,5
41,Vr
41,05
41,155
41,05
41,1n
41,<o
41,0
41,9<
41,0
41,10
41,K<
41,loe
41,"018"""
41,05
41,Ko
41,40'
41,Ane
41,1
41,10
41,e
41,0
41,e
41,Sn
41,4
41,0
41,Ericeira
41,EUROPE
41,PoRTUGAL
41,Spain
41,With
41,hnas
41,bay
41,rivermouth
41,when
41,(4m) .
41,reef
41,especially
41,12ft
41,classic
41,shorrage
41,rivermouth
41,"Hawaii,"
41,Numerous
41,north
41,rideable
41,no
41,such
41,small
41,che
41,has
41,"Beach,"
41,waves
41,With
41,that's
41,Ericeira
41,with.
41,and
41,centre
41,(19mi)
41,ourenço
41,classy
41,Sunset
41,surfing
41,722223
41,class
41,qunte
41,point
41,play
41,headlands
41,"eniche,"
41,the
41,world
41,30km
41,ortuguese
41,right
41,considered
41,doesn'
41,concentration
41,protection
41,swell
41,São
41,likened
41,mere
41,wich
41,rocky
41,into
41,heavy
41,stormny
41,Arlantic
41,the
41,swells
41,"Lisbon,"
41,Lisbon
41,been
41,wind
41,breaks
41,"ups,"
41,favour
41,typical
41,Can
41,Se{
41,Ihe
41,quality
41,pretty
41,from
41,the
41,and
41,Erccira
41,coast
41,rouna
41,shape
41,have
41,Peniche
41,tend
41,foholy
41,Wves?
41,consistent
41,pastelerhase
41,facing
41,Locema
41,33; $
41,Yeai
41,Maeno
41,sti 5
41,(o1os
41,swells
41,[C
41,challenging
41,but
41,Avely
41,Inousands
41,dolok
41,Ushon
41,south
41,Ith
41,Fsbon
41,Cuhure
41,cuhess
41,ano
41,but
41,10vn
41,00l
41,ehorchey
41,Enearby
41,31ae1
41,and
41,ana
41,Eiccifa
41,0i0ajinat/
41,"801815501n),"
41,"S1nua ,"
41,an
41,night
41,9usniooytoutist
41,D
41,011
41,2iuie
41,Jedojes
41,6n4
41,qimida /
41,701s:
41,hs
41,"0yneu ,"
41,no/ai '
41,ocale
41,00ni
41,40
41,001
41,oek/
41,10n
41,he
41,8210un 
41,0189n
41,8uni
41,9ne
41,0
41,One
41,106nn0ne
41,6n61
41,Mceeles
41,he
41,"84411,6,0108"
41,880
41,ohevey
42,0
42,A
42,0
42,50
42,15
42,Vr
42,25
42,9o
42,As
42,rh2
42,05
42,16
42,<o
42,khe
42,01
42,P<
42,05
42,O
42,A<
42,be
42,0
42,o
42,e
42,10
42,6
42,0
42,e
42,10
42,a
42,9
42,As
42,Ericeira
42,EURopE
42,Portugal
42,Spain
42,With _
42,has
42,bay
42,rivermouth
42,when
42,(4m) .
42,reef
42,especially
42,12ft
42,classic
42,Rufatit
42,shorrage
42,rivermouth
42,"Hawai 1,"
42,Numerous
42,north
42,rideable
42,such
42,has
42,small
42,30s
42,"Beach,"
42,waves
42,With
42,thar'
42,Ericeira
42,with.
42,io
42,and
42,Gasa2
42,centre
42,(19m1)
42,ourenço
42,classy
42,Sunset
42,782223
42,surfing
42,class
42,qunte
42,point
42,play
42,headlands
42,0253
42,"Peniche,"
42,world
42,30km
42,2445
42,right
42,Portuguese
42,considered
42,doesn'
42,concentration
42,swell
42,protection
42,São
42,hikened
42,mere
42,with
42,into
42,rocky
42,heavy
42,stormY
42,Arlantic
42,the
42,swells
42,"Lisbon,"
42,Lisbon.
42,been
42,breaks
42,wind
42,"ups,"
42,favour
42,typical
42,big;
42,Can
42,ser
42,Ihe
42,quality
42,~pretty
42,from
42,Athe
42,and
42,Erceira
42,rouna
42,shape
42,coast
42,have
42,Peniche
42,tend
42,fairly
42,Waves?
42,astelenas
42,consistent
42,Frceira
42,Banro
42,02;
42,facing
42,Yeai
42,suni 
42,(51os
42,swells
42,8
42,challenging
42,~but
42,Avely
42,thousands
42,drlok
42,Ushon
42,south
42,wvhth
42,"Msbon,"
42,he
42,for
42,Culture
42,rules
42,and
42,but
42,Iomn
42,00l
42,nearby
42,chunches
42,3uef1
42,and
42,ficeifa
42,ane
42,Diohiinaty
42,"801eie801n0),"
42,"30ua,"
42,ane
42,ntoht
42,9sninmioutst
42,Dol
42,02iure
42,edojes
42,80iuida/
42,1is:
42,0n0
42,ne
42,Oneu
42,"""o/9l"
42,ocole
42,0ont
42,"001"""
42,ey/
42,Con
42,Jeipun 
42,he
42,819n
42,9ne
42,8482848
42,ine
42,0nhinone
42,1n0n
42,0994e
42,6n01
42,Doesles
42,611
42,844111670146
42,ne
42,8250
42,heven
42,886v1
43,0
43,0
43,(0
43,2s0
43,15
43,Vr
43,25
43,9o
43,{he
43,05
43,<o
43,che
43,0
43,"""<"
43,0
43,O
43,3
43,Kc
43,le
43,e
43,85
43,o
43,6y
43,N
43,e
43,3
43,e
43,1
43,SN
43,Ae
43,n
43,46
43,Ericeira
43,EURopE
43,Yini €0?
43,Portugal
43,Spain
43,rivermouck
43,reef
43,12ft
43,classic
43,shortage
43,rivermouth
43,"Hawaii,"
43,Numerous
43,north
43,rideable
43,such
43,its
43,small
43,has
43,P0is
43,"Beach,"
43,waves
43,with
43,thar's
43,in
43,Ericeira
43,Wich .
43,48d
43,and
43,9312
43,centre
43,(19m1)
43,Lourenço
43,classy
43,Sunset
43,surfing
43,7a2225
43,qunte
43,point
43,class
43,play
43,headlands
43,053
43,522 3
43,Peniche;
43,world
43,30km
43,282485
43,Tight
43,ortuguese
43,considered
43,doesn'
43,concentration
43,swell
43,protection
43,São
43,Iikened
43,mere
43,with
43,Finro
43,rocky
43,heavy
43,stormY
43,Arlantic
43,che
43,swells
43,"Lisbon,"
43,Lisbon .
43,been
43,wind
43,breaks
43,"ups,"
43,favour
43,typical
43,big;
43,can
43,ser
43,quality
43,pretty
43,from
43,Athe
43,and
43,Erceira
43,round
43,shape
43,coast
43,have
43,Peniche
43,tend
43,falrly
43,Waves?
43,"pastelenas,"
43,consistent
43,"62;,"
43,Locena
43,Mono
43,facing
43,Yeai
43,stii 
43,0oos
43,swells
43,challenging
43,bul
43,Iively
43,ihousand
43,Usbon s
43,dolok
43,south
43,wMth
43,he
43,Lsbon
43,kor
43,Cuhure
43,"rules,"
43,an
43,Abut
43,iown
43,0ui
43,naiby
43,honehes
43,61af1s
43,ana
43,and
43,ficcira
43,0ioaninnt/
43,"001eies0in),"
43,3i0ua
43,and
43,Dighu
43,fishinuioutsi
43,Dul
43,014
43,00ine
43,Jedojes
43,0n4
43,30iuidai
43,ihe
43,1n1s
43,"owueu,"
43,"""o9i '"
43,Jocoles
43,0on1
43,001
43,10y
43,10n
43,Jenpuin
43,9e
43,Shae
43,'su7v [
43,800i1
43,onitons
43,09a
43,ne
43,00n
43,9
43,"00nei,a"
43,03
43,Ahone
43,Mcssies
43,Andns s
43,he
43,80461690is
43,89
43,heven
43,Wunle
44,0
44,0
44,25
44,90
44,he
44,<18
44,0
44,10
44,se
44,o
44,0
44,9
44,(0
44,Y
44,be
44,05
44,10
44,1
44,10
44,6 '
44,e
44,1
44,an
44,41
44,n
44,1
44,2
44,5
44,Ericeira
44,EuRopE
44,n
44,Yte 
44,ath
44,Con pife
44,Portugal
44,Spain
44,reef
44,classic
44,shortage
44,rivermouth
44,Numerous
44,nor
44,such
44,its
44,small
44,has
44,Poits
44,waves
44,with
44,that's
44,Ericeira
44,with .
44,18d
44,and
44,(3483127
44,centre
44,(19mi)
44,Lourenço
44,classy
44,Sunset
44,722223
44,surfing
44,point
44,class
44,quite
44,play
44,headlands
44,0is5
44,"Peniche,"
44,0e
44,the
44,world
44,30km
44,right
44,'ortuguese
44,"0,24"
44,considered
44,concentration
44,doesn'
44,swell
44,protection
44,São
44,hikened
44,5
44,mere
44,with
44,rocky
44,into
44,heavy
44,stormy
44,Arlanric
44,the
44,swells
44,"Lisbon,"
44,Lisbon
44,been
44,wind
44,"ups,"
44,breaks
44,favour
44,typical
44,"big,"
44,can
44,se5
44,the
44,quality
44,pretty
44,the
44,and
44,from
44,rouna
44,Ericeira
44,shape
44,coast
44,have
44,Peniche
44,tend
44,folely
44,Waves)
44,"pasteleras,"
44,consistent
44,Fricei
44,Monno
44,D2; $
44,facing
44,year
44,StMn -
44,C5xos
44,swells
44,C{
44,challenging
44,Fbut
44,Ahousanes
44,Avely
44,aolok
44,Ushon
44,south
44,wnth
44,he
44,"Uisbon,"
44,kor
44,Culture
44,1
44,"rules,"
44,ane
44,Pbut
44,Lovn
44,0ui
44,noarhy
44,chuarches
44,609e1
44,and
44,nd
44,5inuo
44,ficcita
44,0ioaiinat/
44,"801eies0in),"
44,and
44,nighu
44,fsningioutist
44,Dut
44,61
44,00i0re
44,edojes
44,an
44,Saluia/
44,Ahe
44,1nns
44,omueu 
44,no/ai
44,Joceles
44,0on
44,061
44,oeky
44,Gen
44,Veipun
44,he
44,9is17n !
44,4u0i
44,9
44,Fonnitons
44,0
44,he
44,80n
44,0?
44,an
44,Ahone
44,809les
44,cssles
44,verie
44,846
44,he
44,80418690fs
44,8280
44,Aheven
44,Wuule
44,n1
45,0
45,75*og5
45,n 
45,Yorwa5
45,e
45,aalo
45,5?
45,An
45,48
45,0
45,"4270,"
45,o
45,3
45,45
45,no
45,Ahe
45,05
45,10
45,<o
45,0
45,2<
45,9
45,10
45,46
45,V
45,~hc
45,be
45,05
45,10
45,40'
45,Ane
45,1
45,10
45,05
45,1
45,SN
45,in
45,5
45,n
45,5
45,Ericeira
45,EURopE
45,Portugal
45,Spain
45,s2(as 
45,44212
45,reef
45,Geira
45,1i
45,og
45,classic
45,shortage
45,rivermouth
45,north
45,Numerous
45,rideabl
45,such
45,ts
45,has
45,small
45,P0us
45,Beach.
45,that's
45,waves
45,with
45,Ericeira
45,with
45,7290
45,and
45,20253727
45,(1 9m1)
45,Lourenço
45,centre
45,Sunset
45,classy
45,722255
45,surfing
45,point
45,quite
45,class
45,play
45,headlands
45,03}
45,C2
45,"Peniche,"
45,the
45,world
45,30km
45,722205
45,rght
45,ortuguese
45,considered
45,doesn'
45,swell
45,concentration
45,protection
45,São
45,hikened
45,mere
45,with
45,rocky
45,Finto
45,heavy
45,stormy
45,Arlantic
45,swells
45,"Lisbon,"
45,Lisbon.
45,been
45,wind
45,"ups,"
45,breaks
45,favour
45,typical
45,"big,"
45,1
45,Can
45,ser
45,che
45,quality
45,pretty
45,trom
45,Athe
45,and
45,1
45,round
45,Ericeira
45,shape
45,coast
45,Sa€
45,have
45,Peniche
45,falrly
45,tend
45,Waves)
45,pastelertase
45,consistent
45,Barrto
45,Erlcemra
45,Vear
45,D2; >
45,facing
45,stii 
45,4 ~
45,Cozos
45,swells
45,1n
45,challenging
45,but
45,thousonnehs
45,G
45,Anvely
45,dolnk
45,Ushon
45,south
45,wvnth
45,"Lsbon,"
45,Cuhture
45,rules
45,ane
45,but
45,Iown
45,0ui
45,nearby
45,chorehes
45,61een
45,ana
45,and
45,Dioaiinity
45,"10teiesuino,"
45,310us
45,and
45,ficcifa
45,nighi 
45,"""shingtoutist"
45,Do
45,6y
45,0010re
45,edoes
45,10i:
45,0n0
45,801uido/
45,1n
45,Jmdou
45,"""0/9i '"
45,Jocoles
45,e
45,pont
45,0n1n
45,oek/
45,Can
45,1eipting
45,0v9
45,809n
45,60nintions
45,One
45,09a
45,hes
45,900n
45,01
45,Neneno
45,6hone
45,cesles
45,8eeele:
45,he 
45,2441090ns
45,8
45,0n0va
46,8
46,'
46,Sn1
46,yciing
46,8 .
46,o
46,0
46,Queh
46,osy 101
46,` >
46,"Jaky, S"
46,sid< 01 iné
46,25
46,inei
46,o€
46,0
46,2
46,ro
46,Ahe
46,0
46,05
46,10
46,4
46,J
46,che
46,be
46,Ahe
46,05
46,Ko
46,1
46,Ane
46,1
46,10
46,11€
46,4
46,44 `
46,0
46,0e
46,an
46,01
46,n
46,5
46,Ericeira
46,EuRopE
46,Portugal
46,Spain
46,68f -
46,Ue?
46,0nii
46,reef
46,norade
46,Iemins
46,eenenu
46, 
46,classic
46,ran
46,shortage
46,rivermouth
46,ane
46,Numerous
46,no
46,such
46,the
46,its
46,small
46,Dahoacarg
46,Pouts
46,has
46,that s
46,waves
46,With
46,Nea
46,1n
46,Ericeira
46,With.
46,Ahezli
46,290
46,2229872
46,and
46,'9
46,Lourenço
46,centre
46,(19m1)
46,Sunset
46,classy
46,728225
46,1
46,Fateoninei
46,surfing
46,point
46,1
46,quite
46,class
46,play
46,headlands
46,055
46, {ofgs 5
46,0a
46,"Peniche,"
46,"5c4,1 '"
46,world
46,30km
46,222405
46,rght
46,ortuguese
46,considered
46,doesn'
46,concentration
46,São
46,swell
46,protection
46,hikened
46,mere
46,with
46,rocky
46,into
46,heavy
46,stormy
46,Arlantic
46,swells
46,"Lisbon,"
46,Lisbon.
46,been
46,wind
46,ups;
46,breaks
46,favour
46,typical
46,bigv
46,can
46,sel
46,rhe
46,quality
46,pretty
46,and
46,from
46,rouna
46,Erceira
46,shape
46,coast
46,have
46,Ffolrly
46,Peniche
46,tend
46,Waves?
46,postelenlase
46,consistent
46,Eocena
46,Boitio
46,D2; $
46,year
46,facing
46,stiii _
46,00os
46,swells
46,n (
46,but
46,challenging
46,Ihousands
46,Anvely
46,avnk
46,Ushon'
46,4nooi
46,south
46,ooe s1
46,with
46,4147
46,"Uisbon,"
46,for
46,Culture
46,rules.
46,~4allsne !
46,ane
46,1
46,1
46,Sbut
46,Iovn
46,oui
46,nearby
46,churches
46,1
46,1
46,61een
46,and
46,3019
46,1
46,Lrceira
46,ana
46,Dioaninnty
46,80teieslin
46,an
46,ntoht
46,Sushinqtoutist
46,14$
46,"47 ,"
46,hot
46,70667
46,edojes
46,72iuie
46,301ufda/
46,00ns
46,and
46,ne
46,owde
46,Mo/ai
46,ocole
46,4o
46,0ont
46,0n1n
46,oeky
46,10n
46,eiptn
46,8ne
46,v01
46,'19976|
46,00ii
46,ahe
46,60n6itions
46,he
46,000n
46,0
46,o
46,0ale:
46,Meeele:
46,ahos
46,84|/
46,06ino0ene
46,07
46,Wovei
47,0
47,0
47,o
47,Go<
47,45
47,o8ky
47,Sc
47,sid€
47,955
47,xh
47,01
47,1h>
47,~nC
47,o
47,05
47,01
47,10
47,{e
47,3
47,V
47,1o>
47,be
47,and
47,6
47,O
47,n
47,e
47,3
47,e
47,15
47,veN
47,41
47,An
47,31
47,v
47,2
47,Ericeira
47,EuropE
47,Portugal
47,Spain
47,reef
47,expenencea
47,classic
47,0
47,shortage
47,rivermouth
47,shannel
47,Numerous
47,no
47,such
47,Poits
47,has
47,small
47,Dachpacking
47,waves
47,with
47,nea'
47,Ericeira
47,28d
47,with.
47,Coss e5
47,Alezur
47,and
47,Lourenço
47,centre
47,(19m1)
47,723
47,7222p5
47,classy
47,surfing
47,FDF ng?
47,point
47,quite
47,Suns
47,class
47,aountne)
47,play
47,ViSIE .
47,headlands
47,233
47,5vfof7e? 
47,ar `
47,62823
47,"Peniche,"
47,the
47,Tocks
47,world
47,30km
47,Tjins
47,7222205
47,anen 
47,right
47,abc ~
47,2
47,ortuguese
47,9po0 
47,considered
47,doesn'
47,São
47,530ware
47,Atrom
47,swell
47,concentration
47,protection
47,hikened
47,wonty
47,Sfne
47,Apart
47,mere
47,with
47,feva
47,1
47,into
47,heavy
47,rocky
47,ns
47,stormY
47,Arlantic
47,hutte
47,Waseles
47,9170>
47,the
47,(9451
47,swells
47,"Lisbon,"
47,there >
47,Lisbon .
47,been
47,"ups,"
47,breaks
47,wind
47,favour
47,typical
47,n
47,"iol alosm,"
47,big?
47,can
47,sel
47,the
47,~pretty
47,quality
47,from
47,the
47,and
47,round
47,Ericeira
47,shape
47,coast
47,have
47,falrly
47,Peniche
47,tend
47,"waves,"
47,"posteleclas,"
47,consistent
47,oas
47,Eucena
47,Ycai
47,Mattie
47,facing
47,sti
47,0oros
47,swells
47,Ca
47,but
47,challenging
47,Ihousands
47,hnvely
47,Usbon'
47,south
47,wvhth
47,"Asbon,"
47,kor
47,Cuhure
47,ruless
47,ana
47,Abut
47,Iovn
47,0u
47,ngarhy
47,churehes
47,6ueen
47,and
47,"Sinuia,"
47,and
47,Diomnity
47,"801eies0in),"
47,Fricenta
47,ntoht
47,"""ushinqioutist"
47,"52,"
47,706
47,6 $
47,Aedoes
47,0aiur
47,1en
47,Lonlsh
47,1n1?
47,0nu
47,'tunday
47,hes
47,"""oiai"
47,Aocole
47,Dont
47,001o
47,"e ,11 "
47,1o6ky
47,0n
47,Fohan
47,0
47,het
47,1
47,1
47,12inpu
47,'18170 1
47,8100
47,4202844
47,hes
47,O0n
47,cosles
47,Meeelee
47,00s
48,0
48,0
48,25
48,n0
48,915
48,0
48,N€
48,39'
48,Ko
48,Ahe
48,0
48,0
48,O
48,o
48,4
48,< ~
48,5
48,be
48,(ne
48,{h
48,Ke
48,05
48,P
48,0+ tnr
48,10
48,e
48,6
48,10
48,00
48,3
48,e
48,SM
48,6n
48,1
48,Ae
48,0
48,0
48,Ericeira
48,EuRopE
48,PortugAl
48,Spain
48,reef
48,classic
48,shortage
48,rivermouth
48,Numerous
48,such
48,Pouts
48,has
48,small
48,backpacking
48,waves
48,with
48,ne2'
48,49d
48,Ericeira
48,with .
48,(ea3
48,and
48,Lourenço
48,Aljezur
48,(19m1)
48,centre
48,722253
48,classy
48,surfing
48,point
48,quite
48,class
48,bings
48,play
48,Fabsinthe)
48,1ss
48,headlands
48,visa{
48,62e
48,"Peniche,"
48,orld
48,30km
48,ors
48,7222275
48,right
48,Juins
48,abou'
48,7
48,'ortuguese
48,considered
48,doesn'
48,swell
48,concentration
48,protection
48,São
48,hikened
48,rom
48,"Jod ,"
48,woffy
48,22
48,with
48,mere
48,Apart
48,heavy
48,"5uf,"
48,rocky
48,into
48,i
48,stormY
48,Arlantic
48,nas
48,hutle
48,Sagres 
48,Fat< &
48,the
48,swells
48,"Lisbon,"
48,Lisbon.
48,been
48,coasi
48,ue
48,wind
48,n
48,ups;
48,breaks
48,favour
48,thc
48,Wesi
48,and
48,brcaks
48,big;
48,dve5
48,can
48,er
48,oh
48,quality
48,owns
48,and
48,from
48,the
48,Snoinr
48,crowded
48,nncher
48,shape
48,Ericeira
48,coast
48,T06ks
48,have
48,Wrm
48,eniche
48,tend
48,pastelertas
48,"waves,"
48,4i€
48,1atp
48,consistent
48,01ote
48,1 '0
48,bays
48,Ercetra
48,year
48,facing
48,Ihene
48,stiii
48,G5xos.
48,swells
48,but
48,challenging
48,~nvely
48,"Usbon,"
48,south
48,wnh
48,hous
48,"Llsbon,"
48,for
48,Cuhure
48,rules
48,310
48,Sbut
48,10vn
48,churches
48,61ec1
48,and
48,ond
48,"801eresuin ,"
48,3nuo
48,Lrcenra
48,Diozitnty
48,nighi
48,"""ushinqtoutist"
48,6l
48,Mature
48,nn:
48,Soiminay
48,1ne
48,an0
48,notal
48,0oni
48,001n
48,ocky
48,'0ef
48,n
48,Aees
48,90l /
48,'1su7v
48,4ti
48,he
48,0
48,0n8n
48,Meeelee
48,70
49,0
49,0
49,25
49,15?
49,0
49,ro
49,0
49,3<
49,9
49,0'
49,5
49,be
49,(h Ahe
49,10
49,Ahc
49,05
49,4ì {n?
49,Ko
49,48
49,Du
49,(v
49,6
49,10
49,3
49,0e
49,SM
49,21
49,Aw
49,3
49,9v
49,Ericeira
49,EuropE
49,Portugal
49,Spain
49,reef
49,classic
49,shortage
49,rivermouth
49,Numerous
49,no
49,such
49,Points
49,has
49,small
49,Waves
49,wIth
49,2d
49,Ericeira
49,With.
49,CoesStet
49,and
49,(19m1)
49,centre
49,"73,"
49,732225
49,classy
49,Lourene
49,surfing
49,qunte
49,class
49,play
49,653
49,headlands
49,22222
49,anc
49,"Peniche,"
49,the
49,7222225
49,orld
49,30km
49,abou .
49,rght
49,'e se
49,Portuguese
49,considered
49,doesn'
49,São
49,swell
49,concentration
49,protection
49,hikened
49,707s
49,32823
49,with
49,mere
49,i
49,heavy
49,rocky
49,into
49,stormy
49,Arlantic
49,afe G
49,the
49,swells
49,"Lisbon,"
49,Lisbon.
49,been
49,4 U€
49,ups;
49,wind
49,breaks
49,favour
49,big;
49,Wdvfs
49,can
49,ser
49,the
49,quality
49,from
49,and
49,sampied
49,Erceira
49,shape
49,coast
49,rocks
49,have
49,eniche
49,tend
49,"Waves,"
49,pasteleras
49,consistent
49,have
49,ba;$
49,Erceia
49,facing
49,Coxos
49,swells
49,Lago .
49,challenging
49,Invely
49,south
49,wnth
49,shop:
49,Usb
49,"', "
49,"Lksbon,"
49,kor
49,Cuhure
49,rules.
49,but
49,Iovin
49,out
49,churches
49,otreeis
49,and
49,ana
49,"1010ieslin ,"
49,Lrceira
49,Dtomimnty
49,niht
49,Oshioqntourist
49,02iur
49,01:
49,ana
49,20iunay
49,he
49,Moyai 
49,0ont
49,0no
49,10n
49,10e
49,'2v9
49,90l/
49,'1s171 |
49,80i
49,he
49,n8n
49,0t
49,Meeelee
49,en
50,0
50,4
50,~
50,hì
50,8
50,C
50,1`
50,0
50,0
50,45
50,no
50,955
50,01
50,<o
50,01
50,3<
50,0
50,"<"""
50,Y
50,Ahc
50,be
50,0
50,s
50,che
50,10
50,cied
50,T
50,e
50,00
50,os
50,e
50,N
50,Sn
50,5
50,(
50,1
50,SURF
50,dominant
50,size
50,8
50,wind
50,1
50,force
50,1
50,7
50,8
50,1
50,8
50,{
50,ino
50,{
50,{
50,1
50,>
50,!
50,{
50,""""
50,1
50,7
50,1
50,af Nou
50,7
50,{
50,8
50,1
50,Ericeira
50,EuRopE
50,Portugal
50,Spain
50,reef
50,classic
50,shortage
50,rivermouth
50,Numerous
50,such
50,Pouts
50,has
50,small
50,waves
50,With
50,ud
50,Ericeira
50,wIth .
50,{0455te 
50,and
50,(19m1)
50,centre
50,732665
50,classy
50,surfing
50,quite
50,class
50,0iss
50,play
50,headlands
50,Lov
50,C222
50,"Peniche,"
50,the
50,7222175
50,world
50,30km
50,72
50,Portuguese
50,considered
50,doesn'
50,São
50,swell
50,concentration
50,421s
50,protection
50,3022
50,0
50,With
50,mere
50,rocky
50,into
50,heavy
50,Jike
50,stormy
50,Arlantic
50,swells
50,"Lisbon,"
50,Lisbon .
50,been
50,wind
50,"ups,"
50,breaks
50,favour
50,"big,"
50,can
50,Se1
50,ihe
50,quality
50,from
50,and
50,Erceira
50,shape
50,coast
50,have
50,tend
50,eniche
50,"waves,"
50,consistent
50,ba;s
50,Ericeira
50,facing
50,"0oros"""
50,paste
50,Lago .
50,swells
50,challenging
50,Invel
50,5o
50,south
50,wvnth
50,toufas;
50,120
50,for
50,Usbon
50,Cuhture
50,rules.
50,Sookes
50,but
50,Iovn
50,churchess
50,and
50,and
50,interestone)e
50,Lrcenra
50,Drorimnty
50,nighu
50,Oshinqtoutist
50,Meiur
50,Sniunay
50,be
50,Bnu
50,onahe
50,0on
50,061o
50,",6e1"
50,10n
50,92
50,088 /
50,'181786 1
50,80ti
50,Ahes
50,06
50,Foses
50,Meeslee
51,F
51,()
51,41e
51,0}
51,p>
51,4
51,e
51,8o
51,41
51,40
51,0
51,25
51,no
51,95?
51,0
51,(o
51,9
51,3<
51,9
51,A
51,chc
51,be
51,{he
51,"010"""
51,0
51,Ine
51,(e8
51,10
51,11
51,4' `
51,6
51,3
51,e
51,n
51,51
51,SWNV
51,NW
51,Statistics
51,SW
51,swell
51,SURF 
51,dominant
51,consistency
51,wind
51,swen
51,7155
51,dominant
51,force
51,$
51,C
51,TCf)
51,8
51,average
51,consistency
51,cencre
51,temp
51,Lourenço
51,5
51,Water
51,1
51,}
51,wetsurt
51,So
51,8
51,{
51,8
51,IaV
51,{
51,8
51,ar€
51,0
51,<
51,1
51,8
51,crowds
51,Ericeira
51,1
51,7
51,Nennehnes
51,EURopE
51,Portugal
51,Spain
51,reef
51,classic
51,shortage
51,rivermouth
51,Numerous
51,such
51,Pounts
51,has
51,small
51,waves
51,wth
51,Ard
51,Ericeira
51,with .
51,CoaSte5
51,and
51,(19m1)
51,centre
51,32255
51,classy
51,surfing
51,quite
51,class
51,play
51,04ss
51,headlands
51,2228
51,"Peniche,"
51,the
51,72222 05
51,world
51,30km
51,42
51,Portuguese
51,considered
51,doesn'
51,swell
51,concentration
51,Sac
51,05
51,protection
51,82823
51,with
51,mere
51,rocky
51,into
51,stormY
51,heav
51,Arlantic
51,swells
51,"Lisbon,"
51,Lisbon.
51,beer
51,wind
51,"ups,"
51,breaks
51,favour
51,can
51,ser
51,quahity
51,from
51,che
51,and
51,Ericeira
51,shape
51,coast
51,have
51,eniche
51,tend
51,"Waves,"
51,consistent
51,oas
51,facing
51,Goxos
51,Lago .
51,swells
51,CG{
51,challenging
51,Th
51,south
51,wvath
51,"Alred ,"
51,toufas;
51,tor
51,Cuhure
51,rules.
51,spoker
51,but
51,Iown
51,churehs
51,and
51,and
51,Lrcenra
51,Droaimnity
51,Mihu
51,"""shingntoutist"
51,1
51,1 
51,Inteie
51,Meiure
51,30lunda/
51,0n0
51,Don
51,9n1o
51,6u6e
51,Fan
51,20
51,90l /
51,'1s1/1/ 1
51,9n
51,00nn
51,A 8
51,cesles
51,Meeelee
51,"""oe"
52,w
52,89
52,506
52,6}
52,5w
52,65
52,(0)
52,0l
52,70
52,th'
52,J0
52,4
52,9
52,J0
52,ph
52,Iju
52,0
52,no
52,0
52,<o
52,0
52,01
52,5
52,Ahc
52,be
52,Se
52,Ahc
52,0
52,10
52,31
52,0e
52,1
52,NW
52,Nw
52,NW
52,Cw !
52,F}fa
52,60
52,7
52,VN
52,MW
52,F} Fa
52,Statistics
52,SWV
52,757
52,swell
52,16/6 
52,SURF
52,W-€
52,dominant
52,(ee )
52,74757
52,size
52,consistency
52,wind
52,swell
52,13/55
52,dominant
52,force
52,8
52,(e)
52,"(""Cire)"
52,8
52,average
52,consistency
52,Ceneres
52,Ftemp
52,Lourengo
52,5
52,Water
52,1
52,}
52,wetsurt
52,)sao
52,{
52,8
52,{
52,5
52,IMV
52,5
52,3
52,Ericeira
52,ae
52,0
52,5
52,7
52,8
52,crowds
52,)checking
52,5
52,EuRopE
52,7
52,Penche
52,lev
52,Ife
52,Portugal
52,Spaiw
52,7
52,reef
52,classic
52,shortage
52,rivermouth
52,Numerous
52,as
52,such
52,Poits
52,its
52,has
52,small
52,waves
52,With
52,69d
52,Ericeira
52,(o43572 
52,with .
52,and
52,centre
52,(19m1)
52,52n
52,32625
52,classy
52,surfing
52,class
52,quite
52,0iss
52,play
52,headlands
52,C2
52,"Peniche,"
52,the
52,7222208
52,world
52,30km
52,'ortuguese
52,considered
52,doesn'
52,swell
52,concentration
52,protection
52,22923
52,with
52,mere
52,rocky
52,nto
52,stormy
52,Atlantic
52,swells
52,"Lisbon,"
52,Lisbon
52,"ups,"
52,breaks
52,wind
52,favour
52,bigz
52,can
52,Ser
52,quality
52,from
52,and
52,shape
52,Erceira
52,coast
52,have
52,Peniche
52,tend
52,"waves,"
52,consistent
52,b2;$
52,facing
52,Coxos.
52,swells
52,1>
52,Co
52,challenging
52,south
52,1
52,1vn1'
52,10u*
52,for
52,Culture
52,rules.
52,spok.
52,but
52,Iovn
52,sbishen)
52,churcher
52,an1t)
52,and
52,Lrcenra
52,and
52,1491v} /
52,Jushinotourist
52,Diottin
52,1
52,1t'y
52,8ir
52,0n
52,Saiunay
52,1
52,"1,nn"
52,10n
52,'8
52,se
52,"9,0l/"
52,'181/1/ 1
52,80n
52,09n
52,20
53,Sw
53,5W
53,10
53,W
53,20
53,W
53,50
53,1
53,52
53,65
53,F^
53,94
53,08
53,(0)
53,1
53,e
53,0
53,J(c
53,0
53,ny
53,C
53,06
53,45
53,n0
53,45?
53,0
53,ro
53,0
53,O<
53,0
53,5
53,Ahc
53,be
53,Se
53,Ahe
53,0
53,O
53,Kow
53,à`
53,4`
53,44`
53,`
53,8
53,3
53,NW
53,NW
53,NW
53,e
53,NW
53,W-n
53,Fjfa
53,75/59
53,ENW
53,Nw
53,SW-
53,F}fa
53,77752
53,ENW
53,Wn
53,Statistics
53,SW F
53,F} Fa
53,78/57
53,WN
53,swell
53,SURF
53,16/6
53,WE
53,dominant
53,ee)
53,514757
53,size
53,consistency
53,wind
53,swell
53,13/55
53,dominant
53,force
53,$
53,8
53,(CiF)
53,average
53,consistency
53,{
53,temp
53,5
53,Lourenço
53,8
53,Water
53,7
53,wersunt
53,sao
53,Rd
53,Ericeira
53,8
53,7
53,MaIV
53,8
53,Vou
53,1
53,EuRopE
53,crowds
53,3
53,Conos
53,5
53,1
53,Pernches
53,Len
53,Ortugal
53,Spaiw
53,1
53,Jd
53,reef
53,ot
53,classic
53,shortage
53,rivermouth
53,Numerous
53,such
53,Pouts
53,has
53,small
53,Waves
53,wIth
53,erd
53,Ericeira
53,CoaSte
53,wIth .
53,and
53,72 
53,32685
53,centre
53,(19m1)
53,classy
53,surfing
53,class
53,quite
53,0iss
53,play
53,headlands
53,62823
53,322
53,"Peniche,"
53,the
53,012
53,7222225
53,world
53,30km
53,2
53,Portuguese
53,considered
53,doesn'
53,6901s
53,swell
53,concentration
53,protection
53,84283823
53,with
53,mere
53,rocky
53,into
53,stormy
53,Atlantic
53,swells
53,"Lisbon,"
53,Lisbon.
53,"ups,"
53,breaks
53,wind
53,favour
53,big;
53,can
53,ser
53,quahity
53,from
53,and
53,Ericeira
53,shape
53,coast
53,have
53,Peniche
53,tend
53,"Waves,"
53,consistent
53,bays
53,facing
53,Coxos
53,swells
53,Co{
53,challenging
53,south
53,rules
53,but
53,"` $, )"
53,and
53,and
53,Lrcenra
53,1
53,Ishinqtoutisi
53,herg
53,1
53,"8aiur"""
53,annei
53,1
53,1
53,4 >
53,"1,h"
53,'209
53,44 211 .
53,90l/
53,51<
53,'181716 1
53,490s
53,1
53,"""ote"
53,0/v3M
54,Sw
54,w
54,0
54,64
54,W '
54,50
54,0
54,NW
54,62
54,"Sw"""
54,0
54,jt2
54,6 0
54,c
54,ji
54,0
54,25
54,11?
54,01
54,ro
54,01
54,<
54,20
54,L
54,ehe
54,be
54,rhe
54,0
54,O
54,Kow
54,1/
54,4t
54,LN
54,Sw
54,NW
54,NW
54,NW
54,WN
54,F3f4
54,73/59
54,ENW
54,Nw/
54,SW
54,F} fa
54,7762
54,StATISTICS
54,F}fa
54,18/64
54,Wn
54,swell
54,SURF _
54,16/6 
54,dominant 
54,(
54,size
54,714757
54,consistency
54,1
54,Wind
54,3
54,13/55
54,dominant
54,$
54,force
54,TTrF)
54,average
54,consistency _
54,"""temp"
54,2
54,Water
54,Lourenco
54,Wetsurt
54,Ericeira
54,Jsao
54,RIb
54,EuRopE
54,manV
54,(
54,os
54,Portugal
54,Spain
54,4
54,reef
54,classic
54,shortage
54,rivermouth
54,Numerous
54,no
54,such
54,Poits
54,has
54,small
54,waves
54,With
54,44d
54,Ericeira
54,With .
54,(o*557e7
54,and
54,centre
54,(19m1)
54,~2
54,35255
54,classy
54,surfing
54,Aclass
54,0255
54,play
54,headlands
54,qu1
54,22523
54,"eniche,"
54,the
54,7222278
54,s
54,world
54,30km
54,Portuguese
54,considered
54,70s
54,swell
54,concentration
54,doesn'
54,protection
54,252823
54,with
54,mere
54,rocky
54,nto
54,stormy
54,Arlantic
54,swells
54,Lisbon
54,"ups,"
54,breaks
54,wind
54,favour
54,b1g?
54,can
54,ser
54,from
54,the
54,and
54,Erceira
54,qual
54,shape
54,coast
54,have
54,eniche
54,tend
54,wave
54,consistent
54,ba; $
54,facing
54,"0oros"""
54,swells
54,C
54,challengig
54,south
54,rules.
54,but
54,and
54,Lrcetra
54,199071889 (
54,1
54,41otnne<
54,1
54,Mal
54,1
54,Minte
54,11u
54,11e
54,", 9'} ^"
54,Mawey
54,"""thest"
54,"26,14149)"
54,i
54,067v0
54,41161
55,sw
55,Sw
55,5w /
55,0
55,'Sà0
55,7
55,2
55,jss
55,0
55,01
55,0
55,4
55,(o
55,05
55,20
55,56
55,1
55,be
55,Koe
55,0
55,Kow
55,0
55,Nw
55,'NW
55,W Nw
55,W NW
55,'Sw Nw
55,5} f}
55,'NW =
55,5StATISTICS
55,F}fa
55,WN
55,176/
55,"""swell"
55,F}f
55,SURFs
55,Wn
55,comant _
55,77864
55,el svze (ft)
55,masteng (2
55,6 6'
55,wind
55,1457
55,ant _
55,Ericeira
55,force
55,715s
55,retege
55,Ce)
55,zteng_
55,EuRopE
55,loureno
55,Sou{n
55,Portugal
55,hcndhiee
55,Raoha
55,Spain
55,nghrn
55,around
55,shih 
55,Marlon
55,called 
55,Soa
55,Inat
55,peel
55,cachbrcak 
55,swells
55,'spot; '
55,Coy
55,ycac
55,Ive
55,anz'
55,"sweil ,"
55,shortage
55,class
55,Numerous
55,riverm
55,winds
55,no
55,suck
55,Points
55,has
55,small
55,dland
55,star
55,waves
55,Ad
55,(24s5te
55,Ericeira
55,with.
55,nd
55,52
55,22255
55,and
55,centre
55,surfing
55,0s}
55,class
55,play
55,62?
55,headlands
55,"Peniche,"
55,7222275
55,22
55,the
55,world
55,96 s
55,'ortuguese
55,considered
55,swell
55,concentration
55,252823
55,with
55,mere
55,rocky
55,into
55,Arlantic
55,swells
55,Lisbon.
55,"uPs,"
55,breaks
55,wind
55,set
55,can
55,from
55,Athe
55,and
55,shape
55,Ericeira
55,have
55,Peniche
55,tend
55,ova
55,Coros
55,facin
55,swells
55,IF{
55,south
55,chal
55,Sbut
55,and
55,Lrcenra
55,'5047
55,The
55,714194911
55,oton
55,"8201,"
55,
56,0
56,6
56,4e
56,0r
56,(2
56,zhe
56,87
56,423
56,1
56,0
56,and
56,{
56,48
56,01
56,e
56,ded
56,of
56,Sn
56,no
56,(0 an
56,9s
56,ro
56,wnch
56,01 
56,40
56,bvely
56,1o
56,S1
56,Ahe
56,of jhe
56,be
56,bÉ
56,01
56,6
56,Ericeira
56,EuRopE
56,An
56,There <
56,5ouu
56,n
56,Portugal
56,Conraos
56,Pie
56,nehrnanders
56,henun
56,cons
56,Rocha
56,Spain
56,around
56,acn 
56,rlon
56,called
56,that
56,Soo
56,peel
56,bcachbreak
56,swells
56,"SPoE,"
56,ycac
56,rights
56,levanz
56,swell
56,umey
56,Treacherous
56,big
56,'central
56,duranon
56,classic
56,waves
56,breaking
56,rhis
56,remair
56,mesh
56,undeveloped
56,Olating
56,Kor
56,Points
56,scattered
56,Nun
56,ha s
56,Ad
56,(5435727
56,n
56,Ericeira
56,With .
56,a
56,726ef5
56,; beaches=
56,"small,"
56,and
56,03}
56,scmpty
56,62223
56,play
56,The
56,clas
56,headlands
56,'Sagres
56, rocks.
56,"eniche,"
56,2e2
56,222228
56,world
56,take
56,swell
56,considered
56,70
56,town
56,big
56,~wide
56,with
56,rocky
56,flocated 
56,into
56,ortu
56,Arlantic
56,weli !
56,swells
56,con
56,ups;
56,Fadvantage '
56,ser
56,the
56,can
56,winy
56,swehl _
56,Erceira
56,shape
56,Vincent
56,oas
56,aoul
56,Coros
56,and _
56,CC
56,About 
56,Saki
56,"supe,"
56,nonth
56,sshelrer 
56,"Anifana,"
56,yood
56,Muh
57,0
57,1
57,of the
57,40
57,of
57,1
57,88
57,mix
57,che
57,8
57,1
57,6
57,1
57,Gn
57,and
57,92s
57,0r
57,b18
57,e
57,0n (0
57,of
57,9s ?
57,he classic
57,o1
57,01
57,=
57,r0 an
57,<0
57,815
57,ro
57,Jones
57,300
57,woth
57,o5
57,{o
57,khe
57,be
57,f
57,05
57,Koe
57,she
57,1
57,Ericeira
57,EuRopE
57,Ana
57,incene
57,There `
57,Co
57,4e71
57,Portugal
57,conspie
57,nghmhander
57,headhien
57,ea
57,Spain
57,Rocha
57,around
57,Ahia
57,Marlon
57,called
57,that
57,Shor
57,cofnee
57,peel
57,beachbrcak
57,swells
57,"""spot,"
57,76-8ft /
57,yeac
57,"""inioxicaning"
57,righrs
57,was
57,wave
57,over
57,~levanz
57,swelle
57,Linfluences.
57,umes 
57,Treacherous
57,big7
57,explored
57,rideable
57,central
57,until
57,experienced
57,durauon
57,very
57,classic
57,""" reefs"
57,waves
57,hannel
57,n3
57,this
57,'uncrowded
57,undeveloped
57,winds.
57,'mesh
57,Boits
57,"{8ood,"
57,scattered
57,has
57,rundularing
57,headland
57,Star
57,44d
57,(248 5127
57,Ericeira
57,'Benrly 
57,With
57,22265
57,and
57,beack
57,"small,"
57,'beaches
57,down 
57,(s}
57,Legin
57,62
57,play
57,headlands
57,Jadig
57,The
57,7226225
57,"Peniche,"
57,Sagres
57,Lempty
57,worl
57,2085
57,rocks.
57,2009
57,swell
57,take
57,wide
57,with
57,town
57,consic
57,rocky
57,into
57,Arlantic
57,Jvely
57,located
57,Cape
57,swells
57,ups;
57,WCsi
57,wchi
57,advantage
57,get
57,can
57,indow
57,mnccl.
57,shape
57,Ericeira
57,bere
57,b2;5
57,00kos
57,quoh
58,0
58,4
58,2
58,Ahe
58,
58,8f
58,05
58,681
58,4
58,khe
58,1;
58,6
58,<0
58,Ic
58,Ars
58,ur
58,and is an
58,e
58,42
58,be
58,0f
58,15
58,surf region
58,0f
58,01
58,821
58,the
58,=
58,K
58,ahc
58,0
58,for
58,ro
58,15 4
58,(S
58,Au1
58,3
58,01
58,[0
58,u
58,he
58,00
58,of jhcoy
58,Ericeira
58,Europe
58,There
58,C
58,un
58,Portugal
58,Ougn
58,e1
58,'Pie
58,nenmnanderi
58,heahien
58,fea
58,Spain
58,cons
58,Rocha
58,around
58,Ahca
58,Marlon
58,called
58,har
58,Snor
58,peel
58,"(beachbreak ,"
58,swells
58,"spot,"
58,year
58,cornCr
58,righrs
58,mix
58,wave
58,over
58,"""levanr'"
58,~western
58,swel
58,rintoxicating 
58,Was
58,umes
58,Aolio-1
58,Treacherous
58,big
58,big
58,rideable
58,until
58,durauon
58,influences. `
58,and
58,experienced
58,very
58,classic
58,central
58,explored
58,' Mlediterranean 
58,breaking
58,channel
58,remains
58,this
58,waves
58,reefs
58,winds.
58,undeveloped
58,for
58,Points
58,classic
58,uncrowded
58,mesh
58,'backpacking
58,headland
58,art
58,scattered
58,only
58,evo
58,(o85 57E7
58,near
58,contain /
58,undulating
58,3208
58,hes
58,ICA '
58,and
58,"good, ="
58,Aljezur
58,02ss
58,"small,"
58,the
58,02
58,an
58,Pucntial |
58,beaches
58,swells
58,gently
58,begy
58,n95
58,visit
58,and
58,22
58,280425
58,"Peniche,"
58,northern
58,32
58,down
58,Sagres
58,The
58,79cs
58,"""side"
58,swell
58,12829
58,even
58,Jeading
58,empty
58,big
58,720
58,rocks.
58,take
58,with
58,the
58,fields;
58,wide
58,doesn €
58,Arlantic
58,Jong '
58,roc
58,town
58,with
58,and
58,located
58,clutts _
58,"ups,"
58,Jively
58,sel
58,rhe
58,well
58,advantage
58,window
58,shape
58,Ericcirs
58,wher
58,b2; $
58,swell
58,Goxos
58,"Vicent,"
58,south
58,Aok
58,"o""res"
58,and
58,out
59,0
59,10
59,88
59,1
59,St1
59,01
59,0
59,1
59,he
59,1
59,42s
59,Jr
59,118
59,Lc
59,8e
59,15
59,is the
59,75
59,0
59,be
59,01
59,0
59,chan
59,5o
59,K<
59,Ahe
59,5
59,61
59,the
59,ro
59,15
59,Ahe
59,31
59,o
59,1
59,So
59,Hne
59,'s
59,0
59,S5
59,ro
59,00
59,20
59,1
59,o1 jhe
59,05
59,298
59,5f
59,01
59,V
59,48v
59,99
59,Ab'
59,o
59,'ln
59,Ericeira
59,EURopE
59,L
59,There <
59,Portugal
59,Ouln
59,cera
59,Pife
59,ngathanders
59,hendhien
59,fco
59,Spain
59,cons
59,Rocha
59,around
59,hcn
59,Marlon
59,called
59,"'Shor ,"
59,Athat
59,"(beachbreak ,"
59,peel
59,(swells
59,"spot,"
59,Jear
59,he
59,rights
59,or
59,Wave
59,over
59,~levanr'
59,swe
59,Mix
59,umcs
59,corner
59,Was
59,Treacherous
59,big
59,intoxicating
59,rideable
59,(durauon
59,-western
59,until
59,experienced
59,very
59,classic
59,and
59,influences.
59,'south-
59,central
59,explored
59,breaking
59,an
59,channel
59,remains
59,this
59,Algarve
59,and
59,waves
59,Medirerranean
59,Points
59,Peninsula 
59,winds.
59,undeveloped
59,for
59,reefs
59,backpacking
59,44d
59,mesh
59,uncrowded
59,headland
59,(22357e7
59,start
59,only
59,scattered
59,near
59,region
59,classic
59,729
59,3eE65
59,and
59,beaches .
59,Aljezur
59,Anantic
59,(surf _
59,undulating
59,and
59,6s}
59,222?
59,side
59,European
59,"small,"
59,contain
59,230248
59,begin
59,ally;
59,"good,"
59,and
59,>
59,swells
59,brings
59,visit.
59,beaches
59,absinthel
59,northern
59,other
59,7o3s
59,rocks
59,doesn'
59,Sagres
59,about.
59,2001d
59,2r2823
59,for
59,gently
59,The
59,down
59,porential
59,even
59,'mmner
59,ruins
59,big
59,from
59,worrY
59,empty
59,rocks.
59,take
59,surfers
59,leading
59,wide
59,ne
59,ew
59,the
59,countryside
59,doesn €
59,town
59,Jong '
59,with
59,Cape
59,"ields,"
59,located
59,and
59,west
59,36171 )
59,Jively
59,"small ,"
59,cliffs
59,antage
59,sur
59,the
59,well
59,window
59,MCCl
59,hien
59,swell
59,"Vincent,"
59,and
59,nourh
59,Arrifana
59,Wood
60,7
60,JeHgane
60,0
60,4
60,0
60,88
60,;
60,of che  01
60,8112
60,1
60,<o
60,018
60,9rs
60,"0r , bi0"
60,Lc
60,8c
60,'5
60,the
60,15 an
60,95
60,0
60,ne
60,be
60,01
60,0
60,ro
60,<
60,ahe
60,~
60,61
60,zhe
60,(0
60,15
60,Ahe
60,an
60,79
60,50
60,1
60,for
60,co
60,549 |
60,15 ^
60,0
60,Se
60,S5'
60,che
60,o
60,10
60,she
60,Tpc
60,05
60,05
60,sne
60,he
60,S11
60,o1
60,Ericeir
60,EuRope
60,There
60,Portugal
60,n
60,Pife
60,nghthander
60,headhen
60,Spain
60,Conse
60,Rocha
60,Ahich
60,around
60,called
60,Marlon)
60,"Shor,"
60,that
60,beachbreak .
60,peel
60,swells
60,"spot,"
60,year
60,rights
60,Wave
60,levanr'
60,over
60,the
60,swer
60,umcs
60,Mix
60,corner
60,Was
60,Treacherous
60,intoxicating
60,(durauon
60,rideable
60,western
60,until
60,experienced
60,very
60,classic
60,and
60,influences
60,central
60,south -
60,explored
60,breaking
60,channel
60,remains
60,this
60,and
60,Points
60,waves
60,Mediterranean
60,Algarve
60,winds.
60,undeveloped
60,Peninsula
60,for
60,reefs
60,'backpacking
60,eno
60,{255124
60,mesh
60,uncrowded
60,headland
60,start
60,72
60,only
60,32255
60,scattered
60,Anear
60,classic
60,region
60,Iberian
60,and
60,beaches .
60,6ss
60,Aljezur
60,undulating
60,2218
60,surf
60,and
60,Arlantic
60,side
60,"small,"
60,7222275
60,European
60,2
60,"naturally,"
60,contain
60,begin
60,and
60,"good,"
60,swells
60,brings
60,visit.
60,beaches
60,absinthe!
60,northern
60,other
60,32823
60,rocks
60,Sagres
60,about
60,Cu
60,open
60,The
60,ator
60,"doesn t ,"
60,gently
60,down
60,even
60,potential
60,summer
60,ruins
60,big
60,from
60,empty
60,worrY
60,take
60,rocks.
60,he
60,surfers
60,leading
60,Ac
60,wide
60,Athe
60,good
60,few
60,doesn 1
60,countryside
60,Apart
60,town
60,on
60,Sagres <
60,area
60,long '
60,with
60,"Porizal,"
60,Cape
60,when
60,Chas
60,Aware
60,vibe
60,located
60,fields; 
60,Ilttle
60,omne
60,west
60,The
60,Fand
60,56111 )
60,Jively
60,coost
60,he
60,smnall
60,the
60,Waves
60,clitfs
60,Oks
60,antage
60,well
60,window
60,mcet.
60,and
60,hiro
60,where
60,251i)
60,Wav(
60,adve
60,e
60,swell
60,"Vincent,"
60,Un
60,OvC
61,10.
61,The Algarve
61,4
61,68
61,1;
61,0f chc
61,01
61,681212
61,0
61,<0
61,42s
61,Jr
61,118
61,J
61,8e
61,'95
61,is an
61,15
61,che
61,0
61,be
61,01
61,0
61,28
61,ro
61,K
61,he
61,Ihe
61,~
61,61
61,2
61,rhe
61,o
61,19
61,ihe
61,0n
61,50
61,o
61,co
61,Ls
61,4
61,15 0
61,0
61,S5
61,Ahe
61,ahe
61,O
61,01
61,1o
61,0c+80
61,She mne
61,1o
61,Ahe
61,Du
61,ne
61,14
61,0
61,An
61,ot
61,o1
61,EuRopE
61,Ln
61,And
61,There
61,Portugal
61,Ouun
61,Na
61,Conepife
61,nehmhanderi
61,eadhien
61,Spain
61,Ca
61,Rocha
61,hich
61,around
61,called
61,rlon
61,Shors
61,Athar
61,beachbreak .
61,swells
61,peel
61,"spot,"
61,yeaz
61,rights
61,Wave
61,levanz'
61,the
61,over
61,MiX
61,corner
61,umes
61,Sn
61,Was
61,intoxicating
61,Treacherous
61,big
61,durauion
61,rideable
61,western
61,until
61,experienced
61,very
61,and
61,classic
61,influences
61,central
61,explored
61,south
61,breaking
61,channel
61,remains
61,this
61,and
61,waves
61,Mediterranean
61,winds .
61,undeveloped
61,reefs
61,for
61,Algarve
61,Peninsula
61,backpacking
61,Co7357e7
61,mesh
61,ded
61,headland
61,start
61,32688
61,scattered
61,only
61,classic
61,near
61,region
61,uncrow
61,beaches.
61,(ss
61,Iberian
61,undulating
61,and
61,Aljezur
61,and
61,surf
61,side
61,a
61,"small,"
61,Arlantic
61,begin
61,"naturally,"
61,"good,"
61,European
61,contain
61,and
61,beaches
61,swells
61,visit.
61,brings
61,absinthe!
61,northern
61,other
61,Sagres
61,rocks
61,The
61,open
61,about.
61,gently
61,down
61,for
61,doesn' t
61,even
61,major
61,summer
61,ruins
61,porential
61,big
61,"""from"
61,empty
61,take
61,rocks.
61,worry
61,leading
61,surfers
61,and
61,wide
61,the
61,the
61,doesn t
61,good
61,~few
61,akhouen
61,Apart
61,side
61,town
61,On
61,area
61,long
61,with
61,'Sagres =
61,rhe
61,Cape
61,when
61,~has
61,located
61,Beware
61,vlbe
61,country
61,"fields,"
61,west
61,some
61,Iittle
61,"Portugal,"
61,6111 )
61,and
61,Jively
61,coast
61,Ahe '
61,Sucous
61,Massles
61,small
61,waves
61,cliffs
61,breoks.
61,Tne
61,theres
61,advantage
61,has 
61,well
61,mcet.
61,Fand -
61,window
61,West
61,mpled
61,and
61,Chigh
61,where
61,ided
61,ocks
61,(2Sm1)
61,Nns
61,coasts
61,6oess
61,swell
61,Uasline
61,"Vincent,"
61,AOkmn
61,Cove
61,es
61,crb
61,Mn
62,6 <
62,10 The Algarve
62,4
62,0
62,2:
62,8}1
62,01
62,0f ché
62,Y
62,0
62,<
62,9rs
62,Ur
62,618
62,38
62,Ic
62,8e
62,15
62,an
62,15
62,rhe
62,01
62,~be
62,01
62,0
62,ro
62,K<
62,Ihe
62,4
62,61
62,the
62,o
62,45
62,KO
62,12
62,1o
62,co
62,05
62,~he
62,vs
62,S1
62,5
62,S
62,rh2
62,o
62,01
62,"O"""
62,1o
62,he
62,0
62,05
62,Ane
62,chc
62,Ane
62,01
62,01
62,1o
62,EURopE
62,Ln
62,And
62,There <
62,nn
62,PortugAl
62,South
62,nen
62,Conspife
62,Carrapat
62,nehrhanderi
62,hendhien
62,Spain
62,Rocha
62,hich 
62,around
62,called
62,Marlon)
62,that
62,Snod
62,"beachbreak ,"
62,peel
62,swells
62,"spot,"
62,the
62,year
62,Fights
62,wave
62,~levanz'
62,over
62,MX
62,corner
62,uimes
62,Was
62,intoxicating
62,Treacherous
62,big
62,rideable
62,durauion
62,western
62,until
62,experienced
62,very
62,and
62,classic
62,influences.
62,central
62,explored
62,south
62,breaking
62,channel
62,remains
62,this
62,waves
62,and
62,Medirerranean
62,winds.
62,undeveloped
62,reefs
62,for
62,Algarve
62,Peninsula
62,backpacking
62,mesh
62,uncrowded
62,che
62,headland
62,start
62,scattered
62,only
62,classic
62,region
62,near
62,beaches.
62,undulating
62,and
62,Iberian
62,Aljezur
62,and
62,surf
62,side
62,the
62,"small,"
62,Arlantic
62,an
62,begin
62,"naturally,"
62,"good,"
62,contain
62,beaches
62,swells
62,and
62,European
62,visit.
62,brings
62,absinthe!
62,northern
62,other
62,Sagres
62,open
62,rocks
62,The
62,about.
62,gently
62,down
62,for
62,doesn' 1
62,even
62,summer
62,ruins
62,major
62,potential
62,big
62,empty
62,take
62,(from
62,rocks.
62,worTY
62,the
62,leading
62,and
62,; surfers
62,wide
62,Athe
62,good
62,"""few"
62,doesn'1
62,town
62,Apart
62,nougn
62,countryside
62,long '
62,with
62,Farea !
62,Cape
62,'Sagres =
62,when
62,rhe
62,Sm)
62,Chas
62,located
62,Beware
62,~vibe
62,fields;
62,west
62,somne
62,little
62,and
62,56171 )
62,The
62,"Porrugal,"
62,Jively
62,rters<
62,coast
62,Hthe '
62,Taucous
62,Massles
62,small
62,waves
62,cliffs
62,breaks.
62,theres
62,Ine
62,advantage
62,has -
62,well
62,but
62,window
62,meet.
62,Fand
62,hordes.
62,west
62,sampled
62,06
62,and
62,where
62,rHfona
62,6a.
62,high
62,crowded
62,towns
62,rocks
62,(2Sm11)
62,ond
62,home
62,coasts
62,{ped
62,Kore s
62,"'isn,"
62,swell
62,Op
62,vC
62,Aine
62,"Vincent,"
62,Okin
62,Ove
62,south
62,"""perb"
62,from
62,apd
62,Cap
63,10.The
63,4
63,88
63,1
63,05
63,01
63,68112
63,6
63,he
63,<0
63,Ars
63,"""? } b18"
63,Tc
63,e
63,3
63,an
63,5
63,the
63,05
63,s
63,be
63,0
63,0
63,ro
63,K
63,he
63,be
63,4
63,61
63,che
63,<o
63,5
63,an
63,ro
63,for
63,o
63,co
63,15 2
63,0
63,G1'
63,Ahe
63,Ahc
63,Ane
63,a5
63,ro
63,01
63,"O"""
63,o
63,{e
63,01
63,65
63,Ane
63,Ahe
63,1o
63,ché
63,S
63,he
63,01
63,ot
63,9
63,2
63,E
63,Algarve
63,EuRopE
63,Ln
63,and 
63,Enf
63,C
63,ncre
63,Portugal
63,in
63,Outh
63,Ncer
63,Consoife
63,neghthanderi
63,headhien
63,Canraps
63,Spain
63,Rocha
63,hicn
63,around
63,called
63,Marton
63,thar
63,Sno
63,"beachbreak ,"
63,peel
63,swells
63,che
63,"spot,"
63,'yeaz
63,rights
63,wave
63,over
63,~levanz'
63,iix
63,corner
63,Kumes
63,Was
63,intoxicating
63,Treacherous
63,big
63,rideable
63,(durazion
63,western
63,until
63,experienced
63,and
63,very
63,classic
63,influences.
63,central
63,explored
63,south
63,breaking
63,channel
63,remauins
63,this
63,waves
63,and
63,Mediterranean
63,winds.
63,undeveloped
63,reefs
63,for
63,Peninsula
63,Algarve
63,mesh
63,backpacking
63,uncrowded
63,headland
63,start
63,scattered
63,only
63,classic
63,region
63,Anear
63,beaches.
63,undulating
63,and
63,Aljezur
63,and
63,Iberian
63,surf
63,side
63,"small,"
63,Athe
63,begin
63,naturally;
63,"good,"
63,Arlantic
63,contain
63,beaches
63,swells
63,and
63,visit.
63,European
63,brings
63,absinthe!
63,northern
63,other
63,Sagres
63,open
63,The
63,rocks
63,about.
63,gently
63,down
63,even
63,doesn t
63,summer
63,ruins
63,potential
63,big
63,empty
63,take
63,(from
63,OE
63,rocks.
63,worry
63,Jeading
63,and
63,surfers
63,wide
63,mnaj
63,good
63,Ffew
63,the
63,doesn'u
63,town
63,Apart
63,side
63,lasi
63,long
63,with
63,area
63,alhough
63,Cape
63,Sagres
63,when
63,located
63,Chas
63,the
63,511 )
63,Beware
63,~vibe
63,country
63,fields;
63,West
63,ome
63,Ilttle
63,and
63,Jively
63,",6m1)"
63,The
63,cfers:
63,"Portugal,"
63,coast
63,0ucous
63,Massles
63,waves
63,mall
63,clifts
63,breaks.
63,antage
63,theres
63,well
63,has
63,The
63,window
63,mcet.
63,and=
63,but
63,hordes.
63,West
63,Sampled
63,where
63,and
63,~rlfana
63,high
63,crowded
63,rocks
63,huens
63,towns
63,(2Sm1)
63,and
63,home
63,advs
63,coasts
63,oped
63,"ism ,"
63,ores
63,swell
63,have
63,Dop
63,coauline
63,"Vincent,"
63,Okmn
63,south
63,ove
63,from
63,and
63,"""perb"
63,Sap' `
64,EROPE
64,10 The
64,46
64,8
64,88
64,(
64,3
64,01
64,01
64,811 12
64,<
64,Ars
64,Ur
64,b8
64,Jc
64,15
64,zhe
64,5
64,01
64,Gs
64,~be
64,01
64,0
64,ro
64,1
64,be
64,4
64,01
64,the
64,10
64,45
64,ro
64,15
64,for
64,1o
64,co
64,15 ?
64,01
64,Ahe
64,vs
64,ro
64,S1
64,Ahe
64,01
64,o
64,32
64,05
64,05
64,An€
64,Ane
64,1o
64,hc
64,(ne
64,01
64,0
64,4
64,Algarve
64,EURopE
64,ino
64,1
64,Co
64,ncre
64,Portugal
64,oun
64,cera
64,Conoioe
64,Carrapat
64,nghthander 
64,"headhieh ,"
64,Spai
64,Rocha
64,"hich,"
64,around
64,called
64,Marlon
64,Athat
64,"(beachbreak ,"
64,swells
64,peel
64,"spot,"
64,the
64,year
64,rights
64,wave
64,the
64,~levanz
64,over
64,Mix
64,corner
64,Aumes
64,Was
64,intoxicating
64,Treacherous
64,big
64,rideable
64,durazion
64,western
64,Khe
64,until
64,experienced
64,and
64,very
64,classic
64,influences.
64,central
64,explored
64,south
64,breaking
64,an
64,channel
64,remuins
64,this
64,waves
64,and
64,Mediterranean
64,winds.
64,undeveloped
64,reefs
64,for
64,Algarve
64,Peninsula
64,mesh
64,backpacking
64,uncrowded
64,che
64,headland
64,start
64,scattered
64,classic
64,only
64,region
64,Anear
64,beaches .
64,undulating
64,and
64,Aljezur
64,Iberian
64,and
64,surf
64,side
64,"small,"
64,Athe
64,an
64,"naturally,"
64,Arantic
64,"good,"
64,begin
64,contain
64,beaches
64,and
64,European
64,swells
64,visit.
64,brings
64,northern
64,absinthel
64,other
64,Sagres
64,The
64,open
64,rocks
64,gently
64,down
64,about.
64,doesn't
64,even
64,sumnmner
64,ruins
64,potential
64,big
64,empty
64,major
64,rocks.
64,take
64,Afrom
64,the
64,worrY
64,leading
64,and
64,surfers
64,wide
64,Athe
64,"""few"
64,doesn t
64,good
64,town
64,Apart
64,rside
64,although
64,long
64,with
64,On
64,area
64,Cape
64,Sagres =
64,when
64,the
64,located
64,has
64,che
64,51)
64,Beware
64,~vibe
64,countrys
64,field
64,west
64,Ilttle
64,and
64,ome
64,lively
64,6111 )
64,The
64,"Portugal,"
64,Icters.
64,coast
64,small
64,Taucous
64,Hassles
64,waves 
64,cliffs
64,breaks.
64,advantage
64,well
64,theres
64,The
64,has
64,window
64,mcet.
64,but
64,S42
64,Fand =
64,west
64,hordes.
64,Sampled
64,and
64,high
64,where
64,rlfana
64,Wzn.
64,crowded
64,towns
64,rocks
64,(2Sm1)
64,and
64,home
64,Flot
64,coasts
64,ped
64,toress
64,"1s1 ,"
64,swell
64,have
64,p
64,coauline
64,"Vincent,"
64,Okmn
64,south
64,Cove
64,from
64,apad
64,"""perb"
64,Sap 
65,10.The
65,40
65,88
65,1
65,3
65,0f chc
65,01
65,681 12
65,<
65,Ars
65,Ur
65,Lc
65,Ke
65,2
65,an
65,15
65,zhe
65,ns
65,01
65,be
65,0
65,0
65,ro
65,c
65,~he
65,be
65,0
65,khe
65,ro
65,15
65,ne
65,an
65,ro
65,for
65,1
65,co
65,A
65,1s ^
65,01
65,S5'
65,Ahe
65,he
65,co
65,che
65,01
65,"O"""
65,o
65,ahe
65,Ahe
65,05
65,61
65,<ne me
65,1o
65,he
65,0
65,Ky
65,Europe
65,Algarve
65,Europe
65,Lnl
65,nc
65,ineeni
65,e
65,ncre
65,Co
65,Portuga
65,ouh
65,cera 
65,Carrapat
65,Consple
65,nghthanders
65,headhie
65,Rocha
65,hichg
65,around
65,called
65,Marlon
65,rhar
65,"beachbreak ,"
65,peel
65,swells 
65,"spot,"
65,year
65,rights
65,wave
65,che
65,levanz'
65,over
65,MX
65,corner
65,Krimes
65,was
65,incoxicating
65,Treacherous
65,big
65,~big
65,western
65,rideable
65,durauon
65,until
65,experienced
65,and
65,very
65,classic
65,influences.
65,central
65,explored
65,south
65,breaking
65,channel
65,remuins
65,this
65,waves
65,and
65,Medirerranean
65,winds.
65,reefs
65,undeveloped
65,for
65,Peninsula
65,Algarve
65,mesh
65,uncrowded
65,backpacking
65,headland
65,start
65,classic
65,scattered
65,only
65,region
65,Anear
65,undulating
65,beaches.
65,and
65,Aljezur
65,Iberian
65,and
65,surf
65,"small,"
65,side
65,Arlanric
65,contain
65,"good,"
65,begin
65,naturally;
65,beaches
65,European
65,and
65,swells
65,visit.
65,brings
65,northern
65,absinthel
65,other
65,Sagres
65,gently
65,The
65,open
65,rocks
65,down
65,about.
65,doesn'
65,even
65,summer
65,potential
65,ruins
65,big
65,major
65,empty
65,rocks.
65,take
65,from
65,{worry
65,Jeading
65,surfers
65,and
65,Wide
65,the
65,good
65,Ffew
65,town
65,doesn' u
65,side
65,Apart
65,Jas:
65,alnqugh
65,long
65,with
65,Cape
65,area
65,'Sagres
65,located
65,when
65,has
65,Sm)
65,Beware
65,~vibe
65,countrys
65,"fields,"
65,west
65,Ilttle
65,and
65,ome
65,Jively
65,",6171 )"
65,"Portugal,"
65,Icters:
65,coast
65,"Fthe """
65,small
65,Taucous
65,Hassles
65,clíffs
65,waves
65,antage
65,the
65,breaks.
65,well
65,theres
65,The
65,window
65,meet.
65,has
65,but
65,and =
65,hordes.
65,west
65,and
65,sompled
65,o6
65,high
65,where
65,rlfana
65,crowded
65,rocks
65,adva
65,(2Sm1)
65,towns
65,and
65,home
65,coasts
65,ot
65,es[s
65,ned
65,'s1
65,swell
65,Ave
65,coauline
65,"Vincent,"
65,Okin
65,south
65,Cove
65,Sapres
65,"""perb"
65,from
65,and
66,The
66,46
66,1
66,88
66,1
66,6
66,0f chc
66,01
66,68112
66,he
66,<0
66,nzS
66,r
66,b18
66,N
66,Ke
66,45
66,an
66,5
66,rhe
66,5
66,05
66,15
66,be
66,01
66,0
66,co
66,K<
66,Ehe
66,4
66,01
66,Abe
66,the
66,<o
66,1s
66,Ane
66,an
66,As
66,co
66,o
66,no
66,1s ?
66,01
66,hc
66,Ane
66,50
66,S1
66,che
66,01
66,"O"""
66,o
66,9
66,05
66,86
66,<ne mne
66,chc
66,Ane
66,01
66,0
66,EuRoPE
66,Algarve
66,10
66,Europe
66,n
66,ind
66,enf
66,Co
66,Tncre
66,iin
66,ouh
66,cera
66,Carrapatei
66,Consoie
66,nghthanderi
66,headhie/
66,Rocha
66,"Uphe,"
66,hich
66,around
66,"Marlon,"
66,called
66,Athat
66,"(beachbreak ,"
66,peel
66,swells
66,"spot, "
66,yeac
66,rights
66,wave
66,over
66,~levanz'
66,MLX
66,corner
66,Kumes
66,Was
66,intoxicating
66,Treacherous
66,big
66,rideable
66,(durauion
66,cstern
66,until
66,experienced
66,and
66,very
66,classic
66,influences
66,central
66,explored
66,south
66,breaking
66,channel
66,remuins
66,chis
66,waves
66,and
66,Mediterranean
66,winds.
66,undeveloped
66,reefs
66,for
66,Peninsula
66,mesh
66,backpacking
66,Algarve
66,uncrowded
66,headland
66,start
66,scattered
66,classic
66,only
66,region
66,Anear
66,undulating
66,beaches.
66,and
66,Aljezur
66,and
66,surf
66,Iberian
66,"small,"
66,side
66,"good,"
66,begin
66,"naturally,"
66,Arlancic
66,contain
66,beaches
66,swells
66,and
66,European
66,brings
66,visit.
66,northern
66,absinthel
66,other
66,Sagres
66,The
66,open
66,rocks
66,gently
66,down
66,about.
66,for
66,even
66,doesn't
66,summer
66,ruins
66,potential
66,big
66,empty
66,take
66,Afrom
66,rocks.
66,Vajor
66,worrY
66,leading
66,the
66,and
66,surfers
66,wide
66,doesn t
66,good
66,Ffew
66,town
66,yside
66,Apart
66,with
66,long
66,2 
66,ough
66,area
66,Cape
66,when
66,Sagres '
66,located
66,Chas
66,the
66,the
66,511)
66,Ceware
66,vibe
66,country
66,"fields,"
66,west
66,Ilttle
66,some
66,and
66,lively
66,56111 )
66,Icfers:
66,"rorrugal,"
66,coast
66,the
66,Hassles
66,Taucous
66,small
66,waves
66,clíffs
66,advantage
66,breaks.
66,theres
66,well
66,has
66,window
66,meet.
66,The
66,and
66,~but
66,hordes.
66,West
66,~sampled
66,where
66,and
66,high
66,rMfana
66,crowded
66,rocks
66,"nuen,"
66,(2Sm1)
66,towns
66,ond
66,home
66,lot
66,coasts
66,ned
66,'Isn
66,ore 
66,swell
66,Ave
66,30
66,"Vincent,"
66,coauline
66,Okmn
66,south
66,Cove
66,Sapres
66,and
66,"""perb"
66,from
67,10
67,2u
67,48
67,0
67,88
67,(;
67,6
67,01 ché_ 01
67,81 12;
67,ro
67,9rs
67,Ur
67,b18
67,I
67,Me
67,As
67,an
67,15
67,s
67,0
67,the
67,be
67,0
67,0
67,[0
67,1
67,6
67,r0
67,Ae
67,he
67,ahe
67,an
67,Lo
67,o
67,no
67,01
67,1s 2
67,51
67,Ahe
67,36
67,Ane
67,'l
67,ro
67,"O"""
67,o
67,9 jheof ~
67,She he
67,Ahc
67,Sn
67,Ane
67,01
67,31
67,Jot
67,01
67,Algarve
67,EuRope
67,The
67,FORIUgAL
67,s
67,Lvul
67,ind
67,Co
67,There <
67,iin
67,ouen
67,cera
67,Carrapatei
67,Con pue
67,ngnthander 
67,hendhi
67,Rocha
67,"Uohe,"
67,around
67,nices
67,called
67,Marlon
67,thar
67,"(beachbreak ,"
67,peel
67,swells
67,"spot,"
67,yeac
67,rights
67,wave
67,the
67,over
67,~levanz'
67,mix
67,rimes
67,corner
67,Was
67,Treacherous
67,intoxicating
67,big
67,0218
67,rideable
67,"durauion ,"
67,until
67,experienced
67,very
67,western
67,and
67,classic
67,615e3
67,influences
67,central
67,27e
67,explored
67,breaking
67,channel
67,remains
67,south
67,7322
67,this
67,waves
67,winds.
67,Mediterranean
67,undeveloped
67,and
67,"""for"
67,reefs
67,82
67,backpacking
67,mesh
67,uncrowded
67,headland
67,che
67,start
67,only
67,Peninsula
67,scattered
67,Algarve
67,Anear
67,classic
67,region
67,beaches.
67,undulating
67,and
67,Aljezur
67,side
67,Athe
67,"small,"
67,surf
67,and
67,Iberian
67,begin
67,"naturally,"
67,swells
67,and
67,beaches
67,brings
67,visit.
67,"good,"
67,absinthel
67,contain
67,northern
67,other
67,Arlantic
67,European
67,open
67,rocks
67,Sagres
67,about.
67,The
67,down
67,gently
67,even
67,for
67,summer
67,ruins
67,big
67,rom
67,doesn' 1
67,empty
67,worrY
67,rocks.
67,take
67,the
67,potential
67,the
67,and
67,;surfers
67,leading
67,wide
67,good
67,few
67,major
67,Apart
67,town
67,doesn'
67,on
67,area
67,; Sagres 
67,countryside
67,with
67,Cape
67,when
67,long
67,has
67,Beware
67,locared
67,511 )
67,vibe
67,although
67,oine
67,Iittle
67,last
67,west
67,the
67,",6111 )"
67,"fields,"
67,Jively
67,cters
67,coast
67,and
67,Athe
67,Taucous
67,Massles
67,"Portugal,"
67,waves
67,breaks.
67,there's
67,small
67,cliffs
67,advantage
67,has
67,and
67,~but
67,well
67,window
67,mcet.
67,west
67,"hordes,"
67,sampled
67,The
67,where
67,lfona
67,crowded
67,rocks
67,towns
67,and
67,high
67,(25m1)
67,ond
67,home
67,coasts
67,"bigh,"
67,ped
67,"'si,"
67,swell
67,ve
67,'eSis
67,Nip
67,"Vincent,"
67,asrhne
67,Aokm
67,south
67,Cove
67,superb
67,fron
67,and
67,Sax'
67,Fer
68,1 0
68,8
68,40
68,8?
68,1;
68,St '
68,che o1
68,12
68,01
68,Ahc
68,<o
68,Jr
68,618
68,J
68,[e
68,s
68,15
68,"15 ^"""
68,0
68,01
68,0
68,3?
68,Ahe
68,be
68,K
68,~he
68,1s
68,ro
68,~
68,6
68,Ko
68,15
68,Ane
68,be
68,che
68,an
68,15
68,Ko
68,1o
68,no
68,çoí
68,05
68,rhé
68,Ahe
68,"15 """
68,O
68,51
68,che
68,01
68,"O"""
68,1o
68,A
68,9 n8ol ~
68,Ane
68,<ne me
68,1o
68,he
68,Ahc
68,01
68,01
68,1
68,Algarve
68,The
68,EURopE
68,Zvial
68,PORTUGAL
68,an
68,Anceng
68,ehe
68,Spain
68,60a
68,There .
68,in
68,soun
68,Xerr
68,Carradatev
68,Consoire
68,nghthander .
68,headhis
68,Rocha
68,"Uiohe,"
68,around
68,hics
68,called
68,Marlon
68,Athat
68,"(beachbreak ,"
68,peel
68,swells
68,"spot,"
68,yeac
68,rights
68,wave
68,over
68,"levant ,"
68,Kumes
68,Mix
68,corner
68,Treacherous
68,Jits
68,Was
68,big
68,rideable
68,durauon
68,intoxicating
68,until
68,experienced
68,very
68,classic
68,and
68,estern
68,influences
68,central
68,breaking
68,explored
68,channel
68,remuins
68,226225
68,this
68,south
68,winds.
68,32202e3
68,aves
68,CLVATE
68,for
68,29
68,undeveloped
68,oo
68,Mediterranean
68,reefs
68,backpacking
68,and
68,mesh
68,headland
68,start
68,only
68,E_208229
68,ded
68,scattered
68,near
68,classic
68,beaches.
68,Peninsula
68,and
68,Aljezur
68,uncrowe
68,28075
68,Algarve
68,region
68,undulating
68,side
68,"small,"
68,2
68,begin
68,naturally.
68,"'visit,"
68,and
68,swells
68,brings
68,surf
68,absinthel
68,and
68,beaches
68,northern
68,other
68,Iberian
68,"good,"
68,open
68,rocks
68,Sagres
68,about.
68,contain
68,The
68,Arlantic
68,European
68,even
68,down
68,summer
68,ruins
68,gently
68,big
68,Afrom
68,worry
68,take
68,and
68,surfers
68,empty
68,rocks.
68,Athe
68,doesn t
68,wide
68,good
68,few
68,potential
68,doesn' +
68,leading
68,Apart
68,toWn
68,area
68,when
68,' Sagres 
68,major
68,has
68,Cape
68,51 )
68,Deware
68,~vibe
68,With
68,Jong
68,locared
68,rside
68,somne
68,Ilttle
68,west
68,26111 )
68,Irfers.
68,coast
68,lively
68,although
68,"fields,"
68,Massles
68,"""the"
68,and
68,UCous
68,Last
68,country
68,waves
68,breaks.
68,theres
68,ha?
68,and
68,but
68,advantage
68,LSh
68,window
68,mcet.
68,"Portugal,"
68,west
68,well
68,cliffs
68,hordes
68,sampled
68,small
68,"""rlfana"
68,where
68,crowded
68,towns
68,rocks
68,ond
68,home
68,The
68,Jot
68,(25m1)
68,pped
68,coasts
68,"131 ,"
68,Chigh
68,and
68,swell
68,natp
68,have
68,"hign,"
68,"Vincent,"
68,Oests
68,Aokmn
68,covC
68,south
68,Jasrline
68,Cs
68,superb
68,hon
68,and
68,chter
69,1 0
69,4
69,40
69,45
69,88
69,(;
69,811
69,05
69,0
69,42
69,ro
69,Ars
69,Ur
69,b18
69,I
69,8e
69,5
69,15
69,0
69,01
69,0
69,2
69,che
69,be
69,K
69,45
69,o
69,01
69,10
69,45
69,che
69,20
69,be
69,ro
69,Io
69,co
69,05
69,Ahe
69,'5 2
69,ro
69,S5'
69,Ahe
69,01
69,"O"""
69,xo
69,S
69,3 che
69,Ane
69,1o
69,05
69,0
69,(ne
69,he
69,01
69,0
69,1o1
69,01
69,15
69,Algarve
69,The
69,EURopE
69,7i511
69,Zav1a}
69,Fna
69,an
69,PoRTuGAL
69,There € *
69,nceng
69,Coae<
69,itn
69,Spain
69,south
69,Xers
69,Carrapatei
69,Conpire
69,nghrhanders 
69,hede
69,Rocha
69,"Liohe,"
69,around
69,"Marlon,"
69,called
69,thar
69,beachbreak .
69,peel
69,"swells ,"
69,"spot,"
69,"Ayear,"
69,che
69,rights
69,wave
69,over
69,the
69,levan
69,umes
69,Mix
69,corner
69,Treacherous
69,was
69,big
69,rideable
69,intoxicating
69,until
69,experienced
69,very
69,duraug
69,classic
69,Fand
69,estern
69,influences.
69,central
69,breaking
69,explored
69,remuins
69,channel
69,chis
69,322225
69,south
69,an
69,waves
69,winds.
69,723
69,for
69,2220225
69,CATE
69,undeveloped
69,032d
69,o0
69,Mediterranean
69,reefs
69,'backpacking
69,and
69,headland
69,start
69,che
69,mesh
69,only
69,ded
69,scattered
69,420824
69,Anear
69,classic
69,beaches.
69,Peninsula
69,and
69,uncrowe
69,Aljezur
69,region
69,Algarve
69,58075
69,undulating
69,side
69,Athe
69,"small,"
69,begi
69,"naturally,"
69,0225
69,swells
69,and
69,brings
69,visit.
69,surf
69,absinthel
69,beaches
69,northern
69,and
69,other
69,Iberian
69,"good,"
69,open
69,rocks
69,Sagres
69,about.
69,contain
69,The
69,even
69,Arlantic
69,European
69,down
69,summer
69,ruins
69,gently
69,big
69,Arom
69,for
69,worrY
69,rake
69,the
69,and
69,empty
69,rocks.
69,surfers
69,Athe
69,wide
69,good
69,doesn t
69,doesn' t
69,few
69,potential
69,leading
69,Apart
69,toWn
69,when
69,'Sagres =
69,area
69,major
69,Cape
69,5n1)
69,Chas
69,Beware
69,with
69,vibe
69,long
69,located
69,some
69,lttle
69,rside
69,56111 )
69,west
69,The
69,surfers.
69,coast
69,Jively
69,Hthe 
69,although
69,"fields,"
69,Massles
69,Ioucous
69,st
69,rhe
69,country
69,and
69,waves
69,breaks.
69,theres
69,ha s
69,rand =
69,but
69,advantage
69,L Sft
69,meet.
69,"Portugal,"
69,window
69,hordes
69,west
69,well
69,small
69,cliffs
69,sampled
69,Arnana
69,where
69,Waive
69,crowded
69,towns
69,rocks
69,and
69,The
69,(25m1)
69,home
69,iloped
69,coasts
69,ocolisn
69,high
69,and
69,swell
69,have
69,Sharp
69,hign.
69,ards
69,the
69,01
69,hon
69,"Vincent,"
69,vicen
69,wn
69,Goresis
69,cove
69,south
69,Aokmn
69,erline
69,Sapres
69,superb
69,Jrom
69,and
69,About
69,"0,a"
69,shelrei
70,^ 0
70,6
70,e
70,40
70,(2
70,chc
70,0
70,681 12
70,40
70,0
70,<0
70,{s
70,ur
70,I<
70,e
70,s
70,5
70,15 ^n
70,0
70,0
70,0
70,che
70,be
70,7
70,1
70,Ahe
70,ro
70,6
70,1
70,4
70,Ane
70,che
70,e
70,bpe
70,[0
70,1o
70,co
70,01
70,Ahe
70,Ahe
70,ns 2
70,ro
70,S1
70,Ahe
70,"O"""
70,1o
70,Ac
70,ahe
70,Sne
70,4be  
70,0
70,0
70,2;
70,(
70,Ahe
70,S11
70,puol
70,101
70,o
70,115
70,51
70,Algarve
70,The
70,EURopE
70,Zvual
70,Focre
70,Portugal
70,inceni
70,Coa
70,There `
70,v1a
70,Spain
70,Soven
70,Carrapatei
70,Xeas 
70,Coospire
70,nghrhanders.
70,hee
70,Rocha
70,Uoher
70,around
70,Marlon
70,called
70,thar
70,Vr
70,"(beachbreak ,"
70,peel
70,"swells ,"
70,"spot,"
70,righrs
70,wave
70,over
70,the
70,Arimes
70,Mix
70,clevz
70,corner
70,Treacherous
70,Was
70,big
70,big
70,rideable
70,intoxicating
70,until
70,experienced
70,very
70,classic
70,and
70,duraz
70,western
70,influences.
70,central
70,breaking
70,explored
70,remains
70,channel
70,this
70,882445
70,south
70,winds.
70,waves
70,ee
70,for
70,72220525
70,undeveloped
70,Cuete
70,2022d
70,0304
70,Mediterranean
70,reefs
70,backpacking
70,and
70,headland
70,start
70,mesh
70,only
70,ded
70,scattered
70,9
70,E90322 
70,Anear
70,classic
70,beaches.
70,72283
70,a
70,Peninsula
70,and
70,region
70,uncrow
70,Aljezur
70,Algarve
70,82075
70,undulating
70,side
70,"small,"
70,begin
70,"naturally,"
70,@
70,swells
70,an
70,brings
70,visit.
70,and
70,surf
70,beaches
70,northern
70,absinthe!
70,and
70,other
70,"good,"
70,open
70,Iberian
70,Sagres
70,rocks
70,about.
70,contain
70,The
70,even
70,Arlantic
70,European
70,down
70,summer
70,rulns
70,gently
70,big
70,Arom
70,for
70,worry
70,take
70,and
70,empty
70,rocks.
70,surfers
70,wide
70,Athe
70,doesn €
70,good
70,ew
70,doesn '!
70,potential
70,leading
70,Apart
70,on
70,toWn
70,when
70,Sagres =
70,area
70,major
70,Sm)
70,Cape
70,Beware
70,Chas
70,with
70,locared
70,long
70,somne
70,Iittle
70,side
70,36111 )
70,west
70,surfers.
70,coast
70,lively
70,the
70,Fthe -
70,although
70,"fields ,"
70,Foucous
70,Massles
70,and
70,last
70,rhe
70,country
70,Waves
70,theres
70,breaks.
70,has
70,the
70,and
70,advantage
70,mncet.
70,window
70,"Porrugal,"
70,well
70,hordes.
70,West
70,small
70,cliffs
70,sampled
70,AMana
70,wave
70,where
70,crowded
70,towns
70,rocks
70,and
70,homne
70,The
70,(25m1)
70,coasts
70,loveloped
70,high
70,"locollsm,"
70,and
70,swell
70,Esharp
70,have
70,hign.
70,Mozarde
70,Ahe
70,01e
70,Services<
70,hebr
70,"Vincent,"
70,own
70,Rorests
70,AOkmn
70,cove
70,south
70,01
70,eline
70,Sagres
70,Superb
70,61oi
70,and
70,About
70,Coa
70,sheher
70,norh
70,Cana
71,e
71,e
71,40
71,88
71,(
71,857 '
71,01
71,42;
71,01
71,<o
71,ACs
71,Ur
71,b18
71,Aé
71,L
71,e
71,1s ^
71,835
71,1s ^n
71,05
71,0
71,01
71,be
71,1
71,'9
71,ro
71,0
71,o
71,4
71,Ahe
71,be
71,ro
71,xo
71,foí
71,05
71,95 2
71,ro
71,51
71,01
71,"O"""
71,10
71,a
71,che
71,Ane
71,05
71,05
71,C
71,Ane
71,Ahe
71,0
71,01
71,15
71,55
71,Algarve
71,The
71,EURopE
71,10
71,Zavul
71,rocks
71,'ORTUGAL
71,Anceni
71,Coaeu
71,There
71,uin
71,Spain
71,Rouin
71,Carrapatet
71,Conspife
71,nghrhanders 
71,c
71,Rocha
71,Upker
71,around
71,Marlon
71,called
71,thar
71,peel
71,"(beachbreak ,"
71,swells
71,"spot,"
71,che
71,rights
71,wave
71,over
71,the
71,Mix
71,Kimes
71,corner
71,Treacherous
71,Was
71,big
71,intoxicating
71,rideable
71,until
71,experienced
71,very
71,classic
71,Fand
71,western
71,central
71,influences.
71,breaking
71,explored
71,remains
71,channel
71,this
71,F1s
71,232445
71,south
71,winds.
71,aves
71,282
71,for
71,2220525
71,undeveloped
71,CMATE
71,2022d
71,Mediterranean
71,reefs
71,"0*80"""
71,backpacking
71,and
71,headland
71,the
71,start
71,the
71,mesh
71,only
71,ded
71,scattered
71,03
71,408e4~
71,near
71,classic
71,beaches.
71,e
71,Peninsula
71,and
71,uncrowe
71,Aljezur
71,Algarve
71,region
71,undulating
71,52075
71,side
71,"small,"
71,begin
71,"naturally,"
71,6;s
71,swells
71,the
71,an
71,brings
71,visit.
71,and
71,surf
71,beaches
71,northern
71,absinthel
71,other
71,and
71,"good,"
71,Iberian
71,open
71,rocks
71,Sagres
71,contain
71,about.
71,The
71,even
71,European
71,Arlantic
71,down
71,summer
71,ruins
71,gently
71,no
71,big
71,Ufrom
71,che
71,take
71,the
71,worry
71,7
71,empty
71,rocks.
71,surfers
71,doesn't
71,wide
71,the
71,good
71,the
71,doesn' t
71,few
71,potential
71,leading
71,Apart
71,town
71,when
71,area
71,Sagres 
71,major
71,Cape
71,51n )
71,Reware
71,has
71,with
71,located
71,Jong
71,vibe
71,yside
71,somne
71,lttle
71,2611 )
71,west
71,surfers.
71,coast
71,lively
71,although
71,"fields,"
71,ouCous
71,Massles
71,"Fthe """
71,and
71,last
71,the
71,country
71,Waves
71,here
71,breaks .
71,has
71,he
71,antage
71,LSfc
71,and
71,~but
71,mcet
71,window
71,"Porrugal ,"
71,hordes
71,West
71,well
71,small
71,cliffs
71,ArrMtona
71,Wave
71,where
71,crowded
71,Somplo
71,owns
71,rocks
71,and
71,The
71,(2Sm1)
71,home
71,ol
71,advs
71,coasts
71,Mndeveloped
71,"locallsm,"
71,high
71,and
71,swell
71,Esharp
71,have
71,"bgh,"
71,Mazards
71,tho
71,01
71,helr
71,Seivices
71,"Vincent,"
71,OWn
71,Gofests
71,Aokmn
71,cove
71,south
71,nore
71,chere
71,Aside
71,coasrline
71,Roino
71,Sapres
71,Ssuperb
71,6roi
71,Iravel
71,and
71,About
71,has
71,sheher
71,north
71,"01a ,"
72, 
72,s
72,40
72,88
72,(
72,817
72,0
72,01
72,6
72,4
72,Ahe
72,;0s
72,ur
72,Ic
72,3e
72,s
72,As
72,1s ^n
72,0
72,0
72,0
72,be
72,<
72,che
72,As
72,ro
72,Je d
72,5
72,6
72,1o
72,45
72,khe
72,4n
72,5
72,be
72,ro
72,o
72,no
72,01
72,5
72,Ahe
72,95 >
72,rO
72,S5
72,"0"""
72,o
72,ac
72,rhe
72,Mbe
72,05
72,01
72,(
72,Ane
72,o
72,S1
72,N
72,0
72,0
72,01
72,5
72,A1
72,51
72,AV
72,Algarve
72,The
72,EUROPE
72,10
72,oll bu
72,Lavl
72,ie
72,Portugal
72,well
72,ne
72,nceni
72,coas
72,in
72,Thes
72,Spain
72,souin
72,Carrapateira
72,Conspife
72,righthanders
72,Rocha
72,Lipker
72,around
72,Marlon
72,called
72,rhar
72,peel
72,(beachbrea /
72,"swells ,"
72,"spot,"
72,the
72,righrs
72,wave
72,over
72,MnEX
72,to
72,Krimes
72,corner
72,Treacherous
72,Was
72,big)
72,big
72,intoxicating
72,rideable
72,until
72,experienced
72,very
72,classic
72,and
72,restern
72,central
72,influences.
72,breaking
72,explored
72,remuins
72,channel
72,this
72,222275
72,south
72,winds.
72,aves
72,28
72,undeveloped
72,for
72,72612525
72,CMATE
72,02032d
72,Mediterranean
72,reefs
72,"83o"""
72,and
72,'backpacking
72,headland
72,start
72,the
72,mesh
72,only
72,scattered
72,03
72,Elsos2e 
72,Anear
72,beaches.
72,classic
72,saa
72,Peninsula
72,and
72,uncrow
72,region
72,Aljezur
72,Algarve
72,undulating
72,82075
72,side
72,Athe
72,"small,"
72,begin
72,naturally
72,swells
72,07255
72,surf
72,brings
72,visit.
72,and
72,beaches
72,northern
72,absinthel
72,and
72,other
72,Iberian
72,"good,"
72,open
72,Sagres
72,rocks
72,contain
72,Fabout.
72,The
72,even
72,Arlantic
72,European
72,down
72,summer
72,gently
72,ruins
72,big
72,the
72,rom
72,for
72,take
72,~worry
72,and
72,empty
72,rocks.
72,surfers
72,wide
72,Athe
72,doesn t
72,the
72,good
72,ew
72,potential
72,leading
72,Apart
72,doesn
72,on
72,town
72,when
72,area
72,major
72,Cape
72,51)
72,Sagres 
72,Beware
72,Chas
72,with
72,located
72,long
72,some
72,side
72,5611 )
72,lttle
72,west
72,surfers.
72,The
72,coast
72,lively
72,he
72,although
72,"fields,"
72,Toucous
72,Hassles
72,rhe
72,and
72,ast
72,countrys
72,breaks.
72,Waves
72,has
72,Atheres
72,the
72,antage
72,ond=
72,but
72,meet.
72,window
72,"Portugal ,"
72,well
72,hordes.
72,west
72,cliffs
72,small
72,Arltona
72,Wave
72,where
72,crowded
72,and
72,towns
72,S0ing
72,rocks
72,The
72,(2Sm1)
72,home
72,or
72,coasts
72,undeveloped
72,adv:
72,high
72,"ocallsm,"
72,and
72,swell
72,sharp
72,hove
72,hgh .
72,Mazonds
72,the
72,0ie
72,Servlces
72,thetr
72,"Vincent,"
72,OWA
72,Gofesls
72,Aokin
72,Cove
72,south
72,more
72,here
72,coasrline
72,outshde
72,Vou
72,ahe
72,some
72,1s
72,Sapres
72,superb
72,6roi
72,Iavel
72,Soy
72,and
72,About
72,0 
72,The
72,sheher
72,Saqror
72,Muh
72,70n
72,north
72,"Arrifana ,"
72,Kood
72,mah
73,^ 0
73,4
73,6
73,58
73,38
73,(
73,che   0f
73,81 12;
73,0
73,he
73,<o
73,As
73,Ur
73,bi8
73,Ic
73,e
73,5
73,15
73,is ^9
73,0
73,05
73,he
73,be
73,5
73,1s
73,ro
73,4
73,0
73,10
73,1
73,Ahe
73,Ahe
73,15
73,be
73,ro
73,o
73,co
73,01
73,Ahe
73,[0
73,S1'
73,Ahc
73,01
73,"0"""
73,o
73,5
73,Sc
73,Ahe
73,be
73,0
73,0
73,C
73,Ane
73,o
73,Ahe
73,01
73,01
73,ot
73,9
73,17
73,6
73,51
73,805
73,C
73,Algarve
73,The
73,EUROPE
73,Zaval
73,and
73,Portugal
73,well
73,Ancenr
73,{ne
73,coase .
73,uin _
73,Spain
73,To
73,couin
73,Carrapater
73,Conspire
73,nighrhanders .
73,Rocha
73,"Cipke,"
73,around
73,Marlon
73,called
73,thar
73,peel
73,swells
73,(beachbres
73,"spot,"
73,rights
73,wave
73,over
73,mix
73,"Krimes ,"
73,corner
73,Awas
73,Treacherous
73,big7
73,intoxicating
73,rideable
73,until
73,experienced
73,classic
73,very
73,and
73,western
73,influences.
73,central
73,explored
73,breaking
73,remuins
73,channel
73,chis
73,222225
73,south
73,raves
73,winds.
73,7en
73,of
73,undeveloped
73,for
73,2612525
73,CLATE
73,000222
73,Mediterranean
73,reefs
73,"09o"""
73,and
73,'backpacking
73,headland
73,start
73,the
73,mesh
73,only
73,ded
73,scattered
73,i
73,408e4`
73,Anear
73,classic
73,beaches.
73,Peninsula
73,Sau
73,and
73,uncrowe
73,region
73,Algarve
73,Aljezur
73,undulating
73,82075
73,side
73,"small,"
73,begin
73,"naturally,"
73,0ss
73,swells
73,an
73,surf
73,northern
73,brings
73,visit.
73,and
73,beaches
73,and
73,other
73,absinthel
73,"good,"
73,open
73,Iberian
73,Sagres
73,rocks
73,contain
73,The
73,about
73,even
73,Arlantic
73,European
73,down
73,gently
73,Summer
73,ruins
73,big
73,che
73,Urom
73,ror
73,take
73,and
73,worry
73,empty
73,rocks.
73,wide
73,surfers
73,doesn't
73,the
73,good
73,doesn t
73,potential
73,ew
73,leading
73,Apart
73,town
73,51n )
73,when
73,area 
73,major
73,Cape
73,Sagres 
73,Beware
73,Chas
73,with
73,located
73,long
73,side
73,somne
73,lttle
73,~vlbe
73,west
73,6111 )
73,surfers.
73,The
73,coast
73,Jively
73,"fields,"
73,although
73,Tucous
73,Massles
73,he
73,ast
73,country
73,and
73,waves
73,has
73,theres
73,breaks.
73,1Sf
73,antage
73,and =
73,window
73,mncet
73,~but
73,hordes
73,"Portugal,"
73,well
73,west
73,cliffs
73,small
73,Wave
73,Arltana
73,where
73,crowded
73,and
73,towns
73,The
73,(2Sm1)
73,rocks
73,home
73,S0iyy
73,adv
73,coasts
73,undeveloped
73,high
73,"ocallsn,"
73,and
73,swell
73,Mazards
73,sharp
73,have
73,hzh.
73,Ahe
73,01
73,Services
73,thetr
73,"Vincent,"
73,own
73,orests
73,cove
73,south
73,Aokmn
73,mnoro
73,outslde
73,here
73,lne
73,Ahe
73,omne
73,Sagres
73,Superb
73,fron
73,havel
73,stay
73,and
73,About
73,0
73,002
73,he
73,he
73,he
73,Jocole
73,sheher
73,With
73,"112s,07e"
73,poantlon
73,north
73,"Arrafana ,"
73,Kood
73,wuh
74,4
74,81
74,56
74,Ao
74,<o
74,88
74,(;
74,0
74,05
74,1
74,Ko
74,As
74,ur
74,bi8
74,J
74,e
74,2
74,15
74,s
74,0
74,05
74,01
74,be
74,A<
74,s
74,Ko
74,5
74,61
74,02
74,10
74,'5
74,Ane
74,rhe
74,2n
74,s
74,be
74,ro
74,o
74,co
74,çoí
74,01
74,Ahe
74,'15 ^
74,o
74,S5
74,ché
74,01
74,"O"""
74,10
74,A
74,Khe
74,0
74,61
74,0
74,C
74,Ane
74,Ahe
74,01
74,101
74,01
74,Ane
74,0
74,42
74,51
74,10
74,4
74,0?
74,Algarve
74,The
74,EUROPE
74,10
74,Qine
74,ai
74,and
74,PortugAl
74,swell
74,inceti
74,"coast ,"
74,Spain
74,iin
74,souin
74,Carrapatet
74,Conspire
74,righthanders .
74,Rocha
74,"Gioke,"
74,around
74,Marlon
74,called
74,that
74,peel
74,(swells
74,"spot,"
74,6-8ft (
74,(beachbr/
74,the
74,rights
74,wave
74,the
74,over
74,mix
74,"Ktimes,"
74,corner
74,was
74,Treacherous
74,big7
74,intoxicating
74,rideable
74,until
74,experienced
74,classic
74,very
74,and
74,western
74,central
74,influences .
74,breaking
74,explored
74,remauins
74,channel
74,this
74,7222485
74,south
74,an
74,waves
74,winds.
74,733
74,undeveloped
74,for
74,72220525
74,CetE
74,2422d
74,Mediterranean
74,reefs
74,oo
74,and
74,mesh
74,headland
74,start
74,the
74,' backpacking
74,the
74,only
74,uncrowded
74,scattered
74,3
74,208229
74,~near
74,beaches .
74,classic
74,saa1
74,Peninsula
74,and
74,Algarve
74,region
74,undulating
74,Aljezur
74,52075
74,side
74,"small,"
74,begin
74,"naturally,"
74,swells
74,6s}
74,surf
74,beaches
74,northern
74,brings
74,visit.
74,and
74,and
74,other
74,absinthel
74,"good,"
74,open
74,Iberian
74,Sagres
74,contain
74,The
74,rocks
74,Fabout
74,even
74,Arlantic
74,European
74,down
74,gently
74,sumnmer
74,big
74,ruins
74,the
74,Urom
74,take
74,and
74,worTY
74,empty
74,rocks.
74,wide
74,surfers
74,doesn t
74,the
74,good
74,potential
74,few
74,leading
74,doesn'
74,Apart
74,town
74,when
74,Cape
74,511 )
74,major
74,Sagres `
74,area
74,Deware
74,Chas
74,with
74,located
74,the
74,long
74,rside
74,",6n)"
74,Soine
74,vibe
74,west
74,(lttle
74,surfers
74,The
74,coast
74,lively
74,"fields,"
74,ucous
74,although
74,and
74,Massles
74,Last
74,country
74,Waves
74,here
74,breaks.
74,the
74,Stt
74,ha 
74,antage
74,mncet
74,and 
74,window
74,~but
74,well
74,hordess
74,"Portugal ,"
74,west
74,small
74,cliffs
74,Wave
74,Arrtana
74,where
74,crowded
74,and
74,towns
74,(25m1)
74,rocks
74,Lhe
74,home
74,coasts
74,adva
74,undeveloped
74,aty
74,high
74,"locallsm,"
74,and
74,swell
74,nigh.
74,Mazards
74,have
74,sharp
74,Services
74,"Vincent,"
74,Own
74,hetr
74,orests
74,Aokmn
74,cove
74,south
74,mnore
74,there
74,outslde
74,ssrlne
74,Ahe
74,Goine
74,Sagres
74,fron
74,superb
74,havel
74,and
74,About
74,stay
74,heo
74,1n
74,00a
74,ho
74,ho
74,ocols
74,sheher
74,8091e:
74,with
74,11essuie
74,"poantlon,"
74,noreh
74,"Arrifana ,"
74,Kood
74,Fow
74,1oi
74,wnh
74,had
74,inrough
74,hoacak
75,81
75,8
75,388
75,46
75,Co
75,VQ
75,(;
75,0f chc
75,0
75,12;
75,ro
75,A=
75,ur
75,b18
75,I<
75,3e
75,s
75,5
75,1s ^^
75,0
75,05
75,0
75,fo'
75,rhe
75,ro be
75,5
75,A
75,he
75,'15
75,0
75,o
75,1
75,Ane
75,che
75,29
75,12
75,be
75,0
75,xo
75,co
75,50
75,fo'
75,01
75,S1'
75,Ahe
75,'5 2
75,Ko
75,O1
75,"0"""
75,o
75,A
75,she
75,rhe
75,05
75,01
75,4
75,Ane
75,she
75,S11
75,01
75,1
75,1
75,31
75,41
75,e
75,Algarve
75,The
75,EURopE
75,10
75,toen
75,Cnc
75,Zavnal
75,ORtugAL
75,weli
75,incent
75,"Coase ,"
75,uh
75,Spain
75,south
75,Carrapateira
75,Conspire
75,righthanders .
75,Rocha
75,"Uipke,"
75,around
75,Marlon'
75,called
75,Athar
75,peel
75,swells
75,"spot,"
75,6-8ft (
75,"beachbr ,"
75,rights
75,wave
75,the
75,over
75,mix
75,imes/
75,corner
75,Was
75,Treacherous
75,big7
75,intoxicating
75,rideable
75,until
75,experienced
75,classic
75,very
75,and
75,estern
75,central
75,influences.
75,explored
75,breaking
75,remauins
75,channel
75,rhis
75,282485
75,south
75,waves
75,winds.
75,28e
75,undeveloped
75,864c-es
75,CUVATe
75,30229
75,Mediterranean
75,reefs
75,oo
75,and
75,headland
75,mesh
75,start
75,backpacking
75,only
75,uncrowded
75,scattered
75,07
75,2202228
75,near
75,classic
75,beaches.
75,Peninsula
75,sau
75,7
75,region
75,Algarve
75,undulating
75,Aljezur
75,52075
75,side
75,"small,"
75,begin
75,naturally;
75,swells
75,0}
75,surf
75,beaches
75,northern
75,brings
75,visit.
75,and
75,and
75,other
75,absinthel
75,"good,"
75,Iberian
75,open
75,Sagres
75,contain
75,The
75,rocks
75,about.
75,even
75,European
75,Arlantic
75,down
75,gently
75,sumnmnef
75,big
75,ruins
75,the
75,take
75,the
75,Ufrom
75,and
75,worry
75,empty
75,rocks.
75,wide
75,surfers
75,che
75,good
75,potential
75,leading
75,Aew
75,doesn'
75,doesn'
75,Apart
75,town
75,when
75,Cape
75,511)
75,major
75,Sagres -
75,area
75,With
75,Deware
75,located
75,has
75,long
75,.6m)
75,rside
75,somne
75,vlbe
75,west
75,lttle
75,surfers.
75,The
75,lively
75,coast
75,"fields,"
75,alrhough
75,Tucous
75,and
75,Massles
75,Ahe
75,Last
75,country
75,Waves
75,has
75,theres
75,breaks.
75,advantage
75,mncet.
75,ond =
75,window
75,~but
75,"ortugal,"
75,well
75,hordes
75,West
75,cliffs
75,small
75,Aurhtana
75,Walve
75,where
75,crowded
75,(25m1)
75,and
75,towns
75,The
75,ocks
75,home
75,ot
75,coasts
75,undeveloped
75,high
75,"locallsm,"
75,and
75,swel]
75,hien.
75,azords
75,he
75,"Vincent,"
75,Services
75,het
75,0ie
75,own
75,Jorests
75,Aoki
75,cove
75,south
75,mnoro
75,outslde
75,hoce
75,Aline
75,omne
75,Sapres
75,Superb
75,Aron
75,hravel
75,and
75,About
75,stoy
75,hes
75,na
75,002
75,he
75,sheher
75,S001e:
75,WIth
75,Fiessune
75,north
75,Vorio
75,"Arrtfana ,"
75,mnote
75,Kood
75,Tow
75,or
75,Atlantle
75,wnh
75,Chad
75,Anough
75,0eei
75,10n
75,"16,ok"
75,Cheen
76,1 0
76,3s
76,{
76,e
76,6
76,4o
76,Sr
76,(2
76,01 jhc
76,09che
76,12;
76,ro
76,Ars
76,Vr
76,bi&
76,I<
76,1e
76,5
76,s
76,"1s ^"""
76,05
76,01
76,0
76,be
76,4
76,K
76,Ahe
76,15
76,ro
76,01
76,o
76,15
76,29
76,ns
76,be
76,xo
76,1o
76,çoí
76,05
76,95 >
76,O
76,S5
76,ahe
76,01
76,"0"""
76,1o
76,S
76,che
76,05
76,01
76,Ahe
76,S61
76,48v'
76,01
76,4
76,
76,51
76,Ane
76,41
76,10'
76,e
76,06
76,Algarve
76,The
76,EUROPE
76,F2v
76,and
76,e
76,Zaval
76,and
76,'ORTUGAL
76,Sweil
76,inceni
76,nc
76,Coasu
76,Spain
76,ith
76,south
76,Carrapateira
76,conspire
76,righrhanderi .
76,"Rocha ,"
76,"Upke,"
76,around
76,Marlon
76,called
76,thar
76,peel
76,swells
76,"spot,"
76,6-8ft (
76,beachbr /
76,rights
76,wave
76,over
76,mix
76,corner
76,times/
76,was
76,Treacherous
76,big
76,intoxicating
76,rideable
76,until
76,experienced
76,and
76,classic
76,very
76,restern
76,central
76,influences
76,explored
76,breaking
76,remuins
76,channel
76,this
76,7222205
76,south
76,waves
76,winds.
76,undeveloped
76,2210225
76,for
76,Qvan
76,Mediterranean
76,reefs
76,and
76,e
76,mesh
76,headland
76,'che
76,start
76,backpacking
76,rded
76,scattered
76,only
76,near
76,classic
76,beaches.
76,Peninsula
76,and
76,region
76,uncrowe
76,Algarve
76,undulating
76,*05s
76,Aljezur
76,side
76,"small,"
76,Athe
76,begin
76,"naturally,"
76,the
76,swells
76,463
76,surf
76,beaches
76,northern
76,brings
76,and
76,visit.
76,and
76,other
76,"good,"
76,absinthel
76,Iberian
76,open
76,Sagres
76,contain
76,The
76,rocks
76,about
76,even
76,Arlantic
76,European
76,down
76,gently
76,big
76,sumnmer
76,ruins
76,no
76,take
76,che
76,the
76,and
76,Ufrom
76,empty
76,rocks.
76,worY
76,wide
76,doesn t
76,the
76,surfers
76,potential
76,qood
76,leading
76,Afew
76,doesn
76,toWn
76,Apart
76,Cape
76,511)
76,when
76,major
76,with
76,Sagres <
76,area
76,located
76,Heware
76,Chas
76,long
76,side
76,36111 )
76,west
76,some
76,vlbe
76,little
76,surfers.
76,The
76,lively
76,(4 -
76,coast
76,"fields,"
76,although
76,and
76,1ucous
76,Jast
76,the
76,country
76,Massles
76,the =
76,Athe
76,2
76,there
76,Aves
76,has
76,breaks
76,antage
76,mncet.
76,well
76,window
76,and
76,but
76,"Portugal,"
76,hordess
76,cliffs
76,Wost
76,small
76,wave
76,AroMana
76,where
76,(2Sm11)
76,owded
76,The
76,ond
76,own
76,home
76,coasts
76,eveloped
76,high
76,and
76,"locallsm,"
76,swell
76,Mazands
76,"0eh ,"
76,"Vincent,"
76,"Services,"
76,Ahe
76,hci
76,Own
76,(6ess
76,Aokmn
76,cove
76,south
76,ne
76,Soine
76,Sapres
76,6ron
76,superb
76,and
76,About
76,Iravel
76,ha s
76,shehver
76,S0qtes
76,718ss01e
76,"00siion,"
76,north
76,"Arrifana ,"
76,Kood
76,Low
76,Allanti
76,wnth
76,iniough
76,Chad
76,Medeeladaon
76,heet
76,6ok
76,10n
76,ne0v
76,@espnte
77,8
77,3s
77,40
77,4
77,4
77,6
77,Ane
77,4o
77,8r
77,(2
77,0f che _ 0f
77,68112
77,che
77,ro
77,Ars
77,Ur
77,bi8
77,Lc
77,18e
77,5
77,s
77,40
77,01
77,05
77,61
77,she
77,be
77,KC
77,Ahe
77,s
77,10
77,01
77,10
77,s
77,20
77,15
77,Ahe
77,pe
77,ro
77,1
77,co
77,05
77,G'
77,Ahe
77,15 2
77,O
77,01
77,"O"""
77,1o
77,A
77,Ahe
77,05
77,05
77,ahe
77,01
77,17
77,81
77,8
77,0?
77,4
77,Algarve
77,The
77,EURopE
77,10
77,Po2
77,Jofc
77,ind
77,Zavals
77,caf
77,and
77,PortugaL
77,Swehi
77,incent
77,coast
77,SpaiN
77,ith
77,south
77,Carrapateva
77,(conspire
77,righrhanders.
77,"Rocha,"
77,"Upke,"
77,around
77,Marlon
77,called
77,thar
77,peel
77,swells
77,"spot, "
77,beachbr
77,rights
77,wave
77,over
77,mix
77,corner
77,times
77,was
77,Treacherous
77,big7
77,intoxicating
77,rideable
77,until
77,and
77,classic
77,experienced
77,very
77,estern
77,influences
77,central
77,explored
77,breaking
77,remains
77,channel
77,this
77,02485
77,south
77,waves
77,winds.
77,undeveloped
77,2222225
77,av4e
77,F1s
77,for
77,263
77,Medicerranean
77,reefs
77,3?
77,and
77,mesh
77,headland
77,start
77,backpacking
77,ded
77,scattered
77,only
77,os2e 
77,classic
77,near
77,Peninsula
77,beaches.
77,and
77,region
77,uncrowe
77,Algarve
77,undulating
77,58078
77,Aljezur
77,side
77,"small,"
77,begin
77,"naturally,"
77,the
77,swells
77,43s
77,surf
77,beaches
77,northern
77,and
77,brings
77,visit.
77,and
77,"good,"
77,other
77,Fabsinthel
77,Iberian
77,open
77,Sagres
77,contain
77,The
77,rocks
77,about
77,Arlantic
77,European
77,down
77,even
77,gently
77,big
77,Suinoer
77,ruins
77,for
77,take
77,the
77,empty
77,rocks.
77,and
77,from
77,worTY
77,wide
77,doesn t
77,the
77,potential
77,doesn'!
77,Ahe
77,surfers
77,leading
77,good
77,Afew
77,town
77,Apart
77,Cape
77,511 )
77,major
77,when
77,with
77,located
77,Reware
77,long
77,Chas
77,side
77,6111 )
77,west
77,some
77,surters.
77,lttle
77,Jively
77,"fields,"
77,coast
77,although
77,and
77,countrye
77,rhe
77,Taucous
77,ast
77,Massles
77,antage
77,LStt
77,Aheres
77,has
77,meet.
77,window
77,well
77,"Portuzal,"
77,cliffs
77,hordes
77,small
77,WiV€
77,where
77,ArrMtana
77,(2Sm1)
77,Ine
77,ond
77,adve
77,coasts
77,high
77,and
77,ocallsn
77,swell
77,"012p ,"
77,Mazards
77,"Vincent,"
77,Services
77,OWn
77,60{e8[s
77,Aokin
77,cove
77,south
77,oane
77,Sour
77,Sapres
77,6roin
77,superb
77,and
77,About
77,hravel
77,has
77,he
77,shehver
77,5001es
77,Miin
77,71ess01e
77,north
77,posmtion
77,Arrafana
77,ehhonete
77,Kood
77,ow
77,on
77,Atlanthe
77,wnh
77,haa
77,Memieianean
77,Miomgh
77,765
77,Deei
77,6k
77,80n
77,0heen
77,Oesphte
77,'n1e9
77,|
78,0s
78,4
78,6
78,Ae
78,4o
78,~r
78,2
78,05
78,05
78,681 12
78,(o
78,0r
78,[c
78,bi8
78,1
78,s
78,s
78,0
78,05
78,0
78,ro be
78,5
78,C
78,~he
78,1s
78,6
78,10
78,5
78,be
78,khe
78,Ko
78,15
78,308
78,1
78,koí
78,05
78,'5 >
78,KO
78,S1
78,Ahe
78,01
78,"O"""
78,S
78,05
78,05
78,(
78,0
78,42
78,51
78,41
78,e
78,Algarve
78,The
78,EURoPE
78,10
78,n
78,and
78,con
78,Zaval
78,ncar
78,Fand
78,OrtugAL
78,Wwcil
78,Vincent
78,coasu
78,SpaiN
78,nth
78,south
78,Carrapateira
78,{conspire
78,righthanderi .
78,"Rocha,"
78,"Uoke,"
78,around
78,Marlon
78,called
78,thar
78,peel
78,swells
78,spot;
78,the
78,beachbr
78,rights
78,che
78,Wave
78,over
78,mix
78,corner
78,rimess
78,was
78,Treacherous
78,Jits
78,intoxicating
78,big7
78,rideable
78,until
78,and
78,classic
78,experienced
78,very
78,estern
78,influences .
78,central
78,explored
78,breaking
78,remins
78,1s
78,channel
78,this
78,2242s
78,south
78,an
78,waves
78,winds .
78,undeveloped
78,2210225
78,02te
78,for
78,283
78,Mediterranean
78,reefs
78,3c?
78,and
78,the
78,mesh
78,headland
78,uncrowded
78,start
78,(backpacking
78,scattered
78,only
78,ee
78,classic
78,near
78,Peninsula
78,beaches
78,and
78,region
78,Algarve
78,undulating
78,805s
78,Aljezur
78,side
78,"small,"
78,Ahe
78,begin
78,naturally;
78,an
78,swells
78,33s
78,surf
78,beaches
78,and
78,northern
78,brings
78,visit.
78,"good,"
78,other
78,Iberian
78,absinthel
78,Sagres
78,open
78,contain
78,The
78,rocks
78,down
78,Arlantic
78,European
78,even
78,gently
78,Ahor
78,big
78,Summer
78,ruins
78,take
78,the
78,the
78,Ufrom
78,empty
78,rocks.
78,and
78,wide
78,doesn t
78,potential
78,doesn t
78,leading
78,Ahe
78,(qood
78,toWn
78,Apart
78,Cape
78,major
78,S1n)
78,With
78,when
78,long
78,located
78,the
78,Neware
78,side
78,west
78,76111 )7
78,some
78,surters.
78,lively
78,"fields,"
78,and
78,alhough
78,rhe
78,country
78,ast
78,Taucous
78,Massles
78,the
78,antage
78,1Stt
78,meet.
78,hos
78,window
78,well
78,"Portugal ,"
78,cliffs
78,small
78,hordes
78,where
78,Wave
78,AuMtano
78,(2Smn1)
78,Ine
78,ond
78,coasts
78,advs
78,high
78,and
78,swell
78,"Beh,"
78,Maeards
78,"Vincent,"
78,Services
78,own
78,(0e8[
78,cove
78,south
78,Aokmn
78,ne
78,oe
78,Sagres
78,superb
78,Irom
78,and
78,About
78,ravel
78,has
78,he
78,sheher
78,500re
78,wvnth)
78,712ss01 e
78,north
78,"Dosition,"
78,Arralana
78,Kood
78,naie
78,ov
78,toi
78,Atlanthe
78,wnh
78,had
78,iniough
78,Memiieianean
78,76vei
78,D8ei
78,1
78,6ook
78,70n
78,heen
78,pespne
78,1
78,001e9
78,ana
79,^ 0
79,3
79,4
79,rs
79,o
79,Sr
79,(2
79,05
79,0
79,68112
79,{o
79,Ars
79,Ur
79,b18
79,LC
79,18e
79,19
79,5
79,05
79,05
79,0
79,foÉ
79,khe
79,ro be
79,4
79,C
79,che
79,5
79,0
79,(0
79,15
79,0n
79,95
79,be
79,r0
79,o
79,05
79,S1
79,rhe
79,Ahc
79,s
79,Ko
79,01
79,"0"""
79,Sc
79,she
79,05
79,05
79,(
79,ahe
79,0
79,15
79,51
79,41
79,1
79,Algarve
79,The
79,EUROPE
79,Po21
79,Centf
79,town
79,the
79,Zaval
79,ncar
79,and
79,Ortugal
79,Sweil
79,Vinceni
79,coacie
79,SpAiN
79,nih
79,(south
79,Carrapateva
79,conspire
79,nighthanders .
79,Rocha
79,"Uphe,"
79,around
79,Marlon
79,called
79,thar
79,peel
79,swells
79,"spot,"
79,the
79,beachbr /
79,rights
79,the
79,wave
79,over
79,mix
79,corner
79,rimes/
79,was
79,Treacherous
79,intoxicating
79,big7
79,rideable
79,until
79,and
79,experienced
79,classic
79,very
79,western
79,influences.
79,central
79,explored
79,breaking
79,remains
79,channel
79,7222283
79,this
79,south
79,an
79,waves
79,winds .
79,undeveloped
79,72212525
79,aa
79,223
79,Mediterranean
79,reefs
79,and
79,53a
79,mesh
79,ded
79,headland
79,start
79,backpacking
79,scattered
79,only
79,oe
79,classic
79,near
79,Peninsula
79,beaches.
79,region
79,uncrowa
79,and
79,Algarve
79,undulating
79,305s
79,Aljezur
79,"small,"
79,side
79,Athe
79,begin
79,the
79,"naturally,"
79,14s
79,swells
79,surf
79,beaches
79,and
79,northern
79,visit.
79,"good,"
79,brings
79,other
79,absinthel
79,Iberian
79,Sagres
79,contain
79,open
79,The
79,Arlantic
79,European
79,down
79,even
79,gently
79,big
79,Suininer
79,for
79,ruins
79,take
79,empty
79,rocks.
79,the
79,and
79,doesn t
79,wide
79,potential
79,leading
79,he
79,qood
79,doesn'
79,town
79,Cape
79,major
79,with
79,5111 )
79,long
79,located
79,when
79,side
79,Beware
79,west
79,2611 )
79,some
79,surters.
79,lively
79,"fields,"
79,although
79,and
79,countrys
79,the
79,ast
79,Taucous
79,antage
79,Stc
79,meet.
79,hos
79,well
79,window
79,"Portugal,"
79,cliffs
79,small
79,hordes
79,where
79,Wave
79,AuMano
79,(2Sm1)
79,ine
79,adva
79,coasts
79,Chieh
79,and
79,swell
79,"B2h,"
79,"Vincent,"
79,Services
79,OWI
79,{oes[s
79,Aokin
79,cove
79,south
79,one
79,Sagres
79,from
79,superb
79,and
79,About
79,Iravel
79,hes
79,hes
79,she
79,sheher
79,Santes
79,71ess0i e
79,north
79,poshtions
79,Arrakana
79,Kood
79,nge
79,oov
79,aMav2
79,Low
79,101
79,Atlanthe
79,wnh
79,had
79,e
79,infough
79,Mamienanean
79,weli
79,bee
79,1n96nst
79,ne
79,"1,uv"
79,10n
79,book
79,heev
79,pesone
79,7ie9
79,Onn
80,88
80,4
80,e
80,o
80,~r
80,2
80,05
80,0
80,42;
80,Ko
80,ur
80,K<
80,42
80,s
80,15 0
80,05
80,05
80,0
80,khe
80,be
80,foí
80,5
80,o
80,4
80,KC
80,zhc
80,o
80,95
80,01
80,an
80,5
80,e
80,ibe
80,Ko
80,kow
80,05
80,Ahc
80,15 2
80,O
80,S5'
80,che
80,01
80,"0"""
80,S
80,che
80,Roe
80,01
80,05
80,2
80,01
80,45
80,01 
80,41
80,s
80,4w
80,(n?
80,Algarve
80,The
80,EURopE
80,10
80,Fo2n
80,Cen
80,toen
80,ber
80,che
80,Lavtal
80,nea
80,and
80,'ORTUGAL
80,well
80,Vincent
80,coaci
80,Spain
80,ith
80,(south
80,Carrapateia
80,conspire
80,nighthandera.
80,Rocha
80,Uoher
80,around
80,Marlon
80,called
80,thar
80,peel
80,swells
80,the
80,"spot,"
80,beachbr /
80,6-8ft /
80,rights
80,the
80,wave
80,mix
80,over
80,corner
80,"times,"
80,Was
80,Treacherous
80,intoxicating
80,Fits
80,big
80,big
80,rideable
80,and
80,until
80,experienced
80,very
80,western
80,classic
80,influences.
80,central
80,explored
80,breaking
80,remlins
80,channel
80,this
80,south
80,waves
80,winds.
80,undeveloped
80,anean
80,reefs
80,and
80,mesh
80,ded
80,headland
80,scattered
80,start
80,backonchn
80,only
80,classic
80,Mediterrs
80,Peninsula
80,uncrow
80,beaches.
80,region
80,Algarve
80,undulating
80,and
80,5203
80,"small,"
80,side
80,the
80,begin
80,"naturally,"
80,surf
80,swells
80,beaches
80,and
80,northern
80,"good,"
80,brinos
80,Iberian
80,Sagres
80,other
80,contain
80,open
80,The
80,Arlantic
80,European
80,down
80,even
80,gently
80,big
80,sumnmer
80,take
80,empty
80,rocks.
80,the
80,and
80,doesn t
80,wide
80,potential
80,doesn 't
80,leading
80,town
80,major
80,Cape
80,with
80,5m)
80,locared
80,long
80,when
80,side
80,Beware
80,west
80,56111 )
80,surters
80,lively
80,"fields ,"
80,alrnough
80,and
80,countrys
80,ast
80,Tuicous
80,antage
80,Ache
80,mcet.
80,Str
80,window
80,well
80,"Portugal ,"
80,cliffs
80,small
80,hoedes
80,where
80,l VC
80,Arhlana
80,(2Smn1)
80,The
80,adv:
80,coasts
80,high
80,and
80,swell
80,beh.
80,"Vincent,"
80,Services
80,{0{esis
80,Aokm
80,cove
80,oWI
80,south
80,nne
80,Sagres
80,superb
80,troin
80,and
80,About
80,Travel
80,hes
80,shoy
80,sheher
80,Sagres
80,"""1ess07 €"
80,north
80,60r|
80,poshtlon
80,Arrifana
80,Kood
80,ar0
80,onge
80,estaby
80,Low
80,10i
80,Alantte
80,wuh
80,throuoh
80,had
80,Medhenvaneen
80,Weii
80,heet
80,nhnan
80,0
80,nan
80,1ook
80,10n
80,4neev
80,pesonte
80,0101e9
80,F0i
80,@na
80,Vover
80,141610
80,"00/"" / "
80,
81,1 0
81,88
81,45
81,3
81,às
81,39
81,1;
81,05
81,05
81,6811 12
81,K<
81,OCs
81,ur
81,b18
81,13
81,15
81,05
81,0
81,05
81,foí
81,be
81,1S
81,o
81,4
81,I
81,~hc
81,50
81,15
81,0
81,an
81,5
81,be
81,O
81,01
81,55'
81,Ahe
81,Ahe
81,4e
81,Ko
81,01
81,"O"""
81,S
81,he
81,05
81,05
81,(
81,Ahe
81,5 f
81,01
81,15
81,5
81,e
81,10'
81,pe'
81,0
81,4
81,Algarve
81,The
81,EURopE
81,Fz
81,i
81,n
81,Mll ho
81,bui
81,anc
81,Laval
81,nca(
81,and
81,'ORTUGAL
81,swell
81,Vincent
81,"Coa  ,"
81,SPAiN
81,with
81,Ting
81,(south
81,Carrapateta
81,Conspire
81,righthanders .
81,Rocha
81,"Upke,"
81,Faround
81,Marlon
81,called'
81,Ahar
81,peel
81,the
81,spot;
81,rights
81,the
81,wave
81,mix
81,over
81,corner
81,to
81,was
81,Treacherous
81,intoxicating
81,big7
81,rideable
81,and
81,until
81,experienced
81,classic
81,~very
81,estern
81,influences
81,central
81,explored
81,breaking
81,1s
81,renalins
81,channel
81,this
81,7222205
81,south
81,an
81,waves
81,winds .
81,undeveloped
81,72212225
81,Oe
81,Mediterranean
81,reefs
81,and
81,the
81,mesh
81,uncrowded
81,headland
81,scattered
81,start
81,only
81,ai
81,classic
81,Peninsula
81,beaches .
81,region
81,and
81,Algarve
81,undulating
81,307s
81,"small,"
81,side
81,begin
81,the
81,swells
81,"naturally,"
81,73s
81,surf
81,beaches
81,and
81,northern
81,"good,"
81,Iberian
81,other
81,Sagres
81,contain
81,open
81,The
81,European
81,down
81,Arlantic
81,even
81,gently
81,big
81,for
81,sumnmner
81,rake
81,empty
81,rocks.
81,che
81,and
81,wide
81,doesn t
81,potential
81,doesn '€
81,leading
81,town
81,Cape
81,major
81,511)
81,with
81,located
81,when
81,long
81,Fside
81,west
81,56111 )
81,surfers.
81,lively
81,"fields,"
81,Dew
81,and
81,alrhough
81,rhe
81,countrye
81,ast
81,Toucous
81,antage
81,window
81,meet.
81,well
81,"Portugal,"
81,cliffs
81,small
81,hordes
81,where
81,al Ve
81,Arehon
81,(2Sm1)
81,The
81,adve
81,coasts
81,Chigh
81,and
81,swell
81,nier
81,"Vincent,"
81,Services
81,own
81,(0{es[s
81,Aokmn
81,cove
81,south
81,coasrlne
81,Sapres
81,superb
81,fron
81,About
81,and
81,Travel
81,has
81,he
81,sheher
81,Sa9ies
81,with
81,"""1essuie"
81,north
81,poshulonvs
81,and
81,Arrifana
81,Kood
81,chonate
81,1/88408
81,Gow
81,nootn
81,Alanthe
81,Vuniners
81,abaiothet
81,wuh
81,Ther
81,had
81,Iough
81,Meienanean
81,Ahe
81,averane
81,nevei
81,heet
81,Water
81,be
81,ug
81,iots
81,(ennai
81,ainoll
81,100
81,5068608641446 1
81,hgev
81,pesonte
81,nouonal
81,Saoros
81,007e9
81,Uhe
81,Di
81,Manuy
81,(0nn
81,20v
81,Vee
81,1n8n
81,0n0uen
81,1ne
81,Niove
81,02e
81,Junve
82,88
82,4
82,0
82,Ae
82,she
82,2
82,0
82,0
82,1;
82,r
82,5
82,68
82,ACs
82,ur
82,618
82,s
82,45
82,15 ^n
82,05
82,05
82,01
82,khe
82,ro be
82,4
82,L
82,Ahe
82,1s
82,0
82,(0
82,15
82,khe
82,29
82,99
82,be
82,05
82,S1
82,Ahe
82,che
82,15 2
82,50
82,01
82,"0"""
82,S
82,9 iheo ~
82,oe
82,0
82,"WN"""
82,01
82,55
82,2
82,01
82,86
82,An
82,V
82,sN
82,01e
82,0e
82,80 `
82,Algarve
82,The
82,EUROPE
82,10
82,Fra
82,Ceaife
82,Mofc
82,Cind
82,n
82,ll har
82,bur
82,ne
82,Lavals
82,nea
82,and
82,fs
82,Portugal
82,swell
82,Vincent
82,coasi
82,SpAiN
82,with
82,south
82,Carrapateira
82,conspire
82,"Upke,"
82,around
82,Marlon
82,thar
82,peel
82,"spot,"
82,6-8ft /
82,rights
82,che
82,wave
82,mix
82,over
82,corner
82,was
82,Treacherous
82,intoxicating
82,rideable
82,and
82,until
82,classic
82,experienced
82,estern
82,very
82,central
82,influences.
82,explored
82,breaking
82,remains
82,channel
82,this
82,7222283
82,south
82,waves
82,winds.
82,undeveloped
82,e1es
82,for
82,Mediterranean
82,reefs
82,and
82,ay
82,mesh
82,headland
82,uncrowded
82,scattered
82,start
82,only
82,classic
82,Peninsula
82,beaches.
82,and
82,region
82,undulating
82,Algarve
82,02s
82,"small,"
82,side
82,begin
82,swells
82,"naturally,"
82,surf
82,beaches
82,northern
82,and
82,"good,"
82,other
82,to
82,Iberian
82,Sagres
82,open
82,contain
82,The
82,down
82,even
82,Arlantic
82,European
82,gently
82,big
82,for
82,take
82,Suinino
82,empty
82,rocks.
82,and
82,wide
82,the
82,doesn t
82,potential
82,leading
82,doesn
82,town
82,Cape
82,511)
82,major
82,with
82,when
82,located
82,long
82,Beware
82,side
82,west
82,36111 )
82,surters
82,Jively
82,son
82,"fields,"
82,and
82,alhough
82,countrye
82,Toucous
82,las:
82,the
82,antage
82,1Sfc
82,meet.
82,Chas
82,window
82,well
82,"Portugal,"
82,hordes
82,Has
82,cliffs
82,here
82,small
82,where
82,ave
82,Arnifana
82,Woo
82,(2Sm1)
82,Ine
82,coasts
82,Fand
82,adva
82,fock
82,Chigh
82,undeveloped
82,and
82,"ocallsm,"
82,swell
82,Beh.
82,Mazards
82,"Vincent,"
82,Services
82,Own
82,She
82,Nalp
82,have
82,okin
82,cove
82,south
82,s
82,coaseline
82,outslde
82,Sapres
82,oine
82,you
82,from
82,superb
82,About
82,Iravel
82,and
82,has
82,stay
82,(ettino
82,Aespect
82,he
82,ocals
82,sheler
82,Fespeclally
82,chllled
82,Saqres
82,with
82,7(essuie
82,00siion
82,suri
82,north
82,ena
82,Yand
82,Arrifana
82,Islowly
82,5ron
82,chonate
82,Kood
82,Feiain
82,aro
82,ange
82,12e4e
82,otabk
82,polmbrcako
82,Tow
82,401
82,Atantie
82,oneh
82,hoone
82,abslnthel
82,here
82,30iie7 s
82,wath
82,Chad
82,0ne0n
82,iniough
82,he
82,avoraue
82,Woii
82,Mevei
82,Waten
82,Deei
82,per
82,Fnuusn
82,but
82,Mennene
82,Miote
82,701
82,2ni0i
82,ainfan
82,Ahe
82,00n6nua
82,hook
82,10n
82,0neev
82,028ne
82,natonel
82,94016s
82,811e70iie 
82,Uha
82,ahe
82,Dui
82,Manoy
82,0nn
82,1iniei
82,mohesu
82,321
82,han
82,oivino
82,desunaton
82,2089 / 
82,Alvanve
82,onva
82,Gna
82,One
82,0ny
82,ho
82,aeo
82,Aeloia 
83,85
83,Ae
83,4
83,6
83,Ae
83,2
83,05
83,01 che
83,681 12
83,Ko
83,5
83,VCs
83,Ur
83,b18
83,95
83,s
83,15 ^0
83,05
83,05
83,0
83,be
83,KC
83,rhe
83,15
83,ro
83,6
83,O
83,15
83,an
83,45
83,AN
83,he
83,10
83,Ko
83,fo'
83,05
83,S1'
83,15 2
83,Ko
83,"0"""
83,o
83,Sc
83,0
83,(
83,Si
83,S61
83,Ae
83,61
83,01
83,95
83,Ahe
83,85
83,o
83,3
83,3
83,4w?
83,Jav
83,Algarve
83,The
83,EURopE
83,10
83,1
83,Foa
83,n
83,Cenife
83,hne
83,morc
83,wine
83,on
83,ll hur
83,but
83,Laval
83,neat
83,Fand
83,RtugAL
83,sweil
83,Vincent
83,Coa  .
83,SpAiN
83,th
83,(sourh
83,Carrapateva
83,conspire
83,righthande
83,"Uoke,"
83,around
83,Marlon
83,thar
83,peel
83,the
83,"""spot,"
83,rights
83,mix
83,wave
83,over
83,corner
83,was
83,Treacherous
83,intoxicating
83,big7
83,rideable
83,and
83,until
83,classic
83,experienced
83,estern
83,very
83,central
83,influences.
83,explored
83,breaking
83,remains
83,channel
83,this
83,8214s
83,south
83,waves
83,winds.
83,undeveloped
83,for
83,2s
83,reefs
83,Mediterranean
83,and
83,mesh
83,the
83,headland
83,7i2 2
83,ded
83,scattered
83,start
83,only
83,classic
83,Peninsula
83,beaches.
83,and
83,uncrowe
83,region
83,undulating
83,Algarve
83,bac'
83,20s
83,"small,"
83,side
83,begin
83,naturally;
83,Athe
83,swells
83,the
83,surf
83,beaches
83,northern
83,and
83,"good,"
83,other
83,brings
83,visit
83,Sagres
83,open
83,absinthel
83,ana
83,Iberian
83,contain
83,The
83,even
83,rocks
83,European
83,down
83,Arlantic
83,gently
83,big
83,abo
83,summer
83,take
83,ruins
83,the
83,the
83,empty
83,rocks.
83,and
83,Afrom
83,wide
83,the
83,worry
83,doesn t
83,potential
83,leading
83,Athe
83,doesn'
83,good
83,town
83,on
83,ew
83,Cape
83,Apart
83,5n1)
83,with
83,when
83,major
83,located
83,the
83,long
83,Deware
83,west
83,36111 )
83,"""side"
83,has
83,Sagre
83,surfers
83,some
83,of
83,~ittle
83,Jively
83,"fields,"
83,and
83,coast
83,10ucous
83,although
83,country
83,rhe
83,Massles
83,st
83,the5
83,the
83,antage
83,meet
83,has
83,window
83,Ahere'
83,breaks.
83,waves
83,well
83,hordess
83,and 
83,"ortugal,"
83,cliffs
83,but
83,small
83,Walve
83,West
83,where
83,Arllana
83,(2Sm1)
83,coasts
83,and
83,towns
83,crowded
83,he
83,adva
83,sample
83,home
83,ocks
83,or
83,undeveloped
83,hich
83,"ocallsn,"
83,and
83,swell
83,Mazards
83,hien
83,"Vincent,"
83,Services
83,own
83,sharp
83,have
83,helr
83,01e
83,Aokmn
83,cove
83,south
83,(0resis
83,nore
83,foutslde
83,ne
83,here
83,1l
83,ome
83,you
83,Sagres
83,Ahe
83,froi
83,superb
83,Iravel
83,and
83,About
83,hes
83,stay
83,gettino
83,espect
83,he
83,he
83,Ahops
83,ocals
83,sheher
83,chilled
83,especlally
83,Saqes
83,wIth
83,F1essui e
83,Posuion
83,Sur
83,north
83,end
83,and
83,Acrifana
83,slowly
83,om
83,chmnate
83,Kood
83,(5iains
83,tonoe
83,elabllg
83,1ee2en
83,6ks
83,ow
83,ton
83,Atlanthe
83,noneh
83,hoone
83,There
83,absinher
83,30iie7s
83,polmbree
83,wath
83,hod
83,0ne0n
83,iniough
83,avoraue
83,Well
83,Mevei
83,W0ie
83,beei
83,vor
83,Cnolish
83,D
83,but
83,naug
83,Meviiei
83,Mint
83,aintall
83,he
83,Can
83,Dook
83,Ahenv
83,nodonel
83,{291f
83,0espne
83,300/ei
83,ha
83,"017e9,"
83,he
83,dase
83,Dut
83,Mandy
83,07
83,Winei
83,Mohest
83,380
83,3/ve 
83,hen
83,aviving
83,Mesuinonon
83,3017
83,Ioaive
83,Mna
83,0n4
83,n
83,2ei
83,0w
83,4he
83,106980
83,80cine
84,Y
84,^ 0
84,8r
84,46
84,48
84,6
84,4
84,0
84,e
84,rhe   0f
84,12
84,0
84,ahe
84,1;
84,<o
84,L
84,VCs
84,ur
84,1S
84,s
84,As
84,01
84,05
84,0
84,fo<
84,co be
84,4
84,K
84,1s
84,01
84,10
84,'15
84,29
84,15
84,he
84,he
84,ro
84,an0
84,1o
84,05
84,S1
84,Ahc
84,rhe
84,Ahc
84,Ane
84,0' 90
84,15 >
84,O
84,"O"""
84,10
84,a5
84,05
84,05
84,4
84,Ahe
84,Ane
84,Ne
84,01
84,1o1
84,01
84,4
84,0
84,a
84,55
84,1
84,41
84,3
84,Ane
84,8
84,c
84,Algarve
84,The
84,EUROPE
84,Fron
84,Koet
84,Fn
84,faos
84,42f1
84,Ceaue
84,Qa
84,Mofc
84,ine
84,tovn
84,bul
84,Laval
84,near
84,fock
84,Fand
84,PortugAL
84,swell
84,Vincent
84,coasu
84,Thero
84,Spain
84,with
84,(south
84,Carrapatetra
84,Conspire
84,righthanders .
84,Rocha
84,Uoker
84,around
84,"Marlon,"
84,called
84,rhar
84,peel
84,swells
84,"spot,"
84,6-8ft /
84,rights
84,wave
84,miX
84,over
84,corner
84,was
84,Treacherous
84,intoxicating
84,big7
84,big
84,rideable
84,and
84,until
84,classic
84,experienced
84,estern
84,Every
84,central
84,influences
84,explored
84,breaking
84,remlins
84,channel
84,this
84,south
84,7222405
84,an
84,waves
84,winds.
84,undeveloped
84,71o223
84,Mediterranean
84,reefs
84,and
84,mesh
84,headland
84,the
84,start
84,uncrowded
84,scattered
84,che
84,only
84,backpacking
84,classic
84,Peninsula
84,beaches.
84,~near
84,and
84,region
84,undulating
84,Algarve
84,Aljezur
84,85
84,"small,"
84,side
84,begin
84,swells
84,"naturally,"
84,the
84,surf
84,beaches
84,northern
84,and
84,other
84,brings
84,"good,"
84,visit .
84,Sagres
84,open
84,absinthe!
84,Iberian
84,contain
84,The
84,even
84,down
84,rocks
84,European
84,Arlantic
84,gently
84,aboul.
84,big
84,summer
84,take
84,ruins
84,for
84,and
84,empty
84,rocks.
84,wide
84,rom
84,doesn' t
84,worry
84,doesn +
84,potential
84,leading
84,good
84,surlers
84,on
84,town
84,ew
84,Cape
84,Apart
84,Sm)
84,when
84,with
84,major
84,located
84,the
84,long
84,Beware
84,west
84,611 )
84,has
84,Sagres -
84,area
84,countryside
84,surfers.
84,Asome
84,Iittle
84,vibe
84,lively
84,The
84,"fields,"
84,and
84,(coast
84,alhough
84,Foucous
84,Massles
84,the
84,asz
84,Ahe
84,1Sfc
84,antage
84,has
84,meet.
84,there
84,window
84,breaks
84,Waves
84,well
84,hordes
84,Fand -
84,"Portugal,"
84,cliffs
84,~but
84,West
84,small
84,Wave
84,where
84,Arntana
84,(2Sm1)
84,Sample 
84,Fand
84,coasts
84,owns
84,crowded
84,Ihe
84,adv
84,home
84,rocks
84,undeveloped
84,high
84,"ocallsm,"
84,and
84,swell
84,Mazards
84,Services
84,"Vincent,"
84,beh.
84,own
84,Ahe
84,Sharp
84,have
84,Ahelr
84,AOkm
84,cove
84,south
84,(07es s
84,more
84,outslde
84,Shere
84,une
84,Sone
84,Sagres
84,you
84,he
84,froi
84,superb
84,avel
84,and
84,About
84,hes
84,stay
84,(eting
84,Aespect
84,Uhe
84,he
84,00a
84,Ahops
84,ocalo
84,shehrer
84,hilled
84,sspeclally
84,Sagres
84,wIth
84,Piessuie
84,poshulon
84,end
84,uf
84,north
84,Fana
84,Arrkfana
84,slawly
84,0m
84,chmnate
84,Kood
84,eiain
84,aabins)e
84,aro
84,ange
84,nrac2er
84,0k
84,Low
84,10i
84,Atlanthe
84,ooeh
84,choone
84,There
84,80iineis
84,Gbsinthei
84,polmbre
84,wnh
84,Chad)
84,Medherranean
84,Ahe
84,hrouoh
84,wcii
84,avoraue
84,Mever
84,vee
84,waiei
84,nato
84,0eei
84,nolisn
84,Dut
84,be
84,8nee
84,"006969166d ,"
84,ainten
84,he
84,Gn
84,hocak
84,cheev
84,pespne
84,natonal
84,720117 €
84,30uren
84,aay
84,Uhe
84,Ahe
84,"0107es,"
84,Dut
84,Mandy
84,801
84,0n
84,inei
84,mohesu
84,620
84,781nete
84,0n0n
84,esuinanon
84,riving
84,Alarve
84,Mone
84,70nd
84,00e'
84,Ane
84,",069800"
84,nerbieee
84,"6861e,n"
84,20necine
84,nee
84,e4aes
85,4
85,ne
85,9
85,4n 
85,0
85,4e
85,e
85,40
85,8r
85,che   o1
85,81 12
85,05
85,42;
85,4
85,ro
85,5
85,Ars
85,Ur
85,b18
85,s'
85,Se
85,A
85,s
85,99
85,s
85,05
85,05
85,0
85,khe
85,be
85,4
85,V
85,Ehe
85,1s
85,Ko
85,0
85,o
85,=
85,40
85,be
85,Ko
85,3nd
85,1o
85,05
85,S5'
85,~<
85,o( no
85,Ko
85,00
85,"O"""
85,Ane
85,15
85,10
85,35
85,05
85,05
85,C
85,5f1
85,Ahe
85,(ne
85,01
85,15
85,Ane
85,05
85,1
85,3
85,Aw
85,}
85,0K >
85,Aw
85,Algarve
85,The
85,EURoPE
85,10
85,eoeC
85,Fe
85,68o
85,Aeri
85,e
85,Ine
85,le 
85,More
85,and
85,own
85,bul
85,Laval
85,ncar
85,rocko
85,Fand
85,PortugAl
85,swell
85,Vincent
85,coast
85,There /
85,Spain
85,wnh
85,(south
85,Carrapatetra
85,Ner
85,Conspire
85,righthanders .
85,Rocha
85,"Uoke,"
85,around
85,Marlon
85,called
85,thar
85,peel
85,"beachbreak ,"
85,swells
85,"spot,"
85,rights
85,the
85,wave
85,mix
85,over
85,corner
85,was
85,rimes
85,Treacherous
85,intoxicating
85,big
85,rideable
85,and
85,until
85,classic
85,experienced
85,restern
85,very
85,central
85,influences.
85,durz
85,explored
85,breaking
85,remalins
85,this
85,channel
85,south
85,raves
85,ei8
85,an
85,winds.
85,undeveloped
85,for
85,reefs
85,Mediterranean
85,and
85,mesh
85,headland
85,uncrowded
85,scattered
85,start
85,backpacking
85,only
85,classic
85,Peninsula
85,beaches.
85,~near
85,and
85,region
85,undulating
85,Algarve
85,"small,"
85,side
85,Aljezur
85,307
85,begin
85,naturally;
85,Athe
85,swells
85,che
85,beaches
85,surf
85,northern
85,and
85,(brings
85,other
85,"good,"
85,visit.
85,Sagres
85,open
85,absinthel
85,Iberian
85,contain
85,The
85,even
85,rocks
85,down
85,European
85,Arlantic
85,gently
85,big
85,aboul
85,summer
85,take
85,the
85,the
85,ruins
85,for
85,rocks.
85,and
85,empty
85,Ufrom
85,wide
85,the
85,wory
85,doesn €
85,porential
85,leading
85,doesn'
85,good
85,surfers
85,town
85,ew
85,Cape
85,Apart
85,511 )
85,When
85,with
85,located
85,the
85,major
85,Deware
85,long
85,36171 )
85,west
85,'Sagres =
85,area
85,side
85,Chas
85,surfers
85,some
85,little
85,vlbe
85,lively
85,The
85,"fields,"
85,Coost
85,and
85,Foucous
85,alhough
85,the
85,country
85,Massles
85,the5
85,las:
85,the
85,antage
85,meet.
85,has
85,window
85,Aheren
85,breaks
85,waves
85,well
85,hordes
85,and
85,but
85,"Portuzal,"
85,clitfs
85,small
85,WaVC
85,West
85,where
85,Arltana
85,(2Sm1)
85,sampled
85,and
85,owns
85,(crowded
85,coasts
85,The
85,adva
85,home
85,rocks
85,lot
85,undeveloped
85,high
85,"ocallsm,"
85,and
85,swell
85,Mazards
85,Services
85,"Vincent,"
85,"6en,"
85,own
85,Ahe
85,sharp
85,have
85,Ahelr
85,01e
85,cove
85,Aokin
85,south
85,(0{es[s
85,more
85,outside
85,here
85,tine
85,ome
85,You
85,Sagres
85,Ahe
85,fron
85,superb
85,ravel
85,About
85,and
85,has
85,stay
85,(ettino
85,Mespect
85,he
85,Shops
85,ocals
85,speclally
85,sheher
85,hlled
85,Sagues
85,wIth
85,16oys
85,Pressuie
85,00sition
85,end
85,80f|
85,norch
85,Fand
85,Arrfana
85,slowly
85,80i
85,chonate
85,eslablnshye
85,Kood
85,Temains
85,01
85,range
85,ad4en
85,polnubrcako
85,Low
85,40
85,Atantke
85,noneh
85,choone
85,hera
85,Gbsinthel
85,30iinei >
85,muh
85,0ne0n
85,Ahrouoh
85,Chad
85,averave
85,Well
85,Mever
85,neuony
85,Water
85,Deei
85,ei
85,Enolsn
85,Dui
85,Meviiei
85,Mant
85,entral
85,vainfell
85,he
85,7420404414741
85,0ook
85,Con
85,4neev
85,ooth
85,0es0ne
85,atonel
85,Sanres
85,he
85,Dui
85,Ahe
85,"810e701m1es,"
85,Manoy
85,30i
85,(0na
85,Winiei
85,ni0nes
85,320
85,hon
85,oivino
85,Aldarve
85,36unanon
85,2089 / 
85,and
85,Mone
85,ne
85,hatr
85,07
85,"111a6,"
86,1
86,4
86,4r
86,4
86,1e
86,8
86,4e
86,40
86,8r
86,she
86,0
86,81 12
86,05
86,11;
86,42
86,ro
86,L
86,Ars
86,up
86,Se
86,As
86,1s
86,1s ^
86,0
86,0
86,01
86,be
86,~
86,K<
86,Ahe
86,15
86,0
86,Ko
86,5
86,"2"""
86,S
86,Ane
86,be
86,ro
86,1o
86,05
86,S1'
86,Ahe
86,15 2
86,0
86,"0"""
86,"0"""
86,khe
86,1
86,N
86,05
86,01
86,Ahe
86,Ahe
86,ane
86,ene
86,81
86,01
86,15
86,1
86,55
86,1
86,4
86,e
86,ve'
86,8
86,Algarve
86,The
86,EURopE
86,10
86,Fea
86,(8r
86,Wceniy
86,Cenire
86,More
86,and
86,ovn
86,bul
86,ne
86,Zaval
86,ncar
86,{xko
86,and
86,RTUgAL
86,swell
86,Vincent
86,coast .
86,Theres
86,Spain
86,wih
86,(south
86,Carrapateira
86,Nees /
86,conspire
86,righrhanders
86,Rocha
86,Uphe
86,hcz
86,around
86,Marlon
86,called
86,thar
86,peel
86,"beachbreak,"
86,swells
86,"spot,"
86,rights
86,the
86,wave
86,mix
86,over
86,corner
86,was
86,Krimes
86,Treacherous
86,intoxicating
86,clev
86,big
86,big
86,rideable
86,and
86,until
86,classic
86,experienced
86,western
86,~very
86,central
86,influences.
86,{dura
86,explored
86,breaking
86,remains
86,this
86,channel
86,south
86,aves
86,52405
86,winds.
86,undeveloped
86,for
86,anean
86,reefs
86,and
86,mesh
86,headland
86,the
86,start
86,uncrowded
86,scattered
86,only
86,'backpacking
86,to
86,classic
86,Mediterr
86,beaches.
86,Peninsula
86,near
86,and
86,region
86,undulating
86,Algarve
86,Aljezur
86,"small,"
86,side
86,begin
86,9
86,swells
86,"naturally,"
86,the
86,surf
86,beaches
86,northern
86,and
86,other
86,brings
86,"good,"
86,visit.
86,Sagres
86,open
86,absinthel
86,and
86,Iberian
86,contain
86,The
86,even
86,down
86,Frocks
86,European
86,gently
86,big
86,about
86,Arlantic
86,summer
86,take
86,ruins
86,for
86,the
86,and
86,empty
86,rocks.
86,no
86,wide
86,Arom
86,doesn 't
86,the
86,worY
86,doesn t
86,potential
86,leading
86,Athe
86,good
86,surfers
86,town
86,few
86,Cape
86,51n )
86,Apart
86,when
86,With
86,major
86,located
86,long
86,(Beware
86,west
86,36111 )
86,Chas
86,Sagres <
86,area
86,side
86,surfers
86,somne
86,(ittle
86,vibe
86,lively
86,"fields,"
86,and
86,Foucous
86,coast
86,alhough
86,Massles
86,rhe
86,country
86,las:
86,LSfc
86,advantage
86,mncet.
86,has
86,Aheres
86,window
86,breaks
86,waves
86,well
86,hordes
86,and 
86,the
86,"Portuzal,"
86,~but
86,cliffs
86,West
86,small
86,Wave
86,where
86,Arrttana
86,(2Sm1)
86,sampled
86,Fand
86,crowded
86,coasts
86,owns
86,nc
86,home
86,rocks
86,undeveloped
86,ol
86,"ocallsm,"
86,high
86,and
86,swell
86,Mazards
86,Services
86,"Vincent,"
86,ben.
86,OWn
86,Ahe
86,sharp
86,hen
86,01e
86,~have
86,cove
86,AOkmn
86,south
86,{0{esis
86,noee
86,outslde
86,here
86,oine
86,somne
86,You
86,Sagres
86,Ahe
86,fron
86,superb
86,ravel
86,About
86,and
86,hes
86,tay
86,(geutina
86,Respect
86,Uhe
86,he
86,Shops
86,ocals
86,sheher
86,holled
86,Fespeclally
86,Saqres
86,6ove
86,wIth
86,Piessute
86,0osiion
86,end
86,801|
86,north
86,Fana
86,Arrfana
86,slowly
86,80i
86,getabhisho
86,chonate
86,Kood
86,teiains
86,afe 
86,016
86,range
86,ad2eo
86,polnubreake
86,Low
86,10
86,nonth
86,Allant
86,0hoo6e
86,@Dsinthel
86,There
86,30ioneis
86,muh
86,had
86,Memieiangan
86,he
86,chronoh
86,0verane
86,Woll
86,never
86,netone
86,Water
86,Deei
86,Anolish
86,D0
86,Mine
86,entval
86,ne
86,58264404442041
86,vaintall
86,(0n
86,06
86,aath
86,(neev
86,0es0iig
86,auonel
86,3001e
86,he
86,Ahe
86,",41es"
86,DMi
86,Manay
86,20i
86,0n
86,Winei
86,niones
86,380
86,211e
86,hon
86,Mesuinovon
86,",ivino"
86,Alverve
86,"208""/ "
86,Mone
86,he
86,0m
86,June
86,Delt
86,00y
86,ho
86,008916n
86,0811676
86,66ni01ne
86,06
87,1 0
87,C
87,0e
87,o
87,Sr
87,che   o1
87,12
87,05
87,rhe
87,42;
87,40
87,0r
87,Lc
87,618
87,Se
87,95
87,ns
87,is 9
87,0
87,05
87,0
87,fo<
87,to be
87,4
87,K<
87,Ahe
87,15
87,01
87,o
87,s
87,49
87,e
87,Jane
87,Ioe
87,rO
87,o
87,o5
87,S5
87,Ahe
87,ah€
87,Ahe
87,ot no
87,KO
87,01
87,"0"""
87,45
87,khe
87,o
87,'
87,05
87,05
87,(
87,Ahe
87,ane
87,Ane
87,@Y
87,01
87,01
87,01
87,45
87,Ane
87,Ane
87,n
87,51
87,4
87,41
87,4
87,3
87,8
87,Aw
87,02
87,Ane
87,Ane
87,0
87,Aye
87,4
87,Algarve
87,The
87,EURoPE
87,8oo
87,1n
87,Fo
87,Ctap
87,ceterly
87,3ur
87,Ceotg
87,bnc
87,Je
87,Iofe
87,Aind
87,Iovn
87,ane
87,out
87,Zaval
87,ncar
87,{{2i
87,and
87,RTUgAL
87,swell
87,Vinceng
87,ine
87,"coasi ,"
87,Theres
87,wuh -
87,SfaiN
87,south
87,Carrapateva
87,Negr /
87,{conspire
87,nighthanders -
87,heae
87,Rocha
87,Upher
87,around
87,"Marlon ,"
87,called
87,thar
87,peel
87,"(beachbreak ,"
87,swells
87,"spot,"
87,76-8ft /
87,rights
87,wave
87,mix
87,over
87,corner
87,to
87,was
87,Krimes
87,Treacherous
87,leva
87,intoxicating
87,ic's
87,big]
87,rideable
87,and
87,until
87,classic
87,experienced
87,western
87,~very
87,influences.
87,central
87,durai
87,explored
87,breaking
87,remains
87,this
87,channel
87,south
87,waves
87,winds.
87,undeveloped
87,reefs
87,Mediterranean
87,and
87,mesh
87,headland
87,start
87,the
87,uncrowded
87,scattered
87,only
87,'backpacking
87,classic
87,beaches.
87,Peninsula
87,and
87,near
87,region
87,undulating
87,Algarve
87,"small,"
87,side
87,Aljezur
87,begin
87,"naturally,"
87,swells
87,the
87,surf
87,beaches
87,northern
87,other
87,and
87,brings
87,"good,"
87,open
87,visit.
87,Sagres
87,Fabsinthel
87,and
87,Iberian
87,contain
87,The
87,even
87,down
87,rocks
87,European
87,gently
87,big
87,about
87,Atlantic
87,summer
87,take
87,the
87,ruins
87,for
87,and
87,empty
87,rocks.
87,wide
87,Arom
87,doesn t
87,wory
87,doesn t
87,porential
87,leading
87,good
87,surfers
87,town
87,Afew
87,Cape
87,Apart
87,Smn )
87,when
87,With
87,major
87,located
87,Deware
87,long
87,west
87,76111 )
87,{Sagres =
87,area
87,has
87,side
87,surfers.
87,some
87,lttle
87,vibe
87,Jively
87,he
87,coast
87,"fields,"
87,Foucous
87,and
87,alnoueh
87,country
87,Massles
87,rhe
87,I5ft
87,las:
87,advantage
87,meet
87,has
87,window
87,Aheres
87,breoks 
87,Waves
87,hordes.
87,and
87,but
87,he
87,"Portugal,"
87,cliffs
87,WaVC
87,(West
87,small
87,where
87,Arritana
87,(2Smn1)
87,sampled
87,and
87,towns
87,(crowded
87,coasts
87,one
87,home
87,rocks
87,lot
87,undeveloped
87,"locallsm,"
87,high
87,and
87,swell
87,Mazards
87,Services
87,"Vincent,"
87,E2h-
87,Own
87,sharp
87,have
87,thelr
87,Jare
87,cove
87,Aokmn
87,south
87,607e8is
87,mnore
87,outslde
87,here
87,ine
87,somne
87,you
87,Sagres
87,superb
87,tronn
87,Travel
87,and
87,About
87,ha s
87,stay
87,(Qetting
87,Respect
87,Uhe
87,he
87,shops
87,ocals
87,sheher
87,holled
87,especlally
87,Sagtes
87,oonay
87,wIth
87,Fressufe
87,"poshtlon,"
87,end
87,3uf1
87,north
87,and
87,Festablishe e
87,Arrfana
87,slowly
87,80i 
87,chnate
87,good
87,Geiains
87,range
87,Trae4es
87,653
87,Low
87,on
87,nonth
87,hooe
87,here
87,Atantke
87,Odinthei
87,Sminne7s
87,poinbrec
87,uh
87,had
87,hrouoh
87,averade
87,Well
87,etonay
87,0ne
87,navar
87,W0iei
87,ber
87,Pei
87,Inolish
87,D0
87,Memiene
87,Mint
87,entrai
87,ainfan
87,"080016010261 ,"
87,(en
87,00
87,dcath
87,(neev
87,0espig
87,auonel
87,3001ef
87,Ahe
87,844n 4
87,DM
87,Manaly
87,@nd
87,Miniei
87,n0ngsi
87,32p6
87,2ine
87,0n8n
87,Oovino
87,aotinanon
87,2n
87,Alvarve
87,86ne
87,ne
87,0e
87,June
87,709
87,606n16n
87,seblen
87,0171e
87,ha
87,29
88,6r
88,ne
88,9Y
88,e
88,10
88,Sr
88,che   0f
88,811 12-
88,0
88,11
88,<o
88,NCs
88,Ur
88,L
88,e
88,ns
88,1s
88,is 9
88,05
88,05
88,0
88,che
88,ro be
88,7
88,1
88,Ahe
88,15
88,(0
88,1
88,01
88,49
88,be
88,KO
88,398
88,o
88,01
88,51'
88,5
88,Ahe
88,Ahe
88,0' 90
88,10
88,01
88,"0"""
88,15
88,1o
88,e
88,05
88,05
88,Ahe
88,Ane
88,01
88,1o1
88,01
88,45
88,6
88,Ko
88,Ahe
88,51
88,1
88,51
88,3
88,7?
88,4
88,3
88,0
88,61
88,4
88,Algarve
88,The
88,EURopE
88,10
88,56t
88,Foa
88,Tap
88,weaeoiy
88,en
88,Je 
88,Mofe
88,ind 
88,onn
88,inai
88,bur
88,Zaval
88,near
88,s
88,and
88,swell
88,RtugaL
88,Vincent
88,coacu
88,There'
88,wh
88,Sfain
88,south
88,Carrapatewa
88,"Negr? ,"
88,(conspire
88,righthanders
88,hcady
88,Rocha
88,"Uphe,"
88,around
88,Marlon
88,called
88,thar
88,peel
88,"beachbreak ,"
88,(swells
88,"spot,"
88,yeas
88,rights
88,the
88,wave
88,miX
88,over
88,corner
88,was
88,Ktimes
88,clevar
88,Treacherous
88,intoxicating
88,big
88,big
88,rideable
88,and
88,until
88,classic
88,experienced
88,estern
88,~very
88,{durati
88,central
88,influences.
88,explored
88,breaking
88,remains
88,channel
88,this
88,south
88,waves
88,winds.
88,undeveloped
88,for
88,reefs
88,Mediterranean
88,and
88,mesh
88,headland
88,start
88,uncrowded
88,scattered
88,only
88,backpacking
88,classic
88,beaches.
88,Peninsula
88,Anear
88,and
88,region
88,undulating
88,Algarve
88,side
88,Aljezur
88,"small,"
88,begin
88,naturally
88,Ahe
88,swells
88,the
88,beaches
88,northern
88,surf
88,and
88,other
88,(brings
88,visit.
88,"good,"
88,Sagres
88,open
88,absinthel
88,Iberian
88,The
88,contain
88,even
88,rocks
88,down
88,European
88,about.
88,Atlantic
88,gently
88,big
88,summer
88,take
88,ruins
88,for
88,7
88,rocks.
88,empty
88,wide
88,trom
88,the
88,worrY
88,doesn t
88,Athe
88,potential
88,leading
88,good
88,doesn'
88,surfers
88,town
88,Afew
88,Cape
88,5in)
88,Apart
88,when
88,with
88,located
88,the
88,major
88,Deware
88,long
88,56111 )
88,west
88,Chas
88,Sagres '
88,Jarea
88,side
88,surfers
88,some
88,lttle
88,vibe
88,Jively
88,The
88,"fields,"
88,coost
88,and
88,Foucous
88,alhough
88,country
88,Massles
88,rhe
88,Ahe
88,ast
88,che
88,LSfc
88,antage
88,has
88,mneet.
88,Aheres
88,window
88,breaks
88,Waves
88,well
88,hordes
88,Fand
88,~but
88,"Portuzal,"
88,clitfs
88,West
88,Wave
88,small
88,where
88,Arrtfana
88,(25mn1)
88,sampled
88,and
88,Howns
88,(crowded
88,coasts
88,nc
88,home
88,rocks
88,advs
88,undeveloped
88,"ocallsm,"
88,Chich
88,and
88,swell
88,Mazards
88,Services
88,"Vincent,"
88,Athe
88,E2h.
88,Own
88,shatp
88,have
88,helr
88,cove
88,4okmn
88,south
88,07eses
88,mnore
88,outslde
88,here
88,oine
88,coaselne
88,~you
88,Sagres
88,Ahe
88,superb
88,fron
88,hravel
88,and
88,About
88,has
88,tay
88,Oeiuing
88,Respect
88,he
88,shops
88,ocals
88,Fespeclally
88,Ioonites
88,sheher
88,hulled
88,5anies
88,wIth
88,Fressune
88,008lon
88,end
88,8ut|
88,north
88,and
88,aslablnshed
88,"Arrfana ,"
88,slowly
88,80in
88,chmnate
88,good
88,Tanains
88,01e
88,range
88,265
88,poinbreako
88,Low
88,on
88,nonth
88,choone
88,There
88,Alant
88,ee
88,adsinthei
88,30nnnnei>
88,nh
88,0n20n
88,Chad
88,ne
88,Onough
88,avetaje
88,weii
88,natonval
88,Mever
88,Water
88,Dee
88,ver
88,Snolisn
88,00
88,Ming
88,Menei
88,entral
88,ainfan
88,ne
88,0444410444408
88,0
88,Len
88,(neev
88,auonel
88,doath
88,Veepne
88,300'e
88,he
88,he
88,D1i
88,0e8
88,Monoy
88,i |
88,hionesu
88,72nu
88,Winiei
88,320
88,2ine7
88,0n0n
88,oivino
88,Alverve
88,4aguinonon
88,308 /
88,06ne
88,0ai
88,n
88,706
88,10aonl
88,268
89,0r
89,Ane
89,6
89,e
89,40
89,4h
89,8r
89,che   o1
89,1
89,05
89,11;
89,<0
89,Vrs
89,Ur
89,5c
89,e
89,s
89,ns
89,1s ^n
89,05
89,05
89,0
89,fo<
89,be
89,K<
89,15
89,ro
89,4
89,01
89,10
89,45
89,29
89,S
89,Jane
89,ipe
89,Ko
89,o
89,05
89,S5
89,Ahe
89,Ahc
89,2
89,KO
89,O1
89,"O"""
89,1o
89,'
89,D chco=
89,S61
89,Ane
89,Ane
89,01
89,1o1
89,01
89,12
89,ae
89,"40"""
89,Ku
89,81
89,1
89,4
89,on
89,Aw
89,3
89,Algarve
89,The
89,EURoPE
89,10
89,Pia
89,CV
89,Cap
89,Wekeoly
89,Centfe
89,lnc
89,Mofe
89,ind
89,Iovn
89,hu
89,bul
89,Zaval
89,near
89,{0as
89,and
89,swell
89,RtugAL
89,Vincent
89,Coase .
89,Theres
89,wh
89,2
89,souh
89,Carrapateira '
89,(Ncera
89,conspire
89,righthanders .
89,headhe
89,Rocha
89,"Upke,"
89,around
89,Marlon
89,called
89,thar
89,peel
89,"(beachbreak,"
89,swells
89,"spot,"
89,76-8ft /
89,year
89,rights
89,che
89,wave
89,mix
89,over
89,corner
89,~levan
89,was
89,Ktimes
89,Treacherous
89,intoxicating
89,big7
89,big
89,rideable
89,until
89,and
89,classic
89,duratio 
89,experienced
89,estern
89,~very
89,influences
89,central
89,explored
89,breaking
89,remains
89,this
89,channel
89,south
89,raves
89,winds.
89,undeveloped
89,Mediterranean
89,reefs
89,and
89,mesh
89,headland
89,start
89,the
89,uncrowded
89,scattered
89,the
89,only
89,backpacking
89,classic
89,beaches.
89,Peninsula
89,and
89,Anear
89,region
89,undulating
89,Algarve
89,"small,"
89,side
89,Aljezur
89,begin
89,8
89,"naturally,"
89,swells
89,the
89,surf
89,beaches
89,northern
89,other
89,(brings
89,and
89,visit.
89,"good,"
89,open
89,and
89,Sagres
89,Fabsinthel
89,Iberian
89,contain
89,The
89,even
89,rocks
89,down
89,about.
89,Arlantic
89,European
89,gently
89,big
89,summer
89,ruins
89,take
89,che
89,for
89,and
89,no
89,empty
89,rocks.
89,rom
89,wide
89,worrY
89,doesn t
89,Athe
89,potential
89,leading
89,doesn'
89,good
89,surfers
89,town
89,Aew
89,Cape
89,Apart
89,511)
89,when
89,With
89,major
89,located
89,Deware
89,long
89,76111 )
89,west
89,Chas
89,Sagres
89,area
89,side
89,some
89,surfers.
89,lttle
89,vibbe
89,Javely
89,The
89,coost
89,"fields,"
89,and
89,Foucous
89,alhouch
89,country
89,Massles
89,the
89,Ahe
89,the
89,las:
89,has
89,advantage
89,mneet.
89,heres
89,window
89,breaks.
89,waves
89,well
89,hordes
89,Fand
89,but
89,Porruzal
89,West
89,clitfs
89,lve
89,small
89,where
89,Artfana
89,(2Smn1)
89,sampled
89,and
89,crowded
89,owns
89,coasts
89,ne
89,home
89,rocks
89,undeveloped
89,"ocallsmn,"
89,high
89,and
89,swell
89,Mazards
89,Services
89,"Vincent,"
89,have
89,Zeh-
89,own
89,he
89,sharp
89,helr
89,cove
89,4okmn
89,south
89,s
89,more
89,outslde
89,here
89,coaslne
89,Goine
89,Sagres
89,Ahe
89,fron
89,Superb
89,Iravel
89,and
89,About
89,has
89,tay
89,Qetting
89,espect
89,Ahe
89,he
89,shops
89,Mmites
89,locals
89,chlled
89,Fespeclally
89,shelrer
89,Saores
89,wIth
89,P9esun
89,"0o,uion"
89,end
89,80f|
89,norch
89,an
89,Festablished
89,"Arrfana ,"
89,slowly
89,oi
89,chmnate
89,good
89,tanain?
89,01e
89,range
89,Widey
89,1e62e5
89,"70ke,"
89,Low
89,toi
89,onth
89,chooe
89,hera
89,Allanti
89,abshuhel
89,30nineis
89,poinoree
89,uh
89,he
89,hae
89,Mementoneon
89,nough
89,averaue
89,Wehi
89,natonal
89,Maver
89,Waten
89,Dee
89,pe
89,Anousn
89,D6
89,0e
89,Mint
89,enuai
89,aintani
89,ne
89,7628268464447083
89,10n
89,00k
89,nauonel
89,doath
89,(neev
89,Veene
89,340e
89,ne
89,DMi
89,u1er
89,Manay
89, |
89,nionesi
89,0n0
89,oiee
89,6206
89,2i1eo
89,Onan
89,",ivin"
89,Alvarve
89,Jaatnanlon
89,20/
89,016ng
89,ne
89,0a'
89,une
89,Ahe
89,871620
89,"02460161,"
89,91f16 0690
90,2
90,V
90,Ane
90,G
90,A
90,6
90,e
90,7
90,40
90,r
90,che   0f
90,81 12
90,05
90,4;
90,ro
90,T
90,Ars
90,0r
90,b18
90,e
90,s
90,9s
90,1s ^n
90,05
90,o1
90,0
90,fo<
90,be
90,K
90,ro
90,4
90,19
90,10
90,95
90,Khe
90,oe
90,Ko
90,1
90,05
90,S5
90,0' 90
90,n5 @
90,KO
90,"O"""
90,"0"""
90,1o
90,35
90,05
90,05
90,Ane
90,Ahe
90,S61
90,ne
90,01
90,0
90,01
90,12
90,n
90,81
90,1
90,41
90,3
90,Ane
90,60
90,e
90,O
90,3
90,Algarve
90,The
90,EURopE
90,10
90,4on
90,Foa
90,2p
90,weaeoiy
90,eote
90,bnc
90,Mofe
90,ind
90,Iovn
90,bul
90,ili 5
90,Zaval
90,near
90,{2ks
90,and
90,swell
90,Portugal
90,Vincent
90,coacr
90,Tncre s 
90,wih
90,Spay
90,south
90,Carrapateta
90,(cera
90,{conspire
90,nighthanders 
90,hcadhy
90,Rocha
90,Upker
90,around
90,why
90,Marlon
90,called
90,Athar
90,peel
90,"beachbreak, "
90,swells
90,"spot,"
90,year '
90,rights
90,the
90,wave
90,mix
90,over
90,levant
90,corner
90,was
90,Atimes
90,Treacherous
90,ntoxicating
90,big7
90,rideable
90,until
90,and
90,duration
90,classic
90,experienced
90,estern
90,~very
90,central
90,influences
90,explored
90,breaking
90,remains
90,this
90,channel
90,south
90,raves
90,winds .
90,undeveloped
90,reefs
90,Mediterranean
90,Fand
90,mesh
90,headland
90,start
90,the
90,uncrowded
90,scattered
90,the
90,only
90,'backpacking
90,classic
90,beaches.
90,of
90,Peninsula
90,and
90,Anear
90,region
90,undulating
90,Algarve
90,"small,"
90,side
90,Aljezur
90,s
90,begin
90,"naturally,"
90,the
90,swells
90,an
90,1s
90,surf
90,beaches
90,northern
90,other
90,brings
90,and
90,'visit.
90,"good,"
90,open
90,and
90,Sagres
90,absinthel
90,Iberian
90,contain
90,The
90,even
90,rocks
90,down
90,about.
90,European
90,big
90,Arlantic
90,gently
90,summer
90,ruins
90,take
90,the
90,the
90,tor
90,and
90,empty
90,rocks.
90,Urom
90,wide
90,Aworry 
90,che
90,Ahe
90,potential
90,leading
90,doesn'
90,good
90,surfers
90,doesn'
90,town
90,Afew
90,Cape
90,Apart
90,5n1)
90,when
90,With
90,major
90,located
90,the
90,Deware
90,long
90,76111 )
90,west
90,Chas
90,Sagres
90,arca
90,side
90,surfers.
90,ome
90,ittle
90,ibe
90,lively
90,he
90,(coast
90,"fields,"
90,and
90,Foucous
90,alnoueh
90,Massles
90,Ehe
90,country
90,las:
90,the
90,antage
90,meet.
90,has
90,Ahere s
90,window
90,breakss
90,waves
90,well
90,hordes
90,and =
90,~but
90,"Portuzal,"
90,clitfs
90,Wes
90,small
90,WVC
90,where
90,Arrltana
90,(2Sm1)
90,sampled
90,and
90,owns
90,(crowded
90,coasts
90,home
90,ne
90,advs
90,rocks
90,lot
90,undeveloped
90,"ocallsm,"
90,high
90,swell
90,and
90,Mazards
90,Services
90,"Vincent,"
90,own
90,Ahe
90,sharp
90,have
90,Zeh.
90,helr
90,01
90,cove
90,4okin
90,south
90,{ofe es
90,mnore
90,outside
90,Ahere
90,Laoy
90,somne
90,You
90,coasrlne
90,Sagres
90,Ahe
90,tron
90,Superb
90,Iravel
90,About
90,and
90,has
90,tay
90,(Qetting
90,Mespect
90,he
90,Ahe
90,shops
90,Amntted
90,Hocals
90,especlally
90,holled
90,sheher
90,Sagres
90,wIth
90,Fiessuie
90,00uion
90,end
90,80fi
90,north
90,an
90,Festablished
90,slowly
90,"Arrafana ,"
90,00i
90,chonate
90,good
90,Gaiain
90,01e
90,ranae
90,Midety
90,ed2es
90,poiobreake
90,Lo
90,on
90,month
90,Allantie
90,chooae
90,Ghsinhe
90,hera
90,30innens
90,wnh
90,had
90,Memneioneon
90,Ahrouoh
90,averaue
90,Yeii
90,natonal
90,Mever
90,Water
90,per
90,nousn
90,be9i
90,oll
90,6o
90,int
90,entral
90,he
90,826886744208
90,alotan
90,10n
90,166y
90,death
90,0espnie
90,auonal
90,300e
90,he
90,he
90,70er
90,D
90,(ne
90,Manoy
90,[0no
90,(10ie
90,n0nes
90,3e0
90,0n0n
90,"4,1vin "
90,36nne7
90,aunonon
90,oanve
90,019 /8
90,hoove
90,ne
90,Jene
90,he
90,498660
90,664680n6
90,9/1n6 09/
91,G
91,4e
91,4
91,56
91,Qy
91,Ane
91,8/
91,40
91,sr
91,che
91,1
91,S
91,05
91,9f ce
91,1;
91,o
91,5c
91,ACs
91,"""P, bi8"
91,{e
91,95
91,As
91,1s ^n
91,05
91,05
91,0
91,fo'
91,be
91,I
91,15
91,ro
91,4
91,61
91,O
91,1
91,29
91,As
91,ne
91,be
91,Ko
91,1o
91,05
91,S5
91,0' 90
91,15 2
91,O
91,01
91,"0"""
91,1
91,Ahe
91,A
91,05
91,86
91,C
91,ane
91,sheahe
91,292
91,e
91,Ahe
91,ne
91,O1
91,0
91,12
91,Ai
91,01
91,1
91,81
91,0e
91,1}
91,ve'
91,n
91,61
91,Algarve
91,The
91,EURopE
91,10
91,Ge
91,Prna
91,12r
91,eccohy
91,otet
91,Cntfe
91,hnc
91,Mofe
91,ind
91,on
91,bur
91,Zavial
91,near
91,ns
91,and
91,swell
91,Rtugal
91,Vincent
91,coast
91,Thete _
91,warh
91,(south
91,Carrapateva
91,Ncera
91,{conspire
91,nighthanders .
91,headhig/
91,Rocha
91,Uoker
91,around
91,whics
91,Marlon
91,called
91,thar
91,peel
91,"beachbreak, "
91,swells
91,"spot,"
91,76-8ft /
91,year
91,rights
91,Wave
91,mix
91,over
91,levant'
91,corner
91,rimes
91,was
91,Treacherous
91,intoxicating
91,big
91,rideable
91,and
91,until
91,"duration,"
91,classic
91,experienced
91,estern
91,very
91,central
91,influences
91,explored
91,breaking
91,remains
91,this
91,channel
91,south
91,raves
91,winds .
91,undeveloped
91,reefs
91,Mediterranean
91,and
91,mesh
91,headland
91,start
91,che
91,scattered
91,ded
91,rhe
91,only
91,backpacking
91,classic
91,beaches
91,Peninsula
91,and
91,near
91,uncrowe
91,region
91,undulating
91,Algarve
91,"small,"
91,side
91,Aljezur
91,begin
91,"naturally,"
91,swells
91,che
91,beaches
91,northern
91,surf
91,other
91,brings
91,and
91,visit.
91,"good,"
91,open
91,and
91,Sagres
91,absinthel
91,Iberian
91,contain
91,The
91,even
91,Frocks
91,down
91,about.
91,European
91,big
91,Arlantic
91,gently
91,summer
91,ruins
91,take
91,che
91,the
91,tor
91,and
91,empty
91,rocks.
91,Urom
91,wide
91,rhe
91,worry
91,doesn' !
91,doesn t
91,Ahe
91,potential
91,leading
91,good
91,surfers
91,town
91,ew
91,Cape
91,5n1)
91,Apart
91,when
91,with
91,major
91,located
91,Beware
91,long
91,west
91,",m)"
91,has
91,'Sagres 
91,area
91,side
91,Kome
91,surfers.
91,luule
91,vlbe
91,Jively
91,coast
91,"fields,"
91,auCous
91,and
91,alhoueh
91,Massles
91,country
91,1Sfc
91,las:
91,has
91,antage
91,meet.
91,Ahere
91,window
91,breaks
91,waves
91,hordes
91,and
91,Sbut
91,"Porruzal,"
91,cliffs
91,Wave
91,Wesl
91,small
91,where
91,ArMfano
91,(2Sm1)
91,sampled
91,and
91,owns
91,(crowded
91,coasts
91,hoone
91,rocks
91,ne
91,advs
91,lol
91,undeveloped
91,ocalisea
91,high
91,and
91,swell
91,Mazards
91,Services
91,"Vincent,"
91,Own
91,Ahe
91,Shat
91,have
91,2en-
91,het
91,01e
91,ove
91,40km
91,south
91,(0fesrs
91,mnore
91,outslde
91,here
91,Lns
91,omne
91,you
91,coaselne
91,Sapres
91,Ahe
91,Superb
91,fron
91,vavel
91,About
91,and
91,has
91,stay
91,Neiing
91,Respect
91,he
91,he
91,shons
91,honlted
91,local
91,especlally
91,sheher
91,hilled
91,Sagres
91,with
91,Fiessuie
91,0oeion
91,80ni
91,tend
91,norch
91,an
91,eslahlished
91,slowly
91,Arrakana
91,00in
91,choonate
91,Tanains
91,Good
91,0e
91,fanoe
91,idiely
91,7e82es
91,0k
91,Lo
91,on
91,onth
91,chocae
91,here
91,Allantie
91,ahshouthe l
91,30iinei
91,60
91,000ine
91,mnh
91,ahe
91,had
91,Menei0neon
91,niomoh
91,Wehi
91,0verave
91,nanoonval
91,Mevei
91,bee
91,10iei
91,1nolsn
91,hut
91,Joh
91,Ainne
91,entcal
91,raiostan
91,he
91,7846046944405
91,10n
91,06
91,natonar
91,Maau
91,(eov
91,0espng
91,34916
91,ne
91,Ahe
91,07e8
91,D
91,Manoy
91,nohes
91,0n0
91,41nei
91,321
91,han
91,"4,11ny"
91,Alqerve
91,381in8uion
91,760e
91,1une
91,nan
91,he 
91,F)
91,09
91,264886+0
91,16t6 861i
92,20
92,e
92,3r
92,00
92,Ane
92,4
92,A
92,6
92,e
92,40
92,8r
92,2:
92,96
92,0f chc+ 0f
92,;
92,<o
92,1
92,As
92,ur
92,bi8
92,Se
92,s
92,As
92,1s ^
92,05
92,05
92,01
92,for
92,be
92,I
92,[0
92,5
92,Ahc
92,12
92,O
92,=
92,6
92,he
92,29
92,45
92,Ane
92,pe
92,r0
92,o
92,05
92,36
92,Ahc
92,0' no
92,O
92,51'
92,Ane
92,2
92,1
92,4
92,05
92,05
92,(
92,Ane
92,Ahc
92,Ane
92,01
92,Jet
92,0
92,4
92,Ane
92,3
92,6
92,Ao
92,Av
92,51
92,
92,0e
92,6
92,Algarve
92,The
92,n
92,enrd
92,Foa
92,EURopE
92,Aon
92,10
92,1
92,Pru
92,eiap
92,wcacrhy
92,inten
92,Ceouie
92,Ionc
92,le <
92,More
92,ind
92,own
92,bul
92,an
92,Zavial
92,near
92,{tzk
92,Fand
92,Qua
92,swell
92,OrtugAL
92,Vincent
92,coasls
92,There s
92,(81e
92,in
92,south
92,(Ncera
92,Carrapateia
92,(conspire
92,righthanders .
92,headhie /
92,Rocha
92,"Gioke,"
92,around
92,whiche
92,Marlon
92,called
92,Athar
92,peel
92,"beachbreak,"
92,swells
92,"spot,"
92,76-8ft /
92,'year:
92,Fights
92,the
92,wave
92,mix
92,over
92,levant'
92,corner
92,was
92,(imes
92,Treacherous
92,intoxicating
92,big
92,rideable
92,until
92,and
92,(durarion
92,classic
92,experienced
92,western
92,Avery
92,central
92,influences.
92,explored
92,breaking
92,remlins
92,this
92,channel
92,south
92,raves
92,winds
92,undeveloped
92,reefs
92,Mediterranean
92,and
92,mesh
92,headland
92,start
92,the
92,uncrowded
92,scattered
92,only
92,backpacking
92,classic
92,beaches.
92,inear
92,Peninsula
92,and
92,region
92,undulating
92,Algarve
92,side
92,Aljezur
92,"small,"
92,begin
92,swells
92,"naturally,"
92,northern
92,surf
92,beaches
92,other
92,brings
92,and
92,visit.
92,"good,"
92,open
92,absinthel
92,Fand
92,Sagres
92,Iberian
92,The
92,contain
92,even
92,rocks
92,down
92,about
92,European
92,gently
92,big
92,Arlantic
92,summer
92,ruins `
92,take
92,the
92,for
92,and
92,rocks.
92,empty
92,Arom
92,wide
92,che
92,wofry
92,doesn t
92,potential
92,good
92,surfers
92,leading
92,doesn'
92,on
92,On
92,Aew
92,town
92,Apart
92,Cape
92,511)
92,when
92,with
92,located
92,the
92,Beware
92,major
92,long
92,76111 )
92,area
92,west
92,chas
92,"Sagres """
92,Fside
92,surfers.
92,some
92,lttle
92,ibe
92,Javely
92,The
92,Poucous
92,coast
92,"fields,"
92,and
92,Massles
92,alhouen
92,the
92,country
92,Ahe
92,LSft
92,Ias
92,Chas
92,antage
92,meet.
92,here
92,breoks
92,waves
92,window
92,well
92,hordes
92,and
92,but
92,(West
92,Portuzale
92,clitfs
92,Wave
92,small
92,where
92,Arfana
92,(2Sm1)
92,Sampled
92,and
92,(crowded
92,owis
92,coasts
92,home
92,rocks
92,uine
92,adv
92,undeveloped
92,"Uocallsm,"
92,high
92,and
92,swell
92,Mazards
92,Services
92,"Vincent,"
92,own
92,harp
92,~have
92,heh '
92,"""2h"
92,cove
92,4okin
92,south
92,{ofeses
92,mnore
92,outside
92,here
92,lagor
92,Soie
92,~you
92,coasrlne
92,Sagres
92,he
92,tron
92,Superb
92,eavel
92,About
92,and
92,has
92,lay
92,(Oettino
92,(espect
92,he
92,Shops
92,hmtted 
92,ocals
92,chollad
92,especlally
92,shelrer
92,Santes
92,whth
92,Fiessure
92,0ouon
92,ena
92,811|
92,norch
92,and
92,established
92,slowly
92,Arrfana
92,006n 
92,chonale
92,Oiain
92,70fe
92,Good
92,0
92,anoe
92,widely
92,"""862es"
92,"0ke,"
92,Lon
92,on
92,mnonth
92,Choog
92,abshothel
92,here
92,Ailanti
92,ounninee
92,Aoo
92,poiohre
92,nh
92,0ne0n
92,he
92,had
92,Iough
92,Weii
92,averaug
92,nauonal
92,Mevei
92,06i
92,water
92,0e8n
92,Enohisn
92,Dui
92,Iott
92,Ming
92,Mevef e
92,2nuai
92,Fintg
92,he
92,08n8/n0on
92,10n
92,oath
92,00
92,nanonan
92,neav
92,0er0e
92,30016
92,he
92,he
92,Di
92,02e
92,Manoy
92,Miohes
92,(0nd
92,[1oe6
92,3201
92,"54h,1vin "
92,Onon
92,1381101011610
92,Alqerve
92,21|9/
92,1ne
92,6ne
92,0e
92,unve
92,Ane
92,06y
92,re
92,141096
92,0*08oef atiean
92,48614 06
92,406/
92,ohve
93,1
93,85
93,0r
93,6
93,506
93,40
93,8r
93,Ahe
93,05
93,811 2
93,s€
93,05
93,ahe
93,A;
93,(o
93,ACs
93,up k bi8
93,V
93,e
93,9s
93,s
93,is ^^
93,@
93,0
93,0
93,khe
93,be
93,5
93,I
93,15
93,o
93,61
93,10
93,29
93,ne
93,be
93,a00
93,1
93,
93,ko<
93,05
93,S5
93,Ahe
93,Ahe
93,01 ^0
93,15 0
93,[0
93,O1
93,o
93,A
93,05
93,01
93,0
93,ane
93,Ahe
93,Nne
93,01
93,o1
93,4
93,01
93,42
93,0
93,a5
93,Ko
93,05
93,1
93,0e
93,Aon
93,6
93, )
93,Algarve
93,The
93,EURopE
93,10
93,1
93,Pee
93,cacrly
93,oten
93,Ceoite
93,Jnc
93,lees
93,Mofe
93,ind
93,tovn
93,but
93,ine
93,ind
93,Lavial
93,near
93,ft<l
93,Quas
93,and
93,swell
93,OrtugaL
93,Vincent
93,ne
93,Coae
93,There <
93,(Plag
93,wn
93,"south ,"
93,Carrapateira'
93,(Ncera
93,conspire
93,righthanders .
93,"headhien,"
93,Rocha
93,Uhoker
93,"which ,"
93,around
93,Marlon
93,called
93,rhar
93,peel
93,"beachbreak ,"
93,swells
93,"spot,"
93,year.
93,rights
93,wave
93,mix
93,over
93,slevant'
93,corner
93,(times
93,was
93,Treacherous
93,intoxicating
93,big
93,rideable
93,until
93,durarion
93,and
93,classic
93,experienced
93,estern
93,very
93,influences
93,central
93,explored
93,breaking
93,remains
93,this
93,channel
93,south
93,aves
93,winds .
93,undeveloped
93,for
93,Mediterranean
93,reefs
93,and
93,mesh
93,headland
93,start
93,scattered
93,uncrowded
93,the
93,backpacking
93,only
93,classic
93,beaches
93,Peninsula
93,and
93,inear
93,region
93,undulating
93,Algarve
93,Aljezur
93,side
93,"small,"
93,begin
93,naturally;
93,swells
93,the
93,beaches
93,northern
93,surf
93,other
93,brings
93,and
93,visit.
93,"good,"
93,open
93,to
93,Sagres
93,absinthel
93,Iberian
93,contain
93,The
93,even
93,rocks
93,down
93,about
93,European
93,big
93,Arlantic
93,gently
93,summer
93,ruins
93,take
93,che
93,and
93,empty
93,rocks.
93,Arom
93,wide
93,worry
93,Ahe
93,good
93,potential
93,leading
93,doesn'
93,surfers
93,On
93,town
93,Aew
93,doesn
93,Apart
93,Cape
93,511)
93,when
93,with
93,located
93,the
93,Beware
93,maior
93,26111 )
93,long
93,west
93,Sagres=
93,farea
93,has
93,some
93,side
93,surfers
93,lttle
93,ibe
93,Jively
93,he
93,OuCous
93,coast
93,"fields,"
93,and
93,Massles
93,alnouen
93,country
93,the
93,LSfc
93,las
93,the
93,has
93,antage
93,mneet.
93,Ahere
93,window
93,breaks
93,waves
93,well
93,hordes
93,and =
93,but
93,Wesl
93,Porruzals
93,cliffs
93,WaIVC
93,small
93,where
93,Anrlfana
93,sampled
93,(25m1)
93,Fand
93,crowded
93,owns
93,coasts
93,home
93,rocks
93,ne
93,advs
93,"Aocallsmn,"
93,undeveloped
93,Ahigh
93,and
93,swell
93,Mazards
93,Services
93,"Vincent,"
93,Ihe
93,sharp
93,~have
93,Own
93,Ihe
93,cove
93,4okmn
93,south
93,[0{e 2s
93,more
93,outside
93,Lagos
93,Ahere
93,~You
93,oine
93,coasehne
93,he
93,Sagres
93,tron
93,Superb
93,Iravel
93,and
93,About
93,has
93,tay
93,(ettino
93,Kcspecl
93,he
93,he
93,Ahons
93,mtted 
93,ocals
93,hulled
93,especlally
93,shelrer
93,Sagtes
93,witn
93,Fiessune
93,06iton
93,end
93,601
93,norch
93,and
93,established
93,slowly
93,Arrifana
93,00i
93,chonate
93,8i8in
93,re
93,gooe
93,01e
93,anoe
93,widely
93,088208
93,6ks
93,Low
93,60f
93,onth
93,chooao
93,here
93,Apoey
93,Alonte
93,ahslnthel
93,uinine7s
93,ohouhree
93,wuth
93,0ne0n
93,he
93,had
93,Ahrouoh
93,avcraua
93,Weii
93,natonal
93,Mevei
93,Water
93,0ei
93,Enolsn
93,Dee
93,Dui
93,Mnu
93,Meniiei
93,20n60i
93,Ginton
93,he
93,026866010101 
93,10n
93,nauonal
93,oath
93,(eov
93,0es1ie
93,309ron
93,he
93,he
93,nut
93,"2008601es,"
93,Manoy
93,niohesi
93,[0na
93,5161e6
93,"320,"
93,0n0n
93,1881in0tion
93,4o1vin 
93,Alderve
93,86n6
93,Dne
93,One
93,00y
93,096n
93,206nno1e
93,Naaateon 
93,88606 0606
93,220
94,416
94,1
94,4
94,G
94,04
94,6
94,258
94,40
94,Sr
94,che
94,0
94,8f 12
94,05
94,6
94,;
94,9<
94,ro
94,L
94,Ars
94,ur
94,618
94,54
94,Je
94,As
94,45
94,15 00
94,0
94,05
94,01
94,be
94,4
94,V
94,Ahe
94,15
94,Ko
94,66
94,10
94,4
94,0n
94,Ane
94,he
94,ro
94,1
94,05
94,S5
94,0' no
94,15 @
94,O
94,01
94,"O"""
94,4
94,Ahe
94,A
94,0
94,05
94,0
94,ne
94,Nne
94,Ahe
94,701
94,7
94,01
94,45
94,6
94,Ane
94,Ni
94,Ao
94,A
94,31
94,1
94,1
94,Gw
94,Algarve
94,The
94,enrd
94,EURopE
94,t
94,10
94,1
94,Poa
94,(2p
94,weaeriy
94,Ceotie
94,Ioc
94,Ie <
94,More
94,ind
94,onn
94,bur
94,ine
94,an
94,Laval
94,near
94,forks
94,Qcan
94,swell
94,Portugal
94,Vincent
94,ane
94,piac/
94,Coae
94,There <
94,with
94,s
94,south
94,Carrapateva
94,Acera
94,conspire
94,righthanders.
94,headhie 
94,Rocha
94,Goke
94,around
94,(which
94,Marlon
94,called
94,thar
94,'Sho
94,"beachbreak,"
94,peel
94,swells
94,"spot,"
94,year
94,rights
94,the
94,wave
94,mix
94,over
94,slevant'
94,corner
94,(rimes
94,was
94,Treacherous
94,intoxicating
94,big7
94,rideable
94,until
94,and
94,duration
94,classic
94,experienced
94,~very
94,estern
94,central
94,influences.
94,explored
94,breaking
94,remains
94,this
94,channel
94,south
94,raves
94,winds.
94,undeveloped
94,for
94,reefs
94,Mediterranean
94,and
94,mesh
94,headland
94,start
94,the
94,uncrowded
94,scattered
94,only
94,backpacking
94,classic
94,beaches.
94,near
94,and
94,Peninsula
94,region
94,undulating
94,Algarve
94,Aljezur
94,"small,"
94,side
94,begin
94,"naturally,"
94,swells
94,the
94,beaches
94,northern
94,surf
94,other
94,(brings
94,visit.
94,and
94,"good,"
94,open
94,absinthel
94,and
94,Sagres
94,Iberian
94,The
94,contain
94,even
94,rocks
94,down
94,about
94,European
94,big
94,Arlantic
94,gently
94,summer
94,ruins
94,take
94,the
94,the
94,and
94,for
94,empty
94,rocks
94,Arom
94,wide
94,worY
94,the
94,doesn' 1
94,Ahe
94,doesn €
94,good
94,porential
94,leading
94,surfers
94,Aew
94,town
94,Apart
94,Cape
94,511)
94,when
94,with
94,located
94,Beware
94,major
94,'Sagres <
94,long
94,west
94,26111 )
94,has
94,area
94,some
94,side
94,surters
94,lttle
94,vibe
94,Jively
94,The
94,Qucous
94,coast
94,"fields,"
94,and
94,Massles
94,alhouen
94,countrye
94,the
94,1Sfc
94,Chas
94,ls
94,antage
94,mncet.
94,here $
94,breaks
94,window
94,Waves
94,well
94,hordes.
94,and
94,Ahe
94,~but
94,West
94,Porruzals
94,cliffs
94,Wave
94,small
94,where
94,Arfana
94,(2Sm1)
94,sampled
94,and
94,(crowded
94,towns
94,coasts
94,home
94,rocks
94,ne
94,advs
94,undeveloped
94,o1
94,"ocaltsm,"
94,high
94,and
94,swell
94,Macards
94,Services
94,"Vincent,"
94,own
94,Ahe
94,sharp
94,have
94,hele
94,Fore
94,cove
94,4okmn
94,south
94,mnore
94,Eofe
94,outside
94,Logos
94,here
94,omne
94,You
94,(oaselne
94,Sagres
94,tron
94,Superb
94,ravel
94,About
94,and
94,has
94,tay
94,(Qetting
94,Respect
94,Ihe
94,Ahops
94,"mnited ,"
94,ocals
94,chulled
94,Fespeclally
94,shehrer
94,Sagres
94,une
94,wIth
94,fiessuie
94,801
94,0omuon
94,end
94,norch
94,and
94,Festablished
94,Slowly
94,Arrfana
94,00n
94,chmate
94,eiains
94,Kood
94,016
94,01e
94,anue
94,widely
94,8208
94,Poinahreaks
94,Lon
94,kon
94,ionn
94,"8pof1,"
94,Allani
94,choonoo
94,abslnthel
94,There
94,Smininens
94,wuh
94,0ne0n
94,he
94,Chad
94,iniough
94,well
94,avcraua
94,natonal
94,00ver
94,per
94,ater
94,Dee
94,enousn
94,Dui
94,Iolt
94,6e
94,inu
94,Mejien
94,entral
94,Fointon
94,he
94,60n
94,Moath
94,06k
94,(neap
94,nouonval
94,0e8yite
94,30910
94,he
94,ha
94,Di
94,584244144010011840 0362
94,Manoty
94,mohest
94,00a
94,51niei
94,3206
94,0/1vao
94,0n0n
94,ounenoans
94,Aiave
94,4ne
94,008
94,une
94,0ny
94,Llee
94,De
94,71646 881 0
95,eC
95,25
95,48
95,e
95,4
95,0
95,40
95,Sr
95,rhe
95,0
95,81 /2
95,05
95,12;
95,85
95,1o
95,Vc
95,Ars
95,ur
95,b18
95,Se
95,s
95,45
95,s
95,0
95,05
95,01
95,be
95,4
95,V<
95,ah€
95,15
95,KO
95,0
95,ro
95,17
95,00
95,12
95,KO
95,o
95,05
95,55'
95,rhe
95,Ane
95,01 no
95,KO
95,O1
95,"O"""
95,45
95,1
95,31
95,0
95,56
95,Ane
95,ane
95,{he
95,rhe
95,01
95,et
95,0
95,2
95,6
95,Aye
95,51
95,
95,309
95,1
95,10'
95,0
95,4
95,Ca
95,4
95,89
95,9
95,614
95,Algarve
95,The
95,Ana
95,EURopE
95,Nod
95,10
95,2o
95,Prov
95,exeny
95,Centie
95,bne
95,Ie 
95,quai
95,Mofe
95,ind
95,town
95,n
95,put
95,Laval
95,ncar
95,{oak
95,Qcal
95,and
95,swell
95,Oetugal
95,Vincent
95,ne
95,(Rlack
95,C08
95,There s
95,in
95,south
95,Ncera
95,Carrapateva
95,conspire
95,righthanders .
95,'hcadhien
95,Rocha
95,uoke
95,around
95,Awhich
95,Marlon
95,called
95,'Shor/
95,rhar
95,peel
95,"beachbreak ,"
95,swells
95,"""spot,"
95,year.
95,rights
95,che
95,Wave
95,mix
95,over
95,'levant'
95,corner
95,{times
95,was
95,swer
95,Treacherous
95,intoxicating
95,big
95,rideable
95,until
95,durarion
95,and
95,classic
95,experienced
95,~very
95,~western
95,central
95,influences .
95,explored
95,breaking
95,remains
95,this
95,channel
95,south
95,waves
95,an
95,winds.
95,undeveloped
95,for
95,reefs
95,Mediterranean
95,and
95,mesh
95,headland
95,start
95,"""the"
95,uncrowded
95,scattered
95,only
95,backpacking
95,classic
95,beaches.
95,and
95,near
95,Peninsula
95,region
95,undulating
95,Algarve
95,Aljezur
95,side
95,"small,"
95,begin
95,naturally
95,Ahe
95,swells
95,the
95,beaches
95,northern
95,surf
95,other
95,(brings
95,visit
95,and
95,open
95,and
95,"good,"
95,Sagres
95,Fabsinthel
95,he
95,Iberian
95,The
95,contain
95,even
95,rocks
95,down
95,about
95,big
95,Arlantic
95,European
95,gently
95,summer
95,ruins
95,the
95,the
95,take
95,for
95,and
95,empty
95,rocks.
95,rom
95,wide
95,doesn 'r
95,worry
95,doesn €
95,good
95,potential
95,leading
95,surfers
95,Aew
95,town
95,Apart
95,Cape
95,511)
95,when
95,with
95,located
95,the
95,Boware
95,major
95,long
95,west
95,Z61n )
95,Sogres '
95,area
95,has
95,some
95,countryside
95,surters.
95,lttle
95,vibe
95,Jively
95,The
95,coast
95,uCous
95,"nields,"
95,and
95,Massles
95,alinouzh
95,LSft
95,1<
95,has
95,Ahere $
95,antage
95,mncet.
95,window
95,breaks
95,Waves
95,hordes
95,well
95,Fand -
95,but
95,Ahe
95,(West
95,Porruzal .
95,cliffs
95,Wave
95,smnall
95,where
95,Arifana
95,(2Sm1)
95,Samnpled
95,Yand
95,towns
95,(crowdled
95,coasts
95,Chome
95,rocks
95,unc
95,adv
95,undeveloped
95,"ocaltsm,"
95,high
95,and
95,swell
95,Mazards
95,Servicee
95,he
95,Aharp
95,have
95,"Vincent,"
95,own
95,hete
95,aro
95,cove
95,4okmn
95,south
95,more
95,outslde
95,Loqos
95,here
95,You
95,Gone
95,he
95,n<
95,Sagres
95,troi
95,superb
95,hes
95,travel
95,About
95,and
95,has
95,tay
95,(Oetting
95,Kespect
95,ne
95,Shops
95,"Mmlted ,"
95,locals
95,0ue
95,hulled
95,Fespeclally
95,shelrer
95,Sagres
95,whth
95,Fessun
95,09uion
95,end
95,6u1/
95,north
95,and
95,cestablished
95,lowly
95,"Arrifana,"
95,"""0i"
95,chonate
95,72iin
95,are
95,Kood
95,are
95,ango
95,widely
95,4628205
95,polonhreake
95,Low
95,"sport,"
95,nonth
95,chooc
95,Jhere
95,Atant
95,abolnthel
95,301ners
95,uh
95,Ahe
95,Chad
95,0ne0n
95,thronoh
95,well 
95,avavaue
95,natlonal
95,Mevei
95,ater
95,Dee1
95,ver
95,Enousn
95,Dui
95,toll
95,Mint
95,Metiei
95,Ginfan
95,he
95,8444444438741
95,Jcath '
95,(0n
95,naonal
95,(2n1
95,(neev
95,0e8iiie
95,740neon
95,hg
95,ine
95,Du
95,"12in8e70f1es,"
95,Monoy
95,0iohes
95,iniei
95,01
95,3206
95,6ovang
95,0n0n
95,aouinguon
95,Aiarve
95,300
95,7nei
95,inne
95,ne
95,klen
95,806e0na
95,ne
95,"12916307426 ,"
95,M1e6 061
96,46
96,Y
96,e
96,4
96,0
96,{<
96,17
96,0
96,40
96,88
96,che   o5
96,81 2
96,05
96,42;
96,85
96,ro
96,Jr
96,5
96,618
96,e
96,s
96,s
96,15 ^n
96,05
96,05
96,0
96,be
96,V
96,Ahe
96,15
96,ro
96,0
96,10
96,15
96,20
96,45
96,Jne
96,he
96,O
96,o
96,05
96,G
96,o6 n0
96,O
96,00
96,"0"""
96,42
96,1o
96,3
96,0
96,Ene
96,01
96,0
96,1s
96,4
96,Av
96,51
96,4
96,3
96,10'
96,61
96,0e
96,va'
96,a
96,6w
96,Algarve
96,The
96,Ond
96,EURopE
96,Aoto
96,10
96,1
96,Prou
96,20
96,ecery
96,0p
96,Centic
96,Loe
96,qualiy
96,o
96,More
96,ind
96,own
96,Aput
96,Lanal
96,ncar
96,Qpai
96,rocka
96,and
96,swell
96,Rtugal
96,Vincent
96,coaas
96,(Black
96,There < 
96,wih
96,south
96,Ncera
96,Carrapateva
96,conspire
96,righthanders .
96,hcadhien -
96,Rocha
96,Uoke
96,around
96,which
96,Marlon 
96,called
96,thar
96,'Shor /
96,"beachbreak,"
96,peel
96,swells
96,"spot,"
96,year
96,rights
96,the
96,wave
96,mix
96,over
96,~levant'
96,corner
96,(times
96,swely
96,was
96,Treacherous
96,Gcs
96,big 7
96,intoxicating
96,rideable
96,until
96,duration
96,and
96,classic
96,experienced
96,~very
96,estern
96,central
96,influences.
96,explored
96,breaking
96,remains
96,chis
96,channel
96,south
96,waves
96,winds.
96,undeveloped
96,for
96,reefs
96,Mediterranean
96,and
96,headland
96,mesh
96,start
96,ded
96,scattered
96,"""che"
96,only
96,'backpacking
96,classic
96,beaches.
96,Anear
96,Peninsula
96,and
96,uncrowe
96,region
96,undulating
96,Algarve
96,side
96,Aljezur
96,"small,"
96,begin
96,"naturally,"
96,swells
96,the
96,northern
96,surf
96,beaches
96,other
96,(brings
96,and
96,open
96,visit.
96,and
96,"good,"
96,absinthel
96,Sagres
96,Iberian
96,contain
96,The
96,even
96,rocks
96,down
96,about.
96,European
96,big
96,Arlantic
96,gently
96,summer
96,ruins 
96,the
96,take
96,che
96,and
96,for
96,empty
96,rocks.
96,Urom
96,wide
96,doesn 't
96,che
96,worry
96,Athe
96,good
96,doesn t
96,surfers
96,potential
96,leading
96,Hew
96,town
96,Apart
96,Cape
96,5n1)
96,when
96,with
96,the
96,Beware
96,locared
96,major
96,long
96,26m )
96,Sagres '
96,area
96,west
96,Chas
96,some
96,side
96,surfers
96,(lttle
96,vibe
96,lively
96,of
96,The
96,Kcoast
96,FouCous
96,"fields,"
96,and
96,Massles
96,Ahe
96,Ahe
96,ough
96,country
96,the
96,the
96,1Sfr
96,has
96,here s
96,antage
96,mncet.
96,breaks
96,Waves
96,window
96,hordes.
96,well
96,and
96,bul
96,(West
96,Portuzals
96,cliffs
96,ave
96,Arnfana
96,small
96,where
96,alne
96,sampled 
96,(2Sm1)
96,and
96,own
96,crowded
96,coasts
96,home
96,rocks
96,ne
96,adva
96,Iol
96,undeveloped
96,"ocaltsm,"
96,high
96,and
96,swell
96,Mazards
96,Services
96,Ahe
96,Aharp
96,have
96,"Vincent,"
96,own
96,hetr
96,cove
96,4okmn
96,south
96,more
96,682
96,outside
96,Laqos
96,Ahere
96,Gome
96,You
96,0t
96,he
96,n<
96,Sapres
96,6ronn
96,superb
96,The
96,hravel
96,and
96,Abour
96,ha s
96,stay
96,Oetting
96,especl
96,he
96,Shops
96,"lmntted ,"
96,touohe
96,ocals
96,ehulled
96,Fespeclally
96,shelcer
96,Sagies
96,with
96,6uni
96,0osioi
96,end
96,Fessui
96,spobe
96,norch
96,and
96,established
96,slowly
96,"Arrifana ,"
96,110in
96,hmnate
96,7eieins
96,Kood
96,ange
96,016
96,~widely
96,nco4es
96,polohreake
96,Low
96,here
96,80oil
96,Alanti
96,noneh
96,chooe
96,Gbsininei
96,30iinefs
96,uy
96,unh
96,0n20n
96,he
96,Chad
96,throuoh
96,woll
96,Overone
96,natlonal
96,nevei
96,ater
96,enousn
96,Deei
96,Dui
96,Ioll
96,ines
96,Metnei
96,ointanl
96,Ahe
96,(0n
96,deain
96,nauonval
96,(2nu
96,090k
96,(ecv
96,0e*1ite
96,300
96,he
96,ho
96,Anur
96,701iee
96,Manoy
96,7i9hesi
96,00a
96,iniei
96,00n
96,Aoivino
96,1einnen
96,in0n
96,2611n0816n
96,Alvarve
96,00
96,1une
96,nan
96,0n
96,eelaee 
96,6660nnne
96,e
96,Vi66 86n
96,"84286,"
96,6ne
97,1
97,3
97,G
97,0
97,86
97,Ase
97,40
97,8r
97,rhe
97,(
97,0
97,0
97,1;
97,0
97,ro
97,V<
97,ACs
97,ur
97,bi8
97,ns
97,ns
97,1s ^
97,05
97,0
97,0
97,rhe
97,co be
97,4
97,VC
97,he
97,15
97,o
97,1
97,0
97,00
97,be
97,Ko
97,1o
97,3
97,05
97,S5
97,Ahe
97,ehe
97,Ane
97,0 9o
97,(0
97,01
97,"0"""
97,42
97,o
97,e
97,05
97,01
97,2:
97,(
97,Ane
97,1o
97,@v
97,Ahe
97,Nne
97,ot
97,3
97,01
97,15
97,K
97,05
97,40
97,3
97,n
97,Aw
97,
97,Jav
97,ne
97,An
97,Algarve
97,The
97,an
97,EuRopE
97,toin
97,1
97,10
97,Fra
97,2{8p
97,cuerly
97,Cente
97,hne
97,le 
97,Mofe
97,ind
97,own
97,bur
97,the
97,Zavial
97,ncar
97,quan
97,oo
97,and _
97,swell
97,Rtugal
97,Vincent
97,ABlace
97,coasu
97,There s 
97,with
97,Ls
97,south
97,(Negra
97,Carrapateva'
97,conspire
97,righthanders.
97,headhien.
97,rcaly
97,Rocha
97,Uoher
97,which
97,around
97,"Marlon,"
97,called
97,Short.
97,thar
97,peel
97,"beachbreak, "
97,swells
97,"spot,"
97,Sov
97,76-8ft /
97,year
97,rights
97,the
97,wave
97,mix
97,over
97,levane'
97,corner
97,swell
97,times
97,was
97,Treacherous
97,intoxicating
97,big]
97,rideable
97,until
97,duration
97,and
97,Khe
97,classic
97,experienced
97,~very
97,estern
97,central
97,influences
97,explored
97,breaking
97,remuns
97,channel
97,this
97,south
97,waves
97,winds .
97,undeveloped
97,for
97,reefs
97,Mediterranean
97,and
97,mesh
97,headland
97,start
97,ded
97,scattered
97,only
97,backpacking
97,classic
97,beaches.
97,Anear
97,and
97,Peninsula
97,uncrowe
97,region
97,undulating
97,Algarve
97,side
97,Aljezur
97,"small,"
97,begin
97,Ahe
97,"naturally,"
97,swells
97,the
97,beaches
97,northern
97,surf
97,other
97,brings
97,visit.
97,and
97,and
97,open
97,absinthel
97,"good,"
97,Sagres
97,Iberian
97,The
97,contain
97,even
97,rocks
97,down
97,about
97,big
97,European
97,gently
97,Arlantic
97,summer
97,ruins
97,take
97,the
97,and
97,for
97,rocks.
97,Ufrom
97,empty
97,wide
97,worrY
97,doesn' €
97,good
97,surfers
97,leading
97,potential
97,Aew
97,rown
97,doesn'
97,Apart
97,Smn1)
97,Cape
97,when
97,Beware
97,with
97,located
97,the
97,'Sagres `
97,area
97,major
97,long
97,west
97,76111 )
97,Chas
97,surfers
97,some
97,side
97,(lttle
97,vibe
97,Jively
97,The
97,Kcoast
97,Foucous
97,"fields ,"
97,and
97,Massles
97,Ahe
97,alnouen
97,countrys
97,1Sfc
97,rhe
97,has
97,here $
97,antage
97,mneet.
97,la
97,breaks.
97,waves
97,window
97,hordes
97,and =
97,~but
97,West
97,ave
97,Portuzals
97,cliffs
97,Arnfana
97,where
97,small
97,Sampled
97,(2Sm1)
97,and
97,owns
97,crowded
97,coasts
97,home
97,rocks
97,adva
97,Tne
97,undeveloped
97,"ocallsn,"
97,high
97,well
97,and
97,Mazards
97,"Services,"
97,"Vincent,"
97,OWn
97,he
97,Sharp
97,have
97,Ihei
97,af
97,cove
97,4okin
97,south
97,more
97,outside
97,here
97,Lagos
97,You
97,soine
97,Ahe
97,ene
97,Sagres
97,superb
97,6ron
97,he
97,Iravel
97,About
97,stay
97,and
97,has
97,(getting
97,Kespeci
97,Uhe
97,Ahe
97,shops
97,"mntted ,"
97,oufise
97,locals
97,especlally
97,eholled
97,shelcer
97,Sagres
97,with
97,Fressufe
97,0ouon
97,861
97,spoko
97,end
97,norch
97,and
97,established
97,alowly
97,80i
97,Arrifana
97,chhonate
97,5i0ins
97,gond
97,0i6
97,anoe
97,widely
97,ec2es
97,0ki
97,Low
97,nonth
97,0n006e
97,here
97,'por
97,10
97,Allantie
97,Gbsinthel
97,80nneis
97,8uro
97,poinbne
97,wnh
97,0n20n
97,nad
97,ngougn
97,avetoue
97,Well
97,natlonal
97,avar
97,waten
97,Enuusn
97,Dee
97,Per
97,D6
97,Mint
97,ne
97,Metiiei
97,Gintall
97,066002n
97,Gen
97,acath
97,0k
97,hn
97,ouonan
97,20in
97,0eeyive
97,209eon
97,Ahe
97,he
97,D0
97,8600er0ne
97,Manay
97,nanes
97,iniei
97,206
97,2206
97,Onen
97,oivin
97,Alarve
97,eounaugn
97,ona
97,0n
97,One
97,ha
97,72n4
97,966ieon
97,'1u6n
97,666n60inn
97,e
97,Novatons
97,1en6 261
97,6ng
98,e
98,6
98,e
98,G
98,o8
98,Ase
98,40
98,88
98,2
98,0f chc 0f
98,Sfc
98,0
98,1;
98,ro
98,ACs
98,ur
98,A<
98,e
98,9s
98,4
98,s
98,s
98,05
98,0
98,0
98,be
98,KC
98,13
98,Ko
98,0
98,O
98,1
98,20
98,As
98,Ane
98,be
98,ro
98,1
98,05
98,Ahe
98,0' ^0
98,O
98,S5'
98,00
98,"0"""
98,45
98,Ahe
98,(o
98,3
98,05
98,0
98,{6e
98,81
98,01
98,8
98,0
98,e
98,Ane
98,6
98,K
98,55
98,1
98,~1
98,e
98,300
98,70'
98,4
98,av
98,Ane
98,61
98,4n
98,Algarve
98,The
98,cned
98,ones
98,EURopE
98,Ion
98,y
98,10
98,Fru
98,ap
98,Wecely
98,Inten
98,Cenue
98,bne
98,quahiy
98,le
98,More
98,ind
98,own
98,an
98,bur
98,ill
98,Lanal
98,quanng
98,near
98,foCks
98,and _
98,Rc
98,swell
98,Fortugal
98,Vincent
98,(Black
98,coasu
98,Theres
98,with
98,Les
98,south
98,Negra
98,Carrapatewa
98,{conspire
98,righthanders .
98,headhien.
98,rcallye
98,Rocha
98,(which
98,around
98,Marlon
98,called
98,'Shor.
98,thar
98,"beachbreak ,"
98,peel
98,swells
98,sour
98,"spot,"
98,year
98,rights
98,the
98,wave
98,mix
98,over
98,'levant'
98,corner
98,swell -
98,(times
98,was
98,Treacherous
98,big
98,intoxicating
98,big
98,rideable
98,until
98,duration
98,and
98,classic
98,experienced
98,~very
98,restern
98,central
98,influences.
98,explored
98,breaking
98,remains
98,this
98,channel
98,south
98,waves
98,winds .
98,an
98,undeveloped
98,for
98,Medicerranean
98,reefs
98,headland
98,and
98,mesh
98,start
98,scattered
98,the
98,"""the"
98,ded
98,only
98,backpacking
98,classic
98,beaches.
98,near
98,and
98,Peninsula
98,uncrowe
98,region
98,undulating
98,Algarve
98,Aljezur
98,side
98,"small,"
98,begin
98,"naturally,"
98,swells
98,the
98,northern
98,beaches
98,surf
98,other
98,(brings
98,visit.
98,open
98,absinthel
98,and
98,and
98,"good,"
98,Sagres
98,Iberian
98,The
98,contain
98,even
98,Frocks
98,about
98,down
98,big
98,European
98,gently
98,summer
98,Arlantic
98,ruins `
98,the
98,take
98,and
98,for
98,rocks.
98,Arom
98,empty
98,wide
98,doesn 't
98,worrY
98,the
98,Athe
98,good
98,doesn €
98,surfers
98,potential
98,leading
98,few
98,town
98,Apart
98,Cape
98,5n1)
98,when
98,Beware
98,with
98,located
98,'Sagres <
98,area
98,major
98,76111 )
98,has
98,long
98,west
98,some
98,surfers.
98,countryside
98,(lttle
98,vlbe
98,The
98,Jively
98,coast
98,Faucous
98,"fields,"
98,Massles
98,and
98,the
98,he
98,alinouen
98,the
98,1Sfr
98,Chas
98,"there"""
98,la 
98,antage
98,meet.
98,breaks.
98,Waves
98,window
98,hordes
98,and
98,well
98,the
98,{but
98,West
98,Wave
98,Portuzals
98,cliffs
98,Arifana
98,small
98,where
98,sampled
98,(2Sm1)
98,and
98,crowded
98,owns
98,coasts
98,home
98,rocks
98,Aor
98,advs
98,undeveloped
98,ne
98,"ocallsn,"
98,high
98,and
98,swell
98,Mazards
98,Services
98,sharp
98,have
98,"Vincent,"
98,OWn
98,hei
98,fare
98,cove
98,Aokmn
98,south
98,more
98,outslde
98,Lagos
98,3
98,here
98,oine
98,you
98,Ahe
98,Sagres
98,Clne
98,6ron
98,The
98,superb
98,ravel
98,Cstay
98,About
98,has
98,and
98,gettino
98,Kespect
98,The
98,Ahe
98,"lmntted ,"
98,oueiel
98,Shops
98,ocals
98,speclally
98,ehilled
98,shelcer
98,Sagres
98,with
98,spoken
98,361
98,0ou0n
98,end
98,Fessun
98,and
98,north
98,established
98,slowly
98,Arrfana
98,00n
98,chmnate
98,72i8ins
98,good
98,0i6
98,ange
98,wldely
98,0282es
98,poimbreako
98,Low
98,anonth
98,choone
98,here
98,"60of,"
98,Aantie
98,ahelhel
98,uros
98,80nnane7s
98,wuh
98,0n20n
98,he
98,Chad
98,Weli
98,niougn
98,0verone
98,notonal
98,ever
98,water
98,Engush
98,Dee
98,1er
98,toll
98,Dui
98,De
98,58ioite
98,Metiei
98,he
98,ointan
98,7044834444201 `
98,daath
98,2011
98,(0n
98,ouonal
98,06k
98,(neCn
98,0esyite
98,309eon
98,he
98,62inei0i1ie 
98,Dui
98,Maney
98,Diones
98,0inei
98,000
98,320 
98,oivinn
98,ouinonhoans
98,eie
98,Anen
98,Alarve
98,0n
98,one
98,10ne
98,nane
98,Ane
98,2w/
98,Cleos
98,666n80ine
98,e
98,7640076n
98,"V8,ne 2016"
99,C
99,0
99,ne
99,G
99,1os
99,0
99,4e
99,40
99,88
99,2
99,0
99,01
99,4;
99,ro
99,ACs
99,Jr
99,V<
99,e
99,ns
99,9s
99,s
99,05
99,05
99,0
99,{he
99,ro be
99,5
99,K<
99,he
99,15
99,O
99,1
99,6
99,Jne
99,19
99,o
99,anè
99,be
99,1o
99,ko<
99,05
99,S5
99,3 (
99,Ahe
99,01 ^0
99,45 2
99,r0
99,"0"""
99,o
99,che
99,5
99,05
99,05
99,C
99,ane
99,Ineine
99,1o
99,Vut
99,Ane
99,81
99,01
99,Ior
99,4
99,0
99,2
99,Ane
99,K
99,3
99,K
99,5
99,1
99,4e
99,Ane
99,0e
99,6v
99,ne
99,4
99,3
99,41
99,Algarve
99,The
99,And
99,sned
99,iron
99,EUROPE
99,Aoei
99,10
99,Fou
99,Cap
99,weuenly
99,Anteny
99,Cente
99,bne
99,Mofe
99,ind
99,own
99,an
99,bur
99,Zavial
99,quany
99,near
99,o<ks
99,Kand
99,Rod
99,swell
99,Rtugal
99,Vincent
99,(Blach
99,coast
99,Theres
99,with
99,Laeo
99,6pa14
99,(south
99,Negra
99,Carrapateva
99,conspire
99,righthanders .
99,headhien.
99,"rcally ,"
99,Rocha
99,"Upke,"
99,which
99,around
99,an/
99,Marlon
99,called
99,'Shor.
99,thar
99,"beachbreak ,"
99,peel
99,swells
99,souths
99,the
99,"spot,"
99,76-8ft /
99,year:
99,rights
99,che
99,wave
99,mix
99,over
99,~levant'
99,'swell-
99,corner
99,(times
99,was
99,Treacherous
99,big
99,intoxicating
99,big
99,rideable
99,until
99,duration
99,and
99,classic
99,experienced
99,~very
99,western
99,central
99,influences.
99,explored
99,breaking
99,remains
99,this
99,channel
99,waves
99,winds
99,south
99,an
99,undeveloped
99,for
99,reefs
99,Medicerranean
99,mesh
99,headland
99,Fand
99,start
99,uncrowded
99,scattered
99,backpacking
99,only
99,classic
99,beaches.
99,Anear
99,and
99,Peninsula
99,region
99,undulating
99,Algarve
99,Aljezur
99,side
99,"small,"
99,begin
99,"naturally,"
99,swells
99,an
99,the
99,beaches
99,northern
99,surf
99,other
99,brings
99,visit.
99,absinthel
99,and
99,open
99,"good,"
99,Sagres
99,Iberian
99,contain
99,The
99,even
99,Frocks
99,about
99,down
99,big
99,European
99,gently
99,summer
99,Arlantic
99,ruins
99,the
99,take
99,and
99,rocks.
99,Arom
99,empty
99,wide
99,worrY
99,the
99,Ahe
99,surfers
99,(good
99,doesn t
99,doesn
99,potential
99,leading
99,on
99,Aew
99,town
99,Apart
99,Cape
99,5111 )
99,When
99,Ueware
99,with
99,located
99,orea
99,76171 )
99,has
99,Sagres 
99,major
99,Flong
99,west
99,some
99,surters.
99,hlttle
99,vibe
99,eside
99,Jively
99,(coast
99,Faucous
99,Massles
99,"fields,"
99,and
99,alnouen
99,country
99,LSfr
99,the
99,the
99,has
99,Ahere s
99,advantage
99,breaks
99,Waves
99,la 
99,mneet.
99,window
99,Fand =
99,hordes
99,well
99,(West
99,ve
99,cliffs
99,Arlfana
99,Portuzals
99,where
99,small
99,sampled
99,(2Sm1)
99,Fand
99,crowded
99,owns
99,coasts
99,home
99,rocks
99,undeveloped
99,locallsn
99,nc
99,high
99,swell
99,and
99,Mazards
99,Services
99,sharp
99,have
99,Own
99,hei
99,Fare
99,"Vincent,"
99,cove
99,4okmn
99,south
99,moee
99,outslde
99,Logos
99,here
99,2823
99,you
99,Goone
99,Ahe
99,Sagres
99,ne
99,fron
99,The
99,superb
99,avel
99,About
99,Chas
99,atay
99,and
99,etting
99,Kespect
99,he
99,Ahe
99,Shops
99,oueien
99,"ontted ,"
99,ocals
99,especlally
99,ehulled
99,shelcer
99,Saores
99,with
99,spoken
99,Fessure
99,0ouon
99,end
99,01
99,north
99,and
99,established
99,slowly
99,00on 
99,Arrifana
99,chhonate
99,Fand
99,72i0is
99,anoe
99,Good
99,0r
99,wldely
99,0282es
99,Poinbieaks
99,Low
99,80onv
99,here
99,uoos
99,40i
99,anonth
99,0006e
99,Gbeinnei
99,Atlant
99,30naners
99,with
99,0n20n
99,Weli
99,Chad
99,iniough
99,avetave
99,notlonel
99,Mever
99,ater
99,Cnotish 
99,er
99,Dui
99,Deei
99,on 
99,Minu
99,Menmen
99,he
99,ointan
99,06n00n
99,death
99,nohonoi
99,2nif
99,09k
99,n
99,Despite
99,30013
99,he
99,D6i
99,200e10i1iee
99,Manaly
99,nonesi
99,010e
99,820v
99,Ieounovion
99,oivino 
99,Onen
99,Alvarve
99,one
99,2119 /
99,One
99,18ne
99,Aha
99,9 /
99,he
99,660i0ine
99,e
99,Miv8 2011
100,C
100,2
100,08
100,G
100,0
100,{e
100,40
100,8r
100,1;
100,06
100,0
100,1;
100,0
100,(o
100,Nrs
100,Vr
100,V<
100,{e
100,s
100,15
100,1s ^
100,05
100,05
100,01
100,be
100,4
100,C
100,Ahc
100,13
100,o
100,10
100,1
100,01
100,rh<
100,29
100,1s
100,Ane
100,be
100,Ko
100,1o
100,co
100,05
100,95
100,khe
100,KO
100,00
100,1o
100,15
100,Ahe
100,e
100,0f
100,05
100,C
100,ne
100,Ane
100,Vut
100,701
100,ot
100,0
100,1s
100,ane
100,K
100,55
100,1
100,41
100,en
100,3
100,74
100,Algarve
100,The
100,lone
100,sened
100,rei
100,EURopE
100,10
100,Pu
100,n
100,eaenly
100,Centfe
100,bnes
100,more
100,ton
100,nt
100,ne
100,an
100,ine
100,bur
100,Zavial
100,quan
100,near
100,focks
100,and
100,Roa
100,swell
100,Portugal
100,Vinceni
100,(Blach
100,There <
100,coast
100,Laeos
100,with
100,soutn
100,Negra
100,Carrapateva
100,conspire
100,righthanders.
100,headhien.
100,{cally 
100,Rocha
100,Uohe.
100,which
100,snas
100,around
100,Marlon
100,called
100,'Shor=
100,thar
100,"beachbreak,"
100,peel
100,swells
100,"south ,"
100,the
100,"spot,"
100,6-8ft |
100,year.
100,rights
100,the
100,wave
100,over
100,mix
100,levant'
100,swell-
100,(times
100,corner
100,Was
100,Treacherous
100,big
100,intoxicating
100,big
100,rideable
100,duration
100,until
100,and
100,classic
100,experienced
100,~very
100,western
100,central
100,influences
100,explored
100,breaking
100,remains
100,this
100,channel
100,south
100,waves
100,winds.
100,undeveloped
100,tor
100,reefs
100,Mediterranean
100,headland
100,mesh
100,start
100,and
100,backpacking
100,uncrowded
100,scattered
100,only
100,che
100,beaches.
100,classic
100,Anear
100,and
100,Peninsula
100,region
100,undulating
100,Algarve
100,side
100,Aljezur
100,"small,"
100,begin
100,"naturally,"
100,swells
100,northern
100,beaches
100,surf
100,other
100,brings
100,visit.
100,and
100,open
100,absinthel
100,and
100,"good,"
100,Sagres
100,The
100,Iberian
100,contain
100,even
100,rocks
100,about
100,down
100,big
100,European
100,gently
100,summer
100,Arlantic
100,ruins
100,che
100,the
100,take
100,and
100,for
100,Ufrom
100,rocks.
100,empty
100,worry
100,wide
100,doesn't
100,Athe
100,good
100,surfers
100,doesn €
100,porential
100,leading
100,On
100,ew
100,town
100,Apart
100,Sm)
100,Cape
100,when
100,Beware
100,@reo
100,with
100,located
100,611 )
100,Chas
100,Sagres
100,major
100,long
100,west
100,Esomne
100,surfers
100,Uittle
100,side
100,~vlbe
100,The
100,Jively
100,Kcoast
100,aucous
100,Hassles
100,"tields,"
100,and
100,alnouen
100,country
100,the
100,LSfc
100,has
100,there s
100,ine
100,breaks.
100,waves
100,advantage
100,meet.
100,la<
100,window
100,and =
100,hordes
100,the
100,well
100,West
100,Wave
100,Arrlfana
100,Portuzale
100,cliffs
100,small
100,where
100,sampled
100,(2Sm1)
100,and
100,crowded
100,owns
100,home
100,rocks
100,coasts
100,undeveloped
100,"Hocalism,"
100,Tne
100,high
100,swell
100,Macards
100,and
100,"Services,"
100,he
100,sharp
100,~have
100,own
100,hete
100,Fore
100,"Vincent,"
100,iin
100,cove
100,4okm
100,south
100,more
100,outslde
100,Lagos
100,here
100,22828
100,You
100,somne
100,ts
100,0t
100,Sagres
100,Elne
100,he
100,fron
100,superb
100,Iravel
100,Fstay
100,and
100,Abour
100,has
100,(etting
100,(Mespect
100,he
100,Ioutisi
100,he
100,Shops
100,"mntted ,"
100,ocals
100,ehilled
100,especlally
100,sheher
100,Saqres
100,with
100,spoken
100,Piessuie
100,'01
100,00suion
100,end
100,Fand
100,established
100,north
100,slowly
100,00m
100,Arrifana
100,chmnate
100,72i0ins
100,Fand
100,are
100,tange
100,good
100,0fe
100,wldely
100,72622
100,polohrcake
100,Aport
100,uroper
100,oM
100,here
100,toi
100,nonth
100,chooe
100,abolohel
100,Alianti
100,80ninefs
100,ne
100,acha
100,00n0n
100,nad
100,Well
100,hrouaoh
100,overaue
100,notonal
100,0av9i
100,water
100,Enotish
100,Ven
100,Dee
100,D0i
100,ninto
100,0e
100,Me ieie
100,7201gi
100,eintan
100,ne
100,82608//10n
100,daath
100,10
100,nouonal
100,30063s
100,(ecv
100,Despie
100,Ahe
100,he
100,0
100,12n0e707e
100,Mandy
100,niqnes
100,410iei
100,07a
100,820
100,Mepunonign
100,"4,tving"
100,0n0n
100,Alganve
100,one
100,0141
100,3019 /
100,he
100,nan
100,ne
100,6)
100,5le0n
100,"404864801,"
100,240los 01ic29n
100,1/8686 3016
100,6hos
101,C
101,8C
101,0
101,ane
101,G
101,6
101,e
101,40
101,38
101,1:
101,0
101,01
101,681 12
101,0
101,K0
101,As
101,Vr
101,"bi"""
101,V
101,{e
101,49
101,As
101,20
101,05
101,05
101,0
101,o<
101,<he
101,be
101,5
101,<
101,ro
101,10
101,12
101,01
101,15
101,pe
101,Ko
101,o
101,05
101,Ahe
101,0' ^0
101,Ko
101,S1
101,Ahe
101,00
101,"0"""
101,42
101,1o
101,Ahe
101,3
101,05
101,0
101,2:
101,Ane
101,1o
101,e
101,01
101,4
101,0*
101,5
101,1
101,(ns
101,Ko
101,35
101,1
101,Ns
101,41
101,4
101,4
101,0e
101,ve'
101,6w?
101,0
101,1e
101,6
101,3
101,414
101,Algarve
101,The
101,been
101,on
101,ened
101,roin
101,Aroeet
101,EUROPE
101,10
101,Frau
101,n
101,We4iefiy
101,Cente
101,hne
101,ke
101,Mofe
101,ind
101,tovn
101,n
101,nea
101,an
101,bur
101,Zavial
101,quan
101,near
101,ocks
101,Roa
101,Kand
101,swell
101,Vincent
101,ABlack
101,Ftugal
101,There<
101,coasu
101,with
101, Lagos
101,south
101,(Negra
101,Carrapatewa
101,conspire
101,righthanders .
101,'headhiens
101,rcally _
101,Rocha
101,"Uphe,"
101,snav
101,which
101,around
101,Marlon
101,called
101,Shorr.=
101,that
101,"(beachbreak ,"
101,peel
101,swells
101,(south
101,"spot,"
101,the
101,year
101,rights
101,the
101,wave
101,over
101,mix
101,~levant'
101,swell.
101,"""times"
101,corner
101,was
101,Treacherous
101,big
101,intoxicating
101,rideable
101,durarion
101,until
101,and
101,classic
101,experienced
101,~very
101,western
101,central
101,influences.
101,explored
101,breaking
101,remuins
101,channel
101,this
101,waves
101,winds.
101,south
101,undeveloped
101,F1s
101,reefs
101,Mediterranean
101,headland
101,mesh
101,start
101,and
101,scattered
101,the
101,'backpacking
101,ded
101,only
101,beaches.
101,near
101,classic
101,and
101,Peninsula
101,uncrowe
101,region
101,undulating
101,Aljezur
101,Algarve
101,side
101,"small,"
101,the
101,begin
101,naturally;
101,swells
101,an
101,the
101,northern
101,beaches
101,surf
101,brings
101,other
101,visit.
101,absinthel
101,and
101,open
101,and
101,"good,"
101,Sagres
101,The
101,Iberian
101,contain
101,even
101,rocks
101,about
101,down
101,big
101,summner
101,European
101,gently
101,Arlantic
101,rulns
101,the
101,take
101,and
101,for
101,Arom
101,rocks.
101,empty
101,worY .
101,wide
101,doesn' t
101,Athe
101,good
101,surfers
101,doesn t
101,leading
101,Aew
101,porential
101,Apart
101,town
101,5n)
101,Cape
101,when
101,Beware
101,'Sagres =
101,orea
101,with
101,located
101,has
101,76111 )
101,maior
101,long
101,west
101,Asomne
101,surfers
101,Inttle
101,vibe
101,eside
101,Jively
101,Kcoost
101,Foucous
101,Hassles
101,he
101,the
101,"tields,"
101,and
101,lnouen
101,country
101,the
101,LSfr
101,has
101,Ahere s
101,he
101,breakss
101,waves
101,antage
101,mneet.
101,window
101,hordes
101,and
101,but
101,well
101,west
101,Wave
101,Arritana
101,Portuzal
101,clitfs
101,where
101,small
101,Sompled
101,crowded
101,(2Sm1)
101,and
101,owns
101,home
101,rocks
101,coasts
101,ot
101,undeveloped
101,adve
101,"ocallsm,"
101,ne
101,hgh
101,swell
101,Mazards
101,and
101,Services
101,Ahe
101,sharp
101,have
101,own
101,Ihei
101,O1
101,"Vincent,"
101,cove
101,Aokmn
101,south
101,noee
101,Lagor
101,outslde
101,here
101,2828
101,you
101,Some
101,Ahe
101,Sagres
101,Ie
101,from
101,superb
101,Iravel
101,stay
101,haa
101,and
101,About
101,Mespect
101,getting
101,he
101,oueisl
101,Ahe
101,Ahops
101,"untted ,"
101,ocals
101,Fespeclally
101,chulled
101,shelrer
101,S0gies
101,with
101,spoken
101,6/
101,Posuioiv
101,end
101,Fiessun
101,established
101,norch
101,and
101,slowly
101,8om
101,"rokana ,"
101,Chhonale
101,and
101,72n0is
101,ange
101,wldely
101,Kood
101,0re
101,ee4ue
101,0ke
101,wropek
101,"'pott,"
101,Low
101,chooe
101,here
101,oi
101,onth
101,abolouhel
101,Allanti
101,3inonen s
101,Poinbre
101,he
101,0020n
101,uth
101,Well
101,had
101,averoug
101,Ahrouoh
101,natonal
101,06vei
101,water
101,Anolish
101,Dui
101,on 
101,Dee
101,Ming
101,Metieie
101,ne
101,eintan
101,"02600/n107 ,"
101,daath
101,720140 
101,(0n
101,nouonal
101,300v2
101,(necn
101,Despie
101,ne
101,Do
101,82inei07nes
101,Mandy
101,htohese
101,6ie
101,320v
101,",ivinn"
101,(29unonion
101,inen
101,Alvanve
101,ne
101,019 /
101,nait
101,26 /
101,866i08ne
101,ne
101,"Moaaton,"
101,1288681
101,"V1,n6 061"
102,8C
102,^ 0
102,0
102,Ane
102,G
102,5on
102,Ane
102,40
102,88
102,;
102,0f cheø 0f
102,681 12;
102,8
102,1o
102,'s
102,Ur
102,V<
102,e
102,As
102,95
102,99
102,05
102,05
102,01
102,roÉ
102,be
102,V
102,rhe
102,o
102,01
102,50
102,1
102,Ahe
102,40
102,As
102,be
102,0
102,1
102,05
102,rh<
102,01 90
102,<o
102,S5'
102,Ahe
102,09
102,0
102,9s
102,ehe
102,o
102,35
102,05
102,05
102,(
102,Ane
102,01
102,Yor
102,4
102,9:
102,42
102,8
102,Ao 
102,o1
102,o
102,Nne
102,41
102,Ane
102,0e
102,6v
102,4
102,3
102,Algarve
102,The
102,sned
102,oa
102,Iroin
102,acore
102,EUROPE
102,Pran
102,(8p
102,Gefiy
102,ntenv
102,Cente
102,bne
102,Mofe
102,ind
102,o
102,an
102,bur
102,Zavial
102,qualiy
102,neat
102,focks
102,Roa
102,Fand
102,swell
102,Vincent
102,(Black
102,Rtugl
102,coast .
102,There<
102,with
102,Lzeos
102,{south
102,Xeer?
102,Spa1y
102,Carrapatev?
102,conspire
102,righthanders .
102,headhieh.
102,really _
102,Rocha
102,"Upke,"
102,snaps
102,which
102,around
102,Marlon
102,called
102,'Shor.
102,Athar
102,"beachbreak, "
102,peel
102,south
102,swells
102,"""spot,"
102,year.
102,rights
102,che
102,wave
102,over
102,'levant'
102,MIX
102,swell.
102,{times
102,corner
102,was
102,Treacherous
102,big
102,intoxicating
102,big
102,rideable
102,duration
102,until
102,classic
102,experienced
102,and
102,~very
102,western
102,central
102,influences.
102,explored
102,breaking
102,remuins
102,channel
102,this
102,waves
102,winds.
102,south
102,an
102,undeveloped
102,reefs
102,Mediterranean
102,headland
102,mesh
102,start
102,and
102,che
102,scattered
102,only
102,backpacking
102,ded
102,beaches.
102,Anear
102,classic
102,and
102,Peninsula
102,uncrow
102,region
102,undulating
102,Aljezur
102,side
102,Algarve
102,"small,"
102,begin
102,"naturally,"
102,swells
102,the
102,northern
102,beaches
102,(brings
102,surf
102,other
102,vlsit.
102,and
102,absinthel
102,open
102,and
102,"good,"
102,Sagres
102,The
102,Iberian
102,contain
102,rocks
102,even
102,about
102,down
102,big
102,summer
102,European
102,gently
102,ruins
102,Arlantic
102,Athe
102,take
102,and
102,Ufrom
102,for
102,rocks.
102,worrY
102,empty
102,doesn't
102,wide
102,Athe
102,good
102,surfers
102,doesn t
102,leading
102,Aew
102,potential
102,Apart
102,town
102,511)
102,Cape
102,when
102,Beware
102,area
102,Chas
102,'Sagres 
102,with
102,located
102,west
102,76111 )
102,major
102,long
102,some
102,surfers
102,tttle
102,vibe
102,eside
102,The
102,lively
102,coost
102,TauCous
102,Massles
102,Hhe '
102,"fields,"
102,and
102,LSfr)
102,has
102,lnoueh
102,country
102,the
102,Aheres
102,the
102,breaks
102,waves
102,advantage
102,mneet.
102, s
102,window
102,hordes
102,and =
102,he
102,but
102,well
102,West
102,ave
102,ArrMfana
102,Poriuzal
102,cliffs
102,where
102,sompled
102,small
102,crowded
102,(2Sm1)
102,and
102,Howns
102,home
102,rocks
102,coasts
102,undeveloped
102,"Hocallsm,"
102,nc
102,high
102,swell
102,azards
102,and
102,Services
102,sharp
102,have
102,own
102,Ahe
102,Fare
102,Ahele
102,"Vincent,"
102,cove
102,Aokm
102,south
102,noee
102,outslde
102,Lagos
102,here
102,0825
102,you
102,Gomne
102,Mts
102,he
102,Sagres
102,The
102,ne
102,6ronn
102,superb
102,Iravel
102,tay
102,hea
102,and
102,About
102,(Oetting
102,espect
102,he
102,Shops
102,"lnited ,"
102,oueist
102,he
102,ocals
102,fespeclally
102,cholled
102,shelrer
102,Sages
102,with
102,spoken
102,Piessuie
102,end
102,311
102,00tion
102,and
102,Festablished
102,norch
102,slowly
102,00o
102,"Arcifana ,"
102,chhonale
102,and 
102,(2i0is
102,are
102,anoe
102,010
102,widely
102,Good
102,004ee
102,polnbreoke
102,uropel
102,Aport
102,Low
102,here
102,nonth
102,hoone
102,aholouhel
102,40
102,Allanti
102,Smnoe7s
102,0080n
102,Well
102,with
102,Chad
102,averaue
102,natonal
102,hronaoh
102,0evei
102,water
102,Enuuish
102,ner
102,ton
102,Dui
102,Deei
102,Mino
102,Metniei
102,he
102,Feintall
102,7824444444200
102,daoth
102,2617
102,10n
102,nouonal
102,3002
102,099
102,(ecv
102,Deswiie
102,Ahe
102,he
102,Do
102,12inei0me
102,M2ndy
102,hones
102,12
102,320
102,"4,vin"
102,Ieouinguon
102,6nen
102,Alvarva
102,onies
102,879/*
102,One
102,nen
102,ne
102,106/
102,he
102,hes
102,840h6an 018626
102,M8ote 36n6
102,A
102,60n
103,8
103,6s
103,4
103,Jon
103,0
103,4e
103,a2
103,40
103,8r
103,1
103,0
103,01
103,681 12;
103,0
103,R0
103,Ars
103,Ur
103,bi8
103,V
103,e
103,s
103,s
103,20
103,05
103,05
103,0
103,95
103,be
103,V
103,he
103,15
103,ro
103,10
103,15
103,81
103,20
103,be
103,r0
103,o
103,0
103,rhg
103,Ahe
103,0' 90
103,o
103,S5'
103,01
103,0
103,o
103,s
103,5
103,01
103,05
103,Ene
103,Ior
103,3
103,15
103,K
103,05
103,40
103,(ne
103,41
103,A
103,0e
103,ve'
103,3
103,4
103,3
103,Algarve
103,The
103,ned
103,le
103,roin
103,oret
103,EURoPE
103,Foa
103,10
103,Ctap
103,7e4efiy
103,Cenie
103,bne
103,~kes
103,Mote
103,ind
103,on
103,n
103,bur
103,the
103,Zavial
103,qualirg 
103,nCar
103,{ocke
103,Roa
103,Fand
103,swell
103,Vincent
103,(Black
103,There < 
103,coasu
103,Oetugal
103,with
103,[220s
103,south
103,Negra
103,ur
103,Carrapateia
103,conspire
103,righthanders
103,'headhiens
103,teally =
103,Rocha
103,snapo
103,Uphe
103,which
103,around
103,Marlon
103,called
103,'Shorrs
103,Athar
103,"beachbreak ,"
103,peel
103,swells
103,south
103,"spot,"
103,the
103,yeaz
103,rights
103,che
103,wave
103,over
103,levant'
103,mix
103,swell.
103,{times
103,corner
103,was
103,Treacherous
103,big
103,intoxicating
103,rideable
103,{durarion
103,until
103,classic
103,experienced
103,and
103,very
103,restern
103,central
103,influences.
103,explored
103,breaking
103,remuins
103,channel
103,this
103,winds.
103,waves
103,south
103,undeveloped
103,for
103,reefs
103,Mediterranean
103,headland
103,start
103,and
103,mesh
103,backpacking
103,scattered
103,only
103,ded
103,the
103,beaches .
103,near
103,classic
103,and
103,Peninsula
103,uncrow
103,region
103,undulating
103,Aljezur
103,side
103,Algarve
103,"small,"
103,Athe
103,begin
103,naturally;
103,swells
103,northern
103,the
103,beaches
103,brings
103,surf
103,other
103,visit.
103,Fabsinthel
103,rand
103,open
103,and
103,"good,"
103,Sagres
103,The
103,Iberian
103,even
103,rocks
103,contain
103,about.
103,down
103,big
103,summer
103,European
103,gently
103,ruins
103,Arlantic
103,take
103,and
103,Ufrom
103,for
103,empty
103,rocks.
103,woIY 
103,wide
103,the
103,doesn'
103,Athe
103,good
103,surfers
103,Aew
103,doesn t
103,leading
103,potential
103,Apart
103,town
103,51n1)
103,Cape
103,when
103,Beware
103,Sagres =
103,area
103,with
103,the
103,has
103,located
103,76111 )
103,west
103,Asome
103,major
103,long
103,surfers
103,hnttle
103,vibe
103,side
103,The
103,coast
103,lively
103,Iaucous
103,Massles
103,Hhe 
103,the
103,"fields,"
103,and
103,Chas
103,LSfc
103,Aheres
103,alnouen
103,country
103,the
103,breaks
103,Wves
103,the
103,mneet.
103,advantage
103,las
103,window
103,and
103,hordes
103,~but
103,west
103,well
103,Wave
103,Arrlfana
103,cliffs
103,where
103,sompled
103,Poruzal.
103,small
103,(crowded
103,(2Sm11)
103,and
103,owns
103,home
103,rocks
103,coasts
103,undeveloped
103,"ocallsnn,"
103,The
103,Chigh
103,swell
103,Mazards
103,and
103,Services
103,sharp
103,have
103,Ahe
103,Own
103,hele
103,Or
103,"Vincent,"
103,cove
103,Aokmn
103,or
103,south
103,more
103,Lagos
103,outslde
103,here
103,you
103,soine
103,Ahe
103,The
103,Sagres
103,eene
103,froi
103,superb
103,Iavel
103,stay
103,About
103,has
103,(gettino
103,Kespect
103,and
103,he
103,"lontted ,"
103,0utisi
103,he
103,Shops
103,local
103,hulled
103,Fespeclally 
103,shehrer
103,Saqtes
103,with
103,spoken
103,end
103,00stion
103,Piessun
103,and
103,established
103,norch
103,slowly
103,Aroon
103,"Arnfana ,"
103,Fand
103,chonale
103,7eiais
103,afe
103,anoe
103,widely
103,Good
103,01e
103,0e4es
103,polubrcokes
103,uropel
103,Apor6
103,here
103,Low
103,hooe
103,abolouhel
103,kon
103,onth
103,Alanti
103,80onineis
103,he
103,0020n
103,Well
103,wuth
103,Chad
103,averaue 
103,notonal
103,nfough
103,6ver
103,Fnoush
103,water
103,Dui
103,ton
103,Deei
103,8i0o
103,Metene
103,ontral
103,he
103,eintan
103,7826444414241 
103,daeth
103,(0n
103,ouonan
103,300ies
103,09ck
103,"(nec"""
103,ne
103,De8pne
103,he
103,DMi
103,12in0e107e 
103,Mandy
103,Riones
103,1nei
103,3000
103,0na
103,Mebuinoton
103,",iving"
103,0n0n
103,Algarva
103,0n
103,one
103,019 /
103,One
103,Ane
103,106/
103,Merciesn
103,006
103,na
103,"009096i,)"
103,40i6at 6116an
103,"V1,n6 861"
103,842 /
103,ahos
103,682686 /
103,6 0na
104,6
104,6
104,4
104,A
104,0
104,ne
104,40
104,38
104,2
104,rhe
104,0
104,6811
104,0
104,0
104,Ahe
104,1;
104,ro
104,'rs
104,Ur
104,Y
104,e
104,Ns
104,1s
104,20
104,0
104,05
104,0
104,95
104,rhe
104,be
104,4
104,A<
104,Eh€
104,15
104,o
104,O
104,5
104,o
104,Ane
104,As
104,be
104,o
104,01
104,rh<
104,0t no
104,Io
104,51'
104,khe
104,"0"""
104,Ane
104,o
104,15
104,rhe
104,45
104,05
104,0
104,0
104,(
104,Ineane
104,pulal =
104,4
104,o
104,1s
104,e
104,55
104,1
104,4e
104,41
104,81
104,0e
104,3
104,6
104,0
104,06
104,3
104,Algarve
104,The
104,oin
104,an
104,EURoPE
104,Poa
104,10
104,Cente
104,ke
104,more
104,nd
104,tovn
104,an
104,bur
104,Ane
104,qualiry
104,Laval
104,nea(
104,rocks
104,Roc
104,and _
104,swell
104,n2e
104,Vincent
104,(Black
104,coast
104,There < 
104,Rtugal
104,With 
104,La2os
104,south
104,Negra
104,Io
104,Carrapateva
104,Sp4n
104,conspire
104,righthanders .
104,headhiens
104,{cally =
104,Rocha
104,snappe
104,Upher
104,which
104,around
104,Marlon
104,called
104,"'Short,"
104,thar
104,"beachbreak,"
104,peel
104,swells
104,south
104,"spot,"
104,year
104,rights
104,wave
104,over
104,levant'
104,mix
104,swell.
104,"""times"
104,corner
104,was
104,Treacherous
104,big
104,intoxicating
104,big
104,rideable
104,(duration
104,until
104,experienced
104,classic
104,and
104,~very
104,estern
104,central
104,influences.
104,breaking
104,explored
104,remuins
104,channel
104,this
104,waves
104,Winds.
104,south
104,undeveloped
104,for
104,reefs
104,Mediterranean
104,headland
104,mesh
104,start
104,and
104,only
104,backpacking
104,scattered
104,uncrowded
104,beaches.
104,Anear
104,classic
104,and
104,Peninsula
104,region
104,undulating
104,Aljezur
104,side
104,Algarve
104,"small,"
104,begin
104,"naturally,"
104,swells
104,an
104,northern
104,the
104,(brings
104,beaches
104,other
104,visit.
104,surf
104,and
104,absinthel
104,open
104,and
104,"good,"
104,Sagres
104,to
104,The
104,rocks
104,Iberian
104,contain
104,even
104,about
104,down
104,big
104,summer
104,ruins
104,European
104,gently
104,Arlantic
104,the
104,take
104,and
104,Arom
104,for
104,rocks.
104,worry
104,empty
104,doesn'€
104,wide
104,surfers
104,good
104,Aew
104,on
104,doesn €
104,porential
104,leading
104,Apart
104,town
104,S11)
104,Cape
104,when
104,Beware
104,'Sagres =
104,rea
104,Chas
104,with
104,located
104,76111 )
104,somne
104,west
104,major
104,long
104,surters
104,(ittle
104,vibe
104,side
104,coast
104,Jively
104,10ucous
104,Massles
104,the -
104,"fields,"
104,and
104,LSfr
104,has
104,Athere s
104,the
104,breaks
104,waves
104,alnouzn
104,countrye
104,rhe
104,advantage
104,mncet.
104,Fand =
104,las
104,window
104,hordes.
104,Ahe
104,west
104,well
104,wave
104,Arrlfana
104,sampled
104,Porruzals
104,cliffs
104,where
104,small
104,and
104,towns
104,(crowded
104,(2Sm11)
104,home
104,rocks
104,lot
104,coasts
104,undeveloped
104,"ocallsm,"
104,ne
104,high
104,Macards
104,swell
104,and
104,Services
104,Ahe
104,sharp
104,have
104,Wn
104,hele
104,Fare
104,"Vincent,"
104,ove
104,4okmn
104,nofe
104,south
104,Lagor
104,outslde
104,Ahere
104,you
104,omne
104,Ahe
104,Sagres
104,ne
104,rom
104,superb
104,Travel
104,stay
104,has
104,About
104,(gettino
104,Kespect
104,and
104,Uhe
104,Ioutisi
104,Shops
104,"lmntted ,"
104,ne
104,local
104,especlally
104,ehilled
104,sheher
104,Sagres
104,with
104,spoken
104,Piessure
104,301|
104,00slion
104,end
104,and
104,established
104,norch
104,slowly
104,00i
104,Arrifana
104,ehonale
104,and <
104,7ei8in
104,0re
104,anue
104,widely
104,016
104,Kood
104,"""822es"
104,poimdfeak 
104,uropel
104,sport
104,Low
104,here
104,40i
104,nonth
104,choone
104,abelouhel
104,Alontie
104,80nini s
104,Aha
104,Wweli
104,cha
104,had
104,0veiove
104,natonel
104,hrouoh
104,Memieitone
104,Mevg
104,Enolth
104,water
104,Ver
104,Dui
104,ton
104,Dee
104,Mino
104,nivai
104,he
104,eintanl
104,00ninuen
104,daeth
104,309ren
104,(0n
104,70u0n8i
104,Ahe
104,(necv
104,De8pi1e
104,he
104,Di
104,01e
104,Many
104,hiohese
104,41e
104,82py
104,",ivnnu"
104,dcauinanoiny
104,On0n
104,Alvarve
104,82nen
104,8/ne
104,8119/
104,h
104,666180ine
104,no
104,"0090416n,)"
104,0
104,"2406eaf 0184,n"
104,Mnene 8611
105,1
105,8
105,6
105,4y
105,0
105,258
105,se
105,39
105,40
105,(Sr
105,4k
105,1;
105,Ahc
105,681
105,6
105,0
105,1;
105,1o
105,Ars
105,Vr
105,VC
105,e
105,As
105,5
105,is 99
105,05
105,o
105,0
105,fo<
105,be
105,4
105,K<
105,Ahe
105,15
105,<o
105,10
105,5
105,0
105,Ane
105,09
105,5
105,be
105,O
105,1o
105,o5
105,Ahe
105,01 90
105,G
105,09
105,"0"""
105,Ane
105,O
105,o
105,4
105,81
105,05
105,0
105,Ane
105,61
105,3
105,8
105,1s
105,(ne
105,24
105,o5
105,1
105,4ne
105,4
105,Ane
105,0e
105,3
105,Algarve
105,The
105,EUROPE
105,Fa
105,10
105,4e0iy
105,Cente
105,More
105,ind
105,tovn
105,Ainsi
105,an
105,bur
105,Ane
105,qualry
105,Laval
105,nea(
105,{ocks
105,Ana 
105,swell
105,Jan
105,Vinceni
105,ABlaca
105,coasu
105,There<
105,RtugAl
105,[a2os
105,with
105,south
105,urte
105,Ncera
105,Carrapateira
105,conspire
105,righthanders .
105,headhien.
105,rcally _
105,Rocha
105,Ksnapp
105,Uoher
105,which
105,around
105,Marlon
105,called
105,'Shor.
105,Athar
105,"beachbreak,"
105,peel
105,"south ,"
105,swells
105,"spot,"
105,year:
105,of
105,rights
105,the
105,wave
105,over
105,'levant'
105,mix
105,'swell.
105,(times
105,corner
105,was
105,Treacherous
105,big
105,intoxicating
105,big
105,rideable
105,durarion 
105,until
105,classic
105,experienced
105,and
105,~very
105,western
105,central
105,influences.
105,explored
105,breaking
105,remauins
105,channel
105,chis
105,winds.
105,waves
105,south
105,undeveloped
105,reefs
105,Mediterranean
105,headland
105,start
105,mesh
105,and
105,only
105,'backpacking
105,scattered
105,uncrowded
105,~the
105,beaches.
105,Anear
105,classic
105,and
105,Peninsula
105,region
105,undulating
105,Aljezur
105,side
105,Algarve
105,"small,"
105,begin
105,naturally
105,swells
105,northern
105,the
105,beaches
105,other
105,brings
105,visit.
105,and
105,surf
105,Fabsinthel
105,open
105,and
105,"good,"
105,Sagres
105,The
105,Frocks
105,even
105,Iberian
105,contain
105,about
105,down
105,big
105,summer
105,ruins
105,gently
105,European
105,the
105,Arlantic
105,take
105,and
105,Afrom
105,worTY
105,for
105,rocks.
105,empty
105,wide
105,doesn't
105,che
105,surfers
105,(good
105,Afew
105,doesn t
105,leading
105,potential
105,Apart
105,town
105,511)
105,when
105,Cape
105,Beware
105,{Sagres <
105,@rea
105,Chas
105,71s
105,located
105,the
105,5611 )
105,with
105,some
105,west
105,long
105,surfers
105,(ittle
105,vibe
105,major
105,"""side"
105,The
105,Kcoast
105,Jively
105,1aueous
105,Massles
105,he
105,"fields,"
105,and
105,LSfc)
105,has
105,there $
105,breaks
105,waves
105,country
105,the
105,alnouen
105,the
105,mneet.
105,advantage
105,and
105,window
105,hordes
105,~but
105,Ahe
105, 
105,West
105,well
105,Wave
105,AurMana
105,sampled
105,cliffs
105,where
105,Poriuzal
105,small
105,and
105,owns
105,crowded
105,(2Sm11)
105,rocks
105,home
105,Iot
105,coasts
105,undeveloped
105,"locallsm,"
105,ane
105,hgh
105,well
105,Mazards
105,have
105,and
105,"Services,"
105,Aho
105,shaip
105,OWn
105,Ihei
105,Fare
105,"Vincent,"
105,cove
105,Aokmn
105,mnore
105,south
105,Lagos
105,outslde
105,Ahere
105,you
105,oine
105,Ahe
105,Mts
105,Sapres
105,lne
105,fron
105,superb
105,ravel
105,stay
105,Kespect
105,About
105,ha
105,Oettino
105,and
105,outisi
105,he
105,shops
105,Ilmntted 
105,he
105,ocals
105,Fespeclally
105,ehilled 
105,shehver
105,Sagres
105,with
105,spoken
105,Fiessuie
105,301|
105,00stlion
105,end
105,Festablished
105,Fana
105,norch
105,slowly
105,810n
105,and
105,Acrakana
105,ehonale
105,7enains
105,anue
105,widely
105,ave
105,good
105,088229
105,pohnubreoke
105,uropel
105,Aport
105,Low
105,here
105,onth
105,chooe
105,abolohel
105,0i
105,Atlantie
105,Me ieii0neon
105,Weli
105,wuth
105,had
105,averove
105,atonal
105,hconoh
105,Mevei
105,nolsh
105,ater
105,{ver
105,DMi
105,ton
105,Deei
105,8i0n
105,(3n1fgi
105,he
105,82826444014244 3
105,eintan
105,Maath
105,nouonal
105,30nien
105,10n
105,ne
105,(necv
105,Despie
105,he
105,Di
105,72inn2i07m 
105,Manty
105,hohesu
105,inei
105,82p
105,oavin
105,gouinguon
105,On0n
105,"6i0""v"
105,Aonve
105,2ni9 /
105,0ne
105,ne
105,72n /
105,hae
105,aa
105,02410086)
105,84vhean 0vi4an
105,(8ni
105,ane
105,78868 /
106,^ 0
106,6
106,G
106,40
106,88
106,12;
106,05
106,0f che
106,6811 12;
106,0
106,ro
106,Ars
106,Ur
106,bi8
106,V<
106,e
106,5
106,ns
106,s
106,06
106,0
106,0
106,{he
106,be
106,4
106,K<
106,Khe
106,16
106,Ko
106,o
106,15
106,01
106,29
106,5
106,pe
106,ro
106,1o
106,co
106,0
106,S'
106,Ane
106,Ko
106,01
106,"0"""
106,o
106,19
106,Ahe
106,4
106,05
106,01
106,0
106,4
106,Ane
106,o
106,402
106,he
106,01
106,8
106,4
106,101
106,95
106,281
106,51
106,0
106,(ne
106,41
106,Ao
106,0e
106,ve'
106,3
106,4n
106,4
106,Algarve
106,The
106,ned
106,ionn
106,~Vrei
106,s
106,EUROPE
106,26
106,Crieoy
106,Centfe
106,Mofe
106,ind
106,own
106,8e
106,n
106,and
106,bui
106,he
106,mhi 
106,quahiry 
106,Zaval
106,neat
106,rocke
106,Ar 
106,Fand
106,swell
106,has
106,ne
106,Vincent
106,(Blach
106,coacu
106,There<
106,Portugal
106,[azos
106,With
106,south
106,Sufte
106,Negra
106,{conspire
106,Spaiy
106,Carrapatev
106,righthanders .
106,'headhiens
106,really 
106,Rocha
106,Snappy/
106,"Uiphe,"
106,which
106,around
106,"Marlon,"
106,called
106,in
106,"'Shor,"
106,Athar
106,"beachbreak,"
106,peel
106,south
106,swells
106,"spot,"
106,year.
106,che
106,rights
106,wave
106,over
106,levant'
106,mix
106,swell.
106,(times
106,corner
106,was
106,Treacherous
106,big
106,intoxicating
106,rideable
106,durarion
106,until
106,classic
106,experienced
106,and
106,very
106,restern
106,central
106,influences.
106,breaking
106,explored
106,remauins
106,channel
106,this
106,winds.
106,waves
106,south
106,an
106,undeveloped
106,for
106,reefs
106,Mediterranean
106,headland
106,start
106,mesh
106,and
106,'backpacking
106,scattered
106,only
106,uncrowded
106,beaches
106,Anear
106,classic
106,and
106,Peninsula
106,undulating
106,region
106,Aljezur
106,side
106,Algarve
106,"small,"
106,Athe
106,begin
106,"naturally,"
106,swells
106,northern
106,the
106,beaches
106,brings
106,visit.
106,other
106,and
106,surf
106,absinthel
106,open
106,and
106,"good,"
106,Sagres
106,The
106,rocks
106,even
106,Iberian
106,contain
106,about
106,down
106,big
106,summer
106,ruins
106,European
106,gently
106,the
106,Arlantic
106,rhe
106,and
106,take
106,Afrom
106,worY
106,for
106,rocks.
106,empty
106,wide
106,doesn't
106,the
106,good _
106,surfers
106,Aew
106,Apart
106,doesn t
106,potential
106,leading
106,town
106,511 )
106,when
106,Cape
106,Beware
106,'Sagres <
106,area
106,has
106,with
106,located
106,36111 )
106,some
106,west
106,long
106,surfers
106,ittle
106,vibe
106,major
106,side
106,coast
106,Jively
106,OuCous
106,assles
106,the
106,the
106,"fields,"
106,and
106,LSfr
106,has
106,Ahere s
106,breoks
106,waves
106,the
106,alinouch
106,countrye
106,meet
106,antage
106,and
106,hordes 
106,La 
106,window
106,but
106,West
106,well
106,Wave
106,AnrMana
106,sampled
106,clifts
106,where
106,"2al,"
106,crowded
106,small
106,and
106,owns
106,(25m1)
106,home
106,rocks
106,Aor
106,coasts
106,undeveloped
106,Focallsm
106,adve
106,Pore
106,une
106,Hnigh
106,Mazards
106,swell
106,have
106,and
106,Services
106,Ahe
106,haip
106,own
106,helr
106,"Vincent,"
106,cove
106,Aokmn
106,Amore
106,south
106,Lagos
106,outslde
106,here
106,you
106,2
106,somne
106,Ahe
106,Ahe
106,Sagres
106,Aron
106,Clne
106,superb
106,Iravel
106,atay
106,he
106,(Kespect
106,About
106,(geuina
106,and
106,Uhe
106,"~lntted ,"
106,10utisi
106,shops
106,Ahe
106,ocal
106,cholled
106,especlally
106,sheher
106,Sagtes
106,"spoken,"
106,with
106,Pressuie
106,7ur (
106,end
106,P0stion
106,eslablished
106,and
106,norch
106,slowly
106,Wron
106,Fand
106,Acrikana
106,ehonoie
106,7enain
106,Jare
106,range
106,widely
106,0ie
106,Kood
106,02840s
106,polmtbreako
106,furopel
106,eport
106,here
106,Low
106,hooe
106,onth
106,Gbsinne)
106,40i
106,Alanti
106,30nine7s
106,he
106,Metnen8neon
106,Well
106,wath
106,otonal
106,Chad
106,averave
106,niomgh
106,Nevei
106,Snollsh
106,water
106,toll
106,Du
106,Deei
106,6it
106,entrai
106,he
106,seintall
106,daath
106,notonal
106,30016
106,Cen
106,Ahe
106,190k
106,(necv
106,pesone
106,he
106,Di
106,82ini01ee
106,Wones
106,inei
106,320
106,rvan
106,Mesuinguon
106,Alvarve
106,0n0n
106,one
106,he
106,2v /
106,39)
106,6iesa
106,00i0016)
106,"2evie, 8n86an"
106,M86+8 3016
106,88266 /
106,(080
107,6
107,4
107,1s
107,48
107,40
107,32
107,(;
107,05
107,681
107,6
107,05 
107,che
107,1
107,(o
107,Ns
107,ur
107,bi8
107,Y
107,e
107,5
107,ns
107,1s ^
107,0
107,0
107,0
107,foí
107,rhe
107,be
107,5
107,A<
107,rhe
107,1e
107,<o
107,o
107,0
107,he
107,khe
107,09
107,15
107,308
107,be
107,ro
107,o
107,é0'
107,05
107,S5
107,Ahc
107,Ane
107,01 90
107,Ko
107,01
107,"0"""
107,o
107,19
107,ehe
107,5e
107,05
107,05
107,0
107,khe
107,S61
107,Ane
107,61
107,or
107,08v
107,20
107,01
107,1s
107,Ane
107,Ane
107,0
107,55
107,0
107,4
107,A
107,0}
107,Vur
107,en
107,Ane
107,41e
107,3
107,4
107,3
107,Algarve
107,The
107,ned
107,onn
107,Fo
107,EUROPE
107,10
107,Jps
107,4efiy
107,oien
107,Ceniee
107,More
107,nd
107,on
107,bui
107,Ane
107,qualir ~
107,Zavial
107,OCa(
107,s
107,Ao5
107,and
107,Aweil
107,Anae
107,ne
107,Vincent
107,ABiac
107,coasu
107,There<
107,Portugal
107,[220s
107,with
107,{south
107,unr
107,Nerra
107,Carrapatei
107,conspire
107,righthanders
107,Spain
107,'headhien
107,cally _
107,Rocha
107,Snapp/
107,"Uipke,"
107,which
107,around
107,Marlon
107,called
107,"'Shor,"
107,thar
107,"beachbreak ,"
107,peel
107,"""south"
107,swells
107,"spot,"
107,year
107,che
107,rights
107,wave
107,over
107,levant'
107,mix
107,'swell.
107,times
107,corner
107,was
107,Treacherous
107,big
107,intoxicating
107,rideable
107,duration
107,until
107,classic
107,experienced
107,and
107,very
107,estern
107,central
107,influences.
107,explored
107,breaking
107,remuns
107,channel
107,this
107,winds.
107,waves
107,south
107,undeveloped
107,reefs
107,Mediterranean
107,headland
107,start
107,mesh
107,'backpacking
107,and
107,scattered
107,only
107,uncrowded
107,beaches
107,Anear
107,classic
107,and
107,Peninsula
107,undulating
107,region
107,Aljezur
107,side
107,Algarve
107,"small,"
107,begin
107,"naturally,"
107,swells
107,northern
107,beaches
107,other
107,brings
107,visit.
107,surf
107,absinthel
107,open
107,and
107,"good,"
107,Sagres
107,The
107,rocks
107,even
107,Iberian
107,contain
107,about
107,down
107,big
107,summer
107,rulns
107,European
107,gently
107,che
107,Arlantic
107,take
107,and
107,Arom
107,worTY
107,rocks.
107,empty
107,wide
107,doesn' t
107,che
107,(good 
107,surfers
107,Aew
107,Apart
107,doesn'
107,potential
107,leading
107,town
107,5n1)
107,when
107,Cape
107,Beware
107,Sagres -
107,area
107,has
107,With
107,located
107,26111 )
107,some
107,west
107,Flong
107,surfers.
107,(ittle
107,~vibe
107,major
107,side
107,4
107,The
107,(coast
107,lively
107,aucous
107,Massles
107,he =
107,the
107,"fields,"
107,and
107,has
107,heres
107,"breaks,"
107,waves
107,country
107,alhoueh
107,meet.
107,Ihe
107,antage
107,and
107,window
107,hordes
107,bul
107,West
107,well
107,wave
107,AeMona
107,sompled
107,cliffs
107,where
107,"Sc2al,"
107,crowded
107,small
107,(2Sm1)
107,and
107,owns
107,home
107,rocks
107,coasts
107,undeveloped
107,"ocallsm,"
107,une
107,Mazards
107,Ahigh
107,well
107,Services
107,sharp
107,have
107,and
107,Ahe
107,ar
107,OWn
107,Ihen
107,"Vincent,"
107,cove
107,AOkmn
107,more
107,south
107,Lagos
107,outslde
107,here
107,you
107,3
107,oine
107,ts
107,he
107,Sagres
107,rom
107,Clne
107,superb
107,avel
107,tay
107,has
107,(Oeuting
107,(espect
107,About
107,and
107,Ahops
107,"lntted ,"
107,Ioutisi
107,he
107,ocal
107,cholled
107,Fespeclally
107,shelrer
107,Saqres
107,with
107,spoken
107,Sur
107,fiessuie
107,posttion
107,end
107,and
107,Festabllshed
107,Ahe
107,north
107,slowly
107,80in 
107,and <
107,Acrakana
107,chonele
107,Jare
107,72iains
107,Yange
107,widely
107,0ie
107,Kood
107,18842
107,polmtbreake
107,uropel
107,8ponl
107,here
107,Low
107,month
107,hoose
107,abalnhel
107,oi
107,Allantic
107,'Minineis
107,he
107,Well
107,Memieionean
107,wuth
107,Chad
107,0vei0ne
107,notonal
107,Oniomgh
107,Mevei
107,Waiei
107,nottsh
107,0e
107,Deei
107,Mints
107,Enifai
107,ainfan
107,Mgath
107,30970n
107,10n
107,nouonal
107,0o9k
107,(necv
107,pesone
107,he
107,Di
107,82i002707ne 
107,Mandy
107,hohese
107,inei
107,320
107,Aovino
107,06a
107,equnouon
107,6n0n
107,Alvarve
107,one
107,2ni /
107,ne
107,26 /
107,)
107,e
107,"02410016,"
107,"8evie, 8n14an"
107,726i
108,^ 0
108,6
108,3
108,08
108,298
108,Nne
108,40
108,88
108,2
108,che   0f
108,6811
108,0
108,05
108,1
108,<
108,ur
108,55
108,e
108,s
108,16 9
108,05
108,0
108,0
108,fo'
108,be
108,4
108,Y
108,h<
108,19
108,<o
108,o
108,45
108,0
108,rne
108,29
108,15
108,be
108,o
108,o
108,05
108,Ahc
108,ahe
108,01 9o
108,Ko
108,55'
108,rhe
108,"0"""
108,"0"""
108,o
108,'9
108,che
108,3
108,0
108,0
108,(
108,Ane
108,he
108,402
108,6
108,2
108,4
108,1
108,45
108,K
108,Ane
108,A
108,0}
108,51
108,1
108,Aw
108,41
108,4
108,a
108,A
108,GN
108,3
108,3
108,Algarve
108,The
108,Fnv
108,EUROPE
108,Ereiiy
108,quahv
108,on
108,n
108,but
108,ene
108,quahiny
108,Zavial
108,Ocar
108,{ocks
108,Aod 
108,Aweii
108,"Anas ,"
108,Vincent
108,(Black
108,coacu
108,There <
108,OrtugAl
108,with _
108,[220 
108,south
108,Nerra
108,Fuio
108,Carrapateta
108,conspire
108,righthanders 
108,Spain
108,'headhien
108,rcally
108,Rocha
108,"snappy,"
108,"Gpke,"
108,which
108,around
108,Marlon
108,called
108,'Shorts
108,thar
108,"beachbreak,"
108,swells
108,"""south"
108,peel
108,"spot,"
108,yeaz
108,rights
108,the
108,wave
108,'levant'
108,over
108,mix
108,swell.
108,times
108,corner
108,was
108,Treacherous
108,'cs
108,big
108,big
108,intoxicating
108,rideable
108,duration
108,until
108,experienced
108,classic
108,and
108,very
108,restern
108,central
108,influences.
108,breaking
108,explored
108,remauins
108,channel
108,this
108,winds.
108,waves
108,south
108,undeveloped
108, 4s
108,reefs
108,anean
108,headland
108,start
108,mesh
108,backpacking
108,and
108,only
108,scattered
108,uncrowded
108,the
108,near
108,beaches.
108,classic
108,and
108,Mediterr
108,Peninsula
108,undulating
108,Aljezur
108,region
108,sude
108,Algarve
108,"small,"
108,begin
108,naturally;
108,swells
108,northern
108,the
108,brings
108,beaches
108,other
108,visit.
108,absinthel
108,and
108,surf
108,open
108,and
108,"good,"
108,Sagres
108,The
108,rocks
108,even
108,Iberian
108,contain
108,about
108,big
108,summner
108,down
108,ruins
108,gently
108,European
108,Arlantic
108,take
108,and
108,Afrom
108,worTY
108,for
108,rocks.
108,empty
108,wide
108,doesn t
108,Athe
108,good
108,surfers
108,Aew
108,doesn t
108,Apart
108,potential
108,leading
108,town
108,511 )
108,when
108,Cape
108,Beware
108,'Sagres =
108,area
108,has
108,with
108,located
108,16111 )
108,some
108,west
108,long
108,surters
108,(nttle
108,vibe
108,major
108,"""side"
108,The
108,coast
108,lively
108,Taucous
108,Massles
108,"fields,"
108,and
108,LSfc)
108,has
108,here s
108,waves
108,the
108,"breaks,"
108,country
108,alnoueh
108,meet.
108,advantage
108,and =
108,he
108,window
108,hondes
108,~but
108, s
108,West
108,well
108,Wave
108,Auutana
108,sampled
108,cliffs
108,where
108,"Su2al,"
108,(crowded
108,small
108,(2Sm1)
108,and
108,owns
108,home
108,rocks
108,ot
108,coasts
108,undeveloped
108,"ocallsnn,"
108,The
108,Mazards
108,high
108,swell
108,Services
108,Ahe
108,sharp
108,~have
108,and
108,01
108,own
108,helr
108,"Vincent,"
108,cove
108,Aokin
108,more
108,south
108,outslde
108,Lagos
108,here
108,You
108,omne
108,he
108,Sagres
108,nc
108,superb
108,aron
108,ravel
108,stay
108,Kespect
108,haa
108,Oettino
108,About
108,Ioutisi
108,and
108,Uhe
108,shops
108,"Ilntted ,"
108,Ihe
108,ocals
108,Fespeclally 
108,chilled
108,Sagres
108,sheler
108,with
108,spoken
108,Piessuie
108,801/
108,end
108,p0stion
108,Festablished
108,and
108,norch
108,slowly
108,00i
108,0nale
108,"Aerfana ,"
108,7ei0ins
108,ange
108,widely
108,ave
108,Kood
108,08848
108,polmbreaks
108,wropel
108,here
108,8por
108,Low
108,nonth
108,hooee
108,belohe |
108,40i
108,Allanti
108,00nne7s
108,he
108,Memneitonean
108,Well
108,netonal
108,wath
108,Chad
108,averade
108,ntomgh
108,Mevei
108,Enotish
108,water
108,0e
108,Dui
108,Deei
108,Ming
108,De
108,entrai
108,Ahe
108,faintatt
108,dcath
108,nouonel
108,300es
108,Gen
108,Aho
108,09
108,(neev
108,Despie
108,he
108,DMi
108,886n2601new
108,Mandy
108,80
108,hohese
108,01nei
108,32pv
108,0na
108,Aeivinio
108,42btinguion
108,inon
108,Aluarva
108,Aone
108,2119 /
108,1620008
108,ne
108,706/
108,)
108,hea
108,{60i0in
108,Mannaeoan
108,ephocnioans
108,"(0f"""
109,C
109,6r
109,4y
109,0
109,40
109,8
109,(;
109,0
109,681
109,0
109,05
109,Ahe
109,1;
109,1o
109,be
109,'0s
109,Ur
109,b18
109,I
109,e
109,15
109,s
109,1s a
109,01
109,0
109,0
109,foí
109,{he
109,be
109,4
109,C
109,he
109,o
109,o
109,5
109,6
109,Ane
109,09
109,15
109,oe
109,<o
109,o
109,6o
109,98
109,ko<
109,05
109,S1'
109,he
109,5
109,0
109,Sew 0
109,o
109,1
109,99
109,5
109,05
109,05
109,(
109,Ane
109,Aheahe
109,Ahe
109,81
109,or
109,01
109,4s
109,Ane
109,A
109,21
109,51
109,0
109,on
109,Aw
109,A
109,3
109,Algarve
109,The
109,Fa
109,EUROPE
109,10
109,s
109,oen
109,Mofe
109,ind
109,toun
109,in
109,but
109,Ane
109,qualny
109,aval
109,Focks
109,nca(
109,Roa
109,and
109,swcii
109,Ahae
109,ine
109,(Black
109,Vincent
109,coacu
109,There <
109,RtugAL
109,[220 
109,with
109,south
109,nrs
109,Nerra
109,conspire
109,Carrapater
109,righthanders
109,Spain
109,'headhiens
109,rcally _
109,Rocha
109,Ksnapp
109,Upker
109,which
109,around
109,Marlon
109,called
109,Win
109,'Shorts
109,thar
109,"beachbreak,"
109,south
109,peel
109,swells
109,"spot,"
109,year
109,the
109,rights
109,wave
109,'levane'
109,over
109,MiX
109,swell.
109,(times
109,corner
109,was
109,Treacherous
109,intoxicating
109,rideable
109,duration
109,until
109,classic
109,experienced
109,and
109,very
109,restern
109,central
109,influences.
109,breaking
109,explored
109,remauins
109,channel
109,this
109,winds.
109,waves
109,south
109,undeveloped
109,reefs
109,Mediterranean
109,headland
109,start
109,mesh
109,backpacking
109,and
109,only
109,scattered
109,uncrowded
109,beaches.
109,Anear
109,and
109,classic
109,Peninsula
109,undulating
109,Aljezur
109,region
109,side
109,Algarve
109,"small,"
109,begin
109,"naturally,"
109,swells
109,32
109,northern
109,brings
109,che
109,beaches
109,other
109,'visit.
109,and
109,surf
109,absinthel
109,open
109,Sagres
109,and
109,"good,"
109,The
109,rocks
109,even
109,about
109,Iberian
109,contain
109,summer
109,down
109,big
109,ruins
109,gently
109,European
109,the
109,Arlanuic
109,the
109,take
109,7
109,Afrom
109,worrY
109,rocks.
109,empty
109,wide
109,Ahe
109,(good
109,surfers
109,doesn'
109,on
109,Apart
109,porential
109,leading
109,town
109,5n1)
109,Cape
109,when
109,doesn'
109,Deware
109,'Sagres =
109,area
109,has
109,the
109,",61)"
109,with
109,located
109,some
109,west
109,long
109,surfers.
109,(hittle
109,vibe
109,major
109,side
109,coast
109,Jively
109,aucous
109,Massles
109,"fields,"
109,and
109,LSfc)
109,has
109,Ahere's
109,"breaks,"
109,Waves
109,alnouen
109,countrye
109,meet.
109,Fand =
109,he
109,antage
109,the
109,window
109,hordes
109,but
109,2st
109,West
109,well
109,wave
109,Amlana
109,Sampled
109,cliffs
109,where
109,Porruzal
109,(crowded
109,small
109,(2Sm1)
109,and
109,owns
109,home
109,ocks
109,coasts
109,undeveloped
109,"ocallsm,"
109,advs
109,ne
109,Mazards
109,Chigh
109,swell
109,sharp
109,Chave
109,and
109,Services
109,Uhe
109,01
109,own
109,hen
109,"Vincent,"
109,cove
109,Aokmn
109,B2h-
109,mnoro
109,south
109,Lagos
109,outslde
109,here
109,you
109,Roine
109,[0re8es
109,he
109,Sagres
109,2slne
109,fron
109,superb
109,Iavel
109,Stay
109,ha *
109,(Oetting
109,Mespect
109,About
109,and
109,Ihe
109,Shops
109,"Ilnlted ,"
109,Ioufisi
109,Ahe
109,ocals
109,especlally
109,chulled
109,sheher
109,Sanies
109,with
109,spoken
109,801
109,Fiessu7e
109,"posmion,"
109,end
109,egtablished
109,and
109,Ahg
109,north
109,slowly
109,010i
109,and
109,Aerakana
109,2nale
109,72i8i
109,are
109,onoe
109,~wIdely
109,01e
109,Kood
109,88408
109,polubreake
109,Furopel
109,Sporv
109,here
109,Aow
109,nonth
109,Chooe
109,Gdsinthe)
109,or
109,Allanti
109,20nn/nees
109,he
109,0neon
109,Well
109,otonal
109,acha
109,Shad
109,averaue
109,iniomgh
109,Mevei
109,Cnolish
109,Water
109,ar
109,06
109,Dee
109,Mint
109,e
109,Metnei
109,2n110i
109,he
109,ainfell
109,0066a1620
109,gath
109,30016
109,(an
109,ouonal
109,060k
109,(necv
109,Deone
109,he
109,D
109,6260e70ne 
109,Manoy
109,hohesu
109,41nei
109,3201
109,tiving
109,06
109,gouinauon
109,hon
109,Alvanva
109,76n
109,8ie
109,2ni  /8
109,"06,60"
109,3n
109,1mne
109,72n/ 
109,Aeclieee
109,096n
109,666i0ine
109,ne
109,Novuaons
109,Gevlovetioins
109,126i
109,e4
109,ntohohte
109,One
109,ave
110,C
110,6
110,G
110,s
110,Ane
110,40
110,88
110,2
110,0f che
110,09che
110,1
110,0
110,<o
110,ACs
110,ur
110,N
110,e
110,5
110,s
110,0
110,0
110,01
110,s
110,~be
110,V<
110,1s jhe
110,o
110,o
110,5
110,01
110,Ane
110,29
110,5
110,ipe
110,O
110,1o
110,ko<
110,05
110,S5'
110,rhe
110,Ahc
110,Ane
110,01 no
110,O
110,01
110,"0"""
110,1o
110,42
110,A
110,05
110,01
110,0
110,Ahe
110,o
110,Ahe
110,01
110,Yor
110,8
110,01
110,15
110,K
110,Ane
110,81
110,1
110,5
110,0y
110,av
110,Ane
110,Aon
110,7
110,Aw
110,3
110,4
110,Algarve
110,The
110,Frav
110,EURopE
110,10
110,4eefiy
110,nten
110,centre
110,More
110,ovn
110,but
110,ene
110,qualiry
110,aval
110,ncar
110,focks
110,Roa
110,Kand
110,Sweii
110,Ana/
110,Vinceni
110,(Black
110,There <
110,coacu
110,PortugaL
110,with
110,[22os
110,south
110,Fufte
110,Nees?
110,Carrapateta
110,conspire
110,Spain
110,righthanders .
110,'headhien.
110,really _
110,Rocha
110,Snapp/
110,"Lipke,"
110,which
110,around
110,Marlon
110,called
110,"'Short,"
110,rhar
110,"beachbreak ,"
110,south
110,peel
110,swells
110,"spot,"
110,76-8ft /
110,yeaz
110,rights
110,wave
110,'levane'
110,over
110,mix
110,"swell ,"
110,(times
110,corner
110,was
110,Treacherous
110,big7
110,intoxicating
110,big
110,rideable
110,duration
110,until
110,classic
110,experienced
110,and
110,very
110,restern
110,central
110,influences.
110,explored
110,breaking
110,remauins
110,channel
110,this
110,winds.
110,waves
110,south
110,an
110,undeveloped
110,for
110,04
110,reefs
110,Mediterranean
110,headland
110,start
110,mesh
110,the
110,and
110,backpacking
110,only
110,scattered
110,uncrowded
110,o
110,beaches
110,~near
110,classic
110,and
110,Peninsula
110,undulating
110,region
110,Aljezur
110,side
110,Algarve
110,"small,"
110,begin
110,"naturally,"
110,swells
110,8
110,northern
110,"""the"
110,beaches
110,other
110,brings
110,visit.
110,and
110,surf
110,Fabsinthel
110,open
110,and
110,"good,"
110,Sagres
110,The
110,rocks
110,even
110,Iberian
110,contain
110,about
110,down
110,big
110,summer
110,ruins
110,European
110,gently
110,the
110,Arlantic
110,take
110,and
110,Arom
110,worTY
110,rocks.
110,empty
110,wide
110,doesn €
110,surfers
110,qood
110,Aew
110,Apart
110,doesn +
110,potential
110,leading
110,town
110,511 )
110,Cape
110,when
110,Deware
110,Sagres -
110,arca 
110,Chas
110,located
110,the
110,5611 )
110,with
110,some
110,west
110,long
110,surfers.
110,Alttle
110,vlbe
110,major
110,side
110,The
110,coast
110,Jively
110,10ucous
110,Massles
110,Hthe
110,"fields,"
110,and
110,1Sfc
110,has
110,"there"""
110,"breaks,"
110,waves
110,alhough
110,countrye
110,mect.
110,he
110,advantage
110,and
110,Ahe
110,window
110,hondes
110,~but
110,las:
110,West
110,well
110,wave
110,AuMlana
110,Sampled
110,cliffs
110,where
110,"Portuzal,"
110,(crowded
110,small
110,and
110,Howns
110,(2Sm1)
110,home
110,rocks
110,coasts
110,undeveloped
110,"locallsm,"
110,one
110,Mazards
110,high
110,swell
110,Asharp
110,have
110,and
110,Services
110,Ahe
110,01
110,OWI
110,Ihen
110,"Vincent,"
110,cove
110,Aokm
110,more
110,south
110,Logos
110,outslde
110,Ahere
110,you
110,omne
110,0fes
110,01
110,he
110,Sapres
110,lne
110,from
110,superb
110,Iavel
110,stay
110,he
110,(Oetting
110,(espect
110,About
110,and
110,Uhe
110,shops
110,"Ilntted ,"
110,oucist
110,he
110,ocala
110,especlally
110,chilled
110,sheher
110,Sagtes
110,00?
110,Wiln
110,spoken
110,ur/ 
110,Foessuie
110,end
110,postion
110,Festablished
110,Fana
110,Ahe
110,north
110,slowly
110,oi
110,and
110,Aerakana
110,ehhone tes
110,7enain
110,are
110,Tanae
110,wIdely
110,701e
110,Kood
110,028499
110,polmbreake
110,Furopel
110,sport
110,here
110,Low
110,nonth
110,hoose
110,Gbsinthe)
110,on
110,Allanti
110,30n6nees
110,he
110,Memneitongan
110,Well
110,otonal
110,wuh
110,hae
110,averaue
110,throngh
110,Meve
110,ater
110,Enotish
110,ver
110,Dni
110,Dee
110,8inu
110,aintan
110,0061a0n
110,daeth
110,2n1i
110,3001en
110,Gan
110,nouonal
110,Ahe
110,16k
110,(0ecv
110,Deone
110,he
110,D6
110,8n0270ine 
110,hohese
110,1nei
110,32pl
110,Aoivino
110,estinguon
110,hon
110,Alvanva
110,one
110,2n}  /8
110,036600
110,06/
110,Aeclles
110,66n0ine
110,ne
110,Meaatonns
110,eevloavenoans
110,31i
110,e
110,ave
111,0S
111,4
111,6
111,e
111,04
111,40
111,32
111,1;
111,9f jhe
111,05
111,1
111,0
111,(o
111,90s
111,Ur
111,5
111,e
111,s
111,e
111,29
111,05
111,05
111,0
111,s
111,be
111,KC
111,Ahc
111,15
111,ro
111,(0
111,95
111,01
111,Ahe
111,0n
111,15
111,Ipe
111,Ko
111,co
111,koí
111,05
111,55'
111,Ko
111,O1
111,"0"""
111,o
111,42
111,Ahe
111,45
111,65
111,o5
111,C
111,Ane
111,Ane
111,Nne
111,0
111,or
111,Ane
111,3
111,6
111,5
111,Ao
111,ne
111,5
111,1
111,(ne
111,81
111,6
111,a
111,0}
111,65
111,Ane
111,8
111,3
111,Ae
111,Algarve
111,The
111,Fna
111,EURopE
111,10
111,n
111,Cente
111,Jofe
111,ovin
111,but
111,ne
111,Zavial
111,quahiy
111,ncar
111,Hand
111,Aoa
111,Sweii
111,Vincent
111,(Black
111,coacu
111,There <
111,OrtugaL
111,with
111,~[2205 
111,south
111,Nccra
111,fune
111,Carrapatev
111,conspire
111,SpAiN
111,righthanders.
111,headhien .
111,rcally _
111,Rocha
111,Snapp
111,Uoher
111,which
111,around
111,Marlon
111,called
111,"'Short,"
111,thar
111,"beachbreak ,"
111,(south 
111,peel
111,swells
111,"spot,"
111,76-8ft /
111,yeaz
111,rights
111,the
111,wave
111,over
111,levant'
111,mix
111,swell.
111,(times
111,corner
111,was
111,Treacherous
111,big
111,intoxicating
111,bie
111,rideable
111,duration
111,until
111,classic
111,experienced
111,and
111,very
111,restern
111,central
111,influences.
111,breaking
111,explored
111,remains
111,channel
111,this
111,winds .
111,waves
111,south
111,undeveloped
111,for
111,reefs
111,anean
111,headland
111,start
111,mesh
111,and
111,only
111,'backpacking
111,scattered
111,ded
111,the
111,beaches .
111,Anear
111,classic
111,and
111,Mediterrs
111,Peninsula
111,uncrowe
111,region
111,undulating
111,Aljezur
111,side
111,Algarve
111,"small,"
111,begin
111,naturally;
111,swells
111,308
111,northern
111,the
111,~brings
111,beaches
111,other
111,visit.
111,absinthel
111,and
111,surf
111,open
111,Sagres
111,and
111,"good,"
111,The
111,even
111,rocks
111,contain
111,Iberian
111,about
111,big
111,summer
111,down
111,ruins
111,gently
111,European
111,the
111,the
111,Arlantic
111,take
111,and
111,Afrom
111,rocks.
111,worY
111,empty
111,wide
111,the
111,doesn '
111,Ahe
111,good
111,surfers
111,Aew
111,doesn t
111,leading
111,Apart
111,potential
111,town
111,5n1)
111,when
111,Cape
111,Moware
111,has
111,Sagres =
111,@rea
111,with
111,located
111,36111 )
111,west
111,some
111,surfers
111,lttle
111,long
111,~vibe
111,major
111,side
111,The
111,coast
111,Jively
111,Taucous
111,Massles
111,fields;
111,and
111,has
111,here
111,LSfc
111,waves 
111,the
111,breaks.
111,country
111,meet.
111,alhough
111,the
111,antage
111,and =
111,ast
111,window
111,hordes
111,but
111,West
111,well
111,Wave
111,Aurhana
111,sampled
111,where
111,cliffs
111,"Poruzal,"
111,small
111,and
111,owns
111,crowded
111,(2Sm1)
111,Chome
111,rocks
111,coasts
111,undeveloped
111,"ocallsm,"
111,adv
111,Ine
111,Mazards
111,hgh
111,swell
111,Services
111,shaip
111,have
111,and
111,OWn
111,Fare
111,helr
111,"Vincent,"
111,cove
111,Aokin
111,Mor
111,south
111,Logos
111,outslde
111,here
111,you
111,Gomne
111,he
111,5
111,Sagres
111,from
111,ane
111,superb
111,Iavel
111,stay
111,hes
111,Mespect
111,About
111,Oetting
111,and
111,Uhe
111,Iomtisi
111,shops
111,Inited
111,the
111,locale
111,cholled
111,Fespeclally
111,Sagres
111,002
111,sheler
111,With
111,spoken
111,fiessute
111,861|
111,end
111,poshlon
111,and
111,estoblished
111,north
111,slowly
111,oi
111,Arakana
111,chonale
111,and
111,2iains
111,ange
111,01e
111,widely
111,Kood
111,ee4ne
111,pohobreako
111,uropel
111,poel
111,here
111,Low
111,0hoose
111,abslouhet
111,nonth
111,101
111,Atanti
111,Minees
111,he
111,Well
111,0ne0n
111,had
111,averaue
111,natonal
111,hronoh
111,Mevei
111,Water
111,Cnolish
111,Ioll
111,0e
111,bug
111,Dee
111,ointe
111,Metiene
111,he
111,nfan
111,00671n6in
111,daath
111,nouonal
111,2n1
111,09s
111,1n
111,Dk
111,(necv
111,0espie
111,he
111,Dui
111,21627071e9
111,Manuy
111,Mones
111,041nei
111,320
111,oivino
111,0na
111,Iestinouon
111,hon
111,Alvarva
111,one
111,21/9 /8
111,0n
111,he
111,01
111,Aeclies
111,66ni0in
111,hae
111,Mouatons
111,"8avie, ,niean"
111,7414
111,v1ov (
111,ave
112,6
112,6
112,0
112,07
112,40
112,88
112,2
112,che   o1
112,6817
112,6
112,05
112,1
112,<o
112,Nrs
112,ur
112,K<
112,3e
112,e
112,s
112,20
112,05
112,05
112,0
112,s
112,be
112,~
112,I
112,Ahe
112,rhe
112,o
112,0
112,15
112,10
112,45
112,khe
112,49
112,15
112,be
112,ro
112,1
112,05
112,Ahe
112,0' 9o
112,O
112,S5
112,Ahe
112,01
112,"0"""
112,1o
112,99
112,7e
112,05
112,01
112,C
112,ane
112,Ahe
112,Ahe
112,rne
112,01
112,Yor
112,161
112,4s
112,1
112,01
112,0
112,Ane
112,Ao
112,"10"""
112,3
112,Algarve
112,The
112,Fna
112,EUROPE
112,10
112,(8p
112,Ceotee
112,ofe
112,in
112,insi
112,n
112,Zavial
112,qualiny
112,ncar
112,focks
112,Rod
112,and
112,swev
112,Vincent
112,ine
112,ABlacz
112,There <
112,coaci
112,RTUGAL
112,"with ,"
112,[z2os
112,south
112,Necra
112,u
112,SpaiN
112,Carrapatev
112,conspire
112,righthanders .
112,headhien.
112,"rcally ,"
112,Rocha
112,snaps
112,uoher
112,which
112,around
112,Marlon
112,called
112,'Short
112,thar
112,"(beachbreak,"
112,peel
112,south
112,swells
112,"spot,"
112,yeaz
112,rights
112,wave
112,the
112,over
112,levant'
112,mix
112,swell.
112,times
112,corner
112,was
112,Treacherous
112,big
112,intoxicating
112,big
112,rideable
112,{duration
112,until
112,classic
112,experienced
112,and
112,very
112,restern
112,central
112,influences.
112,breaking
112,explored
112,remuins
112,channel
112,this
112,winds.
112,aves
112,south
112,undeveloped
112,for
112,reefs
112,Mediterranean
112,headland
112,start
112,mesh
112,backpacking
112,and
112,only
112,scattered
112,ded
112,beaches.
112,Anear
112,classic
112,7
112,Peninsula
112,uncrowe
112,undulating
112,region
112,Aljezur
112,side
112,Algarve
112,"small,"
112,Athe
112,begin
112,"naturally,"
112,swells
112,722075
112,northern
112,beaches
112,other
112,brings
112,vlsit.
112,and
112,surf
112,absinthe!
112,open
112,and
112,"good,"
112,Sagres
112,The
112,rocks
112,even
112,Iberian
112,contain
112,about
112,down
112,big
112,summer
112,ruins  
112,European
112,gently
112,the
112,Arlantic
112,and
112,take
112,Arom
112,wOITY
112,for
112,rocks.
112,empty
112,wide
112,doesn €
112,Ahe
112,qood
112,surfers
112,Aew
112,doesn t
112,potential
112,leading
112,Apart
112,town
112,5511 )
112,when
112,Cape
112,Heware
112,Sagres -
112,area
112,Chas
112,the
112,with
112,located
112,1611 )
112,(some
112,west
112,long
112,surfers.
112,lttle
112,vibe
112,major
112,side
112,The
112,Coost
112,Jively
112,Foucous
112,Massles
112,"fields,"
112,and
112,1Sfc
112,has
112,Aheres
112,breaks.
112,waves
112,country
112,although
112,rhe
112,meet.
112,advantage
112,and
112,window
112,hordes
112,bul
112,las:
112,West
112,well
112,wave
112,Arrhana
112,sampled
112,cliffs
112,where
112,"Porruzal,"
112,small
112,crowded
112,and
112,owns
112,(2Sm1)
112,home
112,rocks
112,coasts
112,undeveloped
112,"ocallsm,"
112,ihe
112,Mazards
112,high
112,swell
112,Services
112,sharp
112,have
112,and
112,Ahe
112,0
112,OWI
112,Chelr
112,"Vincent,"
112,cove
112,Aokmn
112,Bzh-
112,Amore
112,south
112,outslde
112,Lagos
112,here
112,You
112,somne
112,Ahe
112,[0*eses
112,he
112,Sagres
112,coaslne
112,aron
112,superb
112,Iavel
112,stay
112,he *
112,(Qetting
112,Kespect
112,About
112,and
112,The
112,Shops
112,"Ilntted ,"
112,tounsi
112,the
112,ocals
112,especlally
112,cholled
112,sheher
112,Saqies
112,with
112,spoken
112,801/
112,fiessuie
112,end
112,p0stion
112,estoblished
112,and
112,north
112,slowly
112,80in
112,ana
112,"Aerfana,"
112,cltnale
112,8enain
112,Ore
112,ange
112,wIdely
112,ave
112,Kood
112,78e
112,votbrcake
112,uropel
112,sport
112,here
112,Low
112,nonth
112,hooe
112,Gbsinhei
112,0i
112,Allantie
112,0180
112,0nne7s
112,he
112,Memmertoneon
112,Well
112,otonal
112,ach
112,Chad
112,Faveraue
112,niomgh
112,nevei
112,Snotish
112,Water
112,ver
112,D6i
112,Iotl
112,Dee
112,Aiote
112,e
112,he
112,oinfant
112,606an6
112,Acath
112,nouonel
112,2n17
112,20nien
112,Ahe
112,160k
112,0ne2v
112,eenne
112,he
112,Di
112,Manoy
112,07ey
112,hohest
112,0410ne
112,321
112,mtivinu
112,000
112,086e
112,eotinouion
112,hon
112,Aluarva
112,62ine
112,onve
112,"2n"" / "
112,062690n
112,0neo
112,he
112,09
112,Necliese
112,(6n0ine
112,n
112,"02910016n,"
112,040lea 21ean
112,M1ens 211
112,686 /
112,2601
112,ave
113,C
113,^ 0
113,6s
113,8e
113,3
113,108
113,0
113,40
113,88
113,2
113,0
113,681 
113,0
113,0
113,12;
113,K0
113,ACs
113,0r
113,bi8
113,I
113,3e
113,45
113,15
113,1s ^
113,05
113,0
113,0
113,fo<
113,be
113,<
113,Ahe
113,1s
113,ro
113,o
113,4
113,0
113,khe
113,0n
113,15
113,be
113,Ko
113,1o
113,0
113,ahe
113,01 no
113,O
113,55'
113,O1
113,"O"""
113,o
113,15
113,Ahe
113,A
113,0
113,65
113,Ane
113,Ane
113,Ane
113,or
113,01
113,115
113,Ane
113,Nne
113,Ao
113,51
113,0
113,51
113,6
113,A1
113,e
113,Aen
113,38
113,Ane
113,3
113,Algarve
113,The
113,Fra
113,EUROPE
113,8r
113,Centee
113,on
113,Zavial
113,qualn
113,ncaf
113,"and ,"
113,Rod
113,sweii
113,ne
113,Vincent
113,ABlace
113,There <
113,Coase
113,Portugal
113,with
113,Lz2os
113,south
113,Necra
113,5ue
113,Spain
113,Carrapater
113,conspire
113,righthanders .
113,headhien-
113,rcally 
113,Rocha
113,Upker
113,snapz
113,which
113,around
113,"Marlon,"
113,called
113,'Shorts
113,shar
113,"beachbreak ,"
113,peel
113,south
113,swells
113,"spot,"
113,che
113,yeaz
113,rights
113,wave
113,the
113,over
113,levant'
113,mix
113,swell.
113,Ktimes
113,corner
113,was
113,Treacherous
113,big
113,intoxicating
113,rideable
113,until
113,duration
113,classic
113,experienced
113,and
113,very
113,restern
113,central
113,influences.
113,breaking
113,explored
113,remains
113,channel
113,this
113,winds.
113,waves
113,south
113,undeveloped
113,72222s
113,reefs
113,Mediterranean
113,headland
113,start
113,mesh
113,and
113,only
113,backpacking
113,721223
113,scattered
113,ded
113,the
113,beaches.
113,~near
113,classic
113,and
113,Peninsula
113,uncrowe
113,region
113,undulating
113,side
113,Aljezur
113,Algarve
113,"small,"
113,begin
113,Athe
113,"naturally,"
113,swells
113,0
113,northern
113,brings
113,beaches
113,other
113,visit.
113,absinthel
113,Fand
113,surf
113,open
113,and
113,Sagres
113,"good,"
113,The
113,rocks
113,Iberian
113,contain
113,even
113,about
113,down
113,big
113,summer
113,ruins
113,European
113,gently
113,Arlantic
113,the
113,and
113,take
113,Afrom
113,for
113,rocks.
113,WOITY
113,empty
113,wide
113,the
113,doesn'u
113,Athe
113,(good
113,surfers
113,Aew
113,doesn t
113,leading
113,Apart
113,potential
113,town
113,5n1)
113,when
113,Cape
113,Beware
113,Chas
113,Sagres
113,ored
113,with
113,locared
113,6111 )
113,some
113,long
113,west
113,surfers.
113,lttle
113,major
113,~vibe
113,side
113,The
113,coast
113,Jively
113,10ucous
113,Massles
113,"fields,"
113,and
113,has
113,there s
113,LSfc)
113,the
113,breaks.
113,waves
113,although
113,country
113,mneet.
113,the
113,advantage
113,hordes
113,and
113,ast
113,window
113,but
113,West
113,well
113,ve
113,AurMtana
113,cliffs
113,where
113,Sampled
113,"Porrugal,"
113,small
113,and
113,owns
113,crowded
113,(251n1)
113,home
113,rocks
113,coasts
113,"locallsm,"
113,undeveloped
113,Ine
113,Mazards
113,hieh
113,swell
113,and
113,Services
113,Ahe
113,shaip
113,have
113,OWn
113,helr
113,Fare
113,"Vincent,"
113,cove
113,AOkin
113,Bzn.
113,nore
113,south
113,Logos
113,outslde
113,here
113,you
113,somne
113,{0res s
113,Sapres
113,coaslne
113,fromn
113,superb
113,hravel
113,stay
113,has
113,gettina
113,(espect
113,About
113,and
113,Uhe
113,ouciet
113,Shops
113,"~Ilnlted ,"
113,he
113,Hocala
113,Fespeclally
113,chllled
113,sheher
113,Santes
113,Wilh
113,spoken
113,iessuie
113,end
113,sur
113,poshlon
113,and
113,Festablished
113,norch
113,slowly
113,Wom
113,"Aertfana ,"
113,ehhonete
113,72iaing
113,ond
113,ange
113,01e
113,widely
113,Kood
113,eee ene
113,volnbreake
113,uropey
113,sport
113,here
113,Low
113,Chooe
113,Gbsinhel
113,kon
113,noneh
113,Atlantie
113,Minnefs
113,well
113,Memiieianean
113,wnth
113,had
113,averene
113,netlonal
113,Ahrouoh
113,Meve
113,Water
113,Anguish
113,er
113,Dal
113,0e
113,Cinte
113,he
113,ointenl
113,006n6an
113,Maoth
113,72n17
113,349106
113,(n
113,00uion0i
113,Ahe
113,1k
113,(ecv
113,Despne
113,he
113,Dui
113,8102707ies
113,Manay
113,301
113,hohesu
113,(1nei
113,320
113,tivino
113,07
113,09861ei
113,esunguon
113,Ahan
113,Aluarve
113,014
113,Mie
113,2n}  / 
113,00
113,300ei
113,Neccler
113,(6ne0ine
113,nes
113,8aviean 8nitat
113,V16i6 81ni
113,Ane
113,7360 /
113,eve
114,^ 0
114,8
114,6
114,168
114,1ae
114,G
114,Ane
114,40
114,88
114,1
114,05
114,05
114,1
114,8<
114,K0
114,bi8
114,'0s
114,Ur
114,b10
114,5
114,5
114,5
114,"0"""
114,05
114,05
114,o
114,s
114,be
114,K
114,rhe
114,"""1s che"
114,ro
114,10
114,0
114,15
114,09
114,5
114,be
114,ro
114,1o
114,0
114,Ah€
114,Ahc
114,Ane
114,01 n0
114,o
114,S5'
114,01
114,"0"""
114,o
114,19
114,3
114,0
114,01
114,0
114,C
114,ne
114,Ahe
114,Dul
114,Ne
114,0
114,ae
114,01
114,45
114,Ane
114,55
114,1
114,e
114,3
114,Algarve
114,The
114,EUROPE
114,Fsa
114,Werefly
114,quan
114,ton
114,an
114,but
114,qualioy
114,Zavial
114,ncaf
114,Trke
114,"Ror ,"
114,and
114,Sweli
114,Vinceni
114,(Blace
114,coacu
114,There< €
114,ORTUGAL
114,Lazus
114,ih
114,south
114,Ncesa
114,SpaiN
114,Carrapatev
114,{conspire
114,righthanders .
114,headhien-
114,rcally _
114,Rocha
114,"Upke,"
114,snap
114,which
114,around
114,Marlon
114,called
114,"'Short,"
114,Athar
114,"beachbreak ,"
114,peel
114,swells
114,"""south"
114,"spot,"
114,che
114,76-8ft /
114,yeaz
114,rights
114,the
114,wave
114,over
114,'levanr'
114,mix
114,swell.
114,times
114,corner
114,was
114,Treacherous
114,intoxicating
114,rideable
114,until
114,(duration
114,Khe
114,classic
114,experienced
114,and
114,very
114,restern
114,central
114,influences.
114,breaking
114,explored
114,remains
114,channel
114,this
114,winds.
114,waves
114,south
114,undeveloped
114,for
114,222205
114,reefs
114,Mediterranean
114,headland
114,start
114,mesh
114,and
114,only
114,'backpacking
114,7212523
114,scattered
114,ded
114,beaches .
114,near
114,O
114,classic
114,and
114,Peninsula
114,uncrowe
114,region
114,undulating
114,side
114,Aljezur
114,Algarve
114,"small,"
114,begin
114,Athe
114,"naturally,"
114,swells
114,803
114,northern
114,the
114,beaches
114,brings
114,other
114,visit.
114,absinthel
114,and
114,surf
114,open
114,Sagres
114,and
114,"good,"
114,6
114,The
114,even
114,rocks
114,Iberian
114,contain
114,about
114,down
114,big
114,sumnmner
114,ruins
114,European
114,gently
114,Arlantic
114,and
114,take
114,Afrom
114,for
114,rocks.
114,worTY
114,empty
114,wide
114,doesn 't
114,the
114,(qood
114,surfers
114,few
114,doesn t
114,porential
114,leading
114,Apart
114,town
114,511)
114,when
114,Cape
114,Hewore
114,Sagres '
114,orea
114,the
114,Chas
114,with
114,located
114,26111 )
114,some
114,west
114,long
114,surfers.
114,lutle
114,major
114,vibe
114,side
114,The
114,Kcoast
114,Jively
114,Taucous
114,Massles
114,the
114,"fields,"
114,and
114,LSfc
114,has
114,Ahere's
114,country
114,breaks.
114,waves
114,although
114,the
114,meet.
114,advantage
114,and
114,window
114,hordes
114,last
114,West
114,well
114,wave
114,AurMtana
114,cliffs
114,where
114,sompled
114,"Porruzal,"
114,small
114,(crowded
114,and
114,Fowns
114,(25m1)
114,home
114,rocks
114,Aot
114,coasts
114,undeveloped
114,locallsn
114,The
114,high
114,Mazards
114,swell
114,Services
114,and
114,Ahe
114,Asharp
114,~have
114,OWA
114,Aheh
114,"Vincent,"
114,cove
114,4Okin
114,Dzn-
114,mnoro
114,south
114,outslde
114,Shere
114,Lagos
114,you
114,omne
114,s
114,Sapres
114,The
114,6ron
114,coasrlne
114,superb
114,Ivavel
114,stay
114,hes
114,getting
114,(espect
114,and
114,About
114,he
114,he
114,shops
114,"~lntted ,"
114,oufisi
114,local
114,chilled
114,especlally
114,sheher
114,Sanies
114,With
114,spoken
114,Piessuie
114,end
114,861|
114,0osiion
114,and
114,established
114,norch
114,slowly
114,ronn
114,ehonete
114,"Arrfana ,"
114,Gemain
114,@re
114,and
114,anoe
114,01e
114,widely
114,Kood
114,ee ene
114,polnbreake
114,urover
114,sport
114,chooe
114,here
114,Low
114,nonth
114,abslnhel
114,0
114,Atlanthe
114,Mnnneis
114,he
114,Memmeitanean
114,Well
114,wuh
114,haa
114,overane
114,notonal
114,throuoh
114,neven
114,Enolish
114,W0iei
114,Ve
114,Du1
114,tou
114,Deei
114,Miote
114,enirgi
114,ne
114,einten
114,0061nnn1en
114,Maath
114,nononei
114,3001en
114,10n
114,Ahe
114,Dook
114,in
114,esnne
114,he
114,DMi
114,8210701e 
114,Manoy
114,Wones
114,51nier
114,321
114,Aeyvino
114,(0n0
114,Iesuinguon
114,han
114,Aivave
114,oven
114,hone
114,Ae
114,0e
114,he
114,70n/ 
114,plane
114,haa
114,00
114,M1ov6 36nn
115,6
115,3
115,6
115,{e
115,10
115,88
115,2
115,0
115,05
115,6811 12
115,8
115,Ko
115,Nrs
115,Ur
115,V
115,e
115,45
115,15
115,05
115,0
115,0
115,s
115,be
115,~
115,K
115,Ahe
115,7
115,16
115,Ko
115,o
115,45
115,01
115,49
115,As
115,Jane
115,che
115,Ko
115,be
115,o
115,no
115,0
115,S5
115,F
115,O
115,01
115,"0"""
115,o
115,19
115,S
115,05
115,0
115,Ane
115,Ne
115,Ane
115,Ior
115,01
115,45
115,Ko
115,ne
115,51
115,1
115,4
115,3e
115,e
115,69
115,1
115,3
115,3
115,61
115,Algarve
115,The
115,EURopE
115,10 .
115,s
115,8p
115,8
115,Quany
115,ton
115,n
115,tne
115,quahir
115,Zavial
115,focke
115,Rode
115,and
115,Sweh
115,Vincent
115,(Black 
115,coacu
115,Thcre s
115,Portugal
115,wih
115,-[220s
115,sourh
115,Negra
115,Spain
115,Carraoatei
115,conspire
115,righthanders.
115,headhien-
115,really _
115,Rocha
115,"Upke,"
115,enar
115,which
115,around
115,Marlon
115,called
115,"'Short,"
115,hat
115,peel
115,"beachbrcak ,"
115,swells
115,(south
115,"spot,"
115,che
115,year
115,rights
115,the
115,wave
115,over
115,levanr'
115,MiX
115,swell.
115,corner
115,(times
115,was
115,Treacherous
115,big7
115,intoxicating
115,bip
115,rideable
115,until
115,durarion
115,classic
115,experienced
115,and
115,very
115,restern
115,central
115,influences
115,breaking
115,explored
115,remains
115,channel
115,this
115,winds .
115,aves
115,south
115,an
115,undeveloped
115,for
115,7222245
115,reefs
115,Mediterranean
115,headland
115,start
115,mesh
115,and
115,2210223
115,only
115,scattered
115,backpacking
115,uncrowded
115,the
115,0y
115,beaches
115,Anear
115,classic
115,and
115,Peninsula
115,region
115,undulating
115,side
115,Aljezur
115,Algarve
115,"small,"
115,begin
115,naturally;
115,swells
115,3
115,northern
115,beaches
115,other
115,brings
115,surf
115,visit.
115,and
115,open
115,Kabsinthel
115,and
115,"good,"
115,Sagres
115,The
115,even
115,rocks
115,Iberian
115,contain
115,about
115,down
115,big
115,sumnmer
115,ruins
115,European
115,gently
115,Arlantic
115,~che
115,the
115,and
115,take
115,Afrom
115,for
115,rocks.
115,worry
115,empty
115,wide
115,the
115,he
115,qood
115,surfers
115,doesn'
115,Aew
115,doesn t
115,potential
115,Jeading
115,Apart
115,town
115,51n1)
115,when
115,Cape
115,deware
115,{Sagres `
115,orea
115,the
115,5611 )
115,has
115,With
115,located
115,west
115,some
115,long
115,surfers.
115,major
115,Iittle
115,yibe
115,side
115,The
115,(coast
115,Jively
115,80ueous
115,Massles
115,"fields,"
115,and
115,has
115,heres
115,LSfc
115,although
115,country
115,che
115,breaks
115,waves
115,rhe
115,meet.
115,advantage
115,and =
115,ast
115,window
115,hordes
115,~but
115,west
115,well
115,wave
115,Aurhana
115,clitfs
115,where
115,Sampled 
115,"Porrugal,"
115,small
115,and
115,towns
115,Acrowded
115,(2Sm1)
115,Chome
115,rocks
115,coasts
115,undeveloped
115,"ocallsm,"
115,ine
115,Chigh
115,swell
115,Mazards
115,and
115,Services
115,Ihe
115,shatp
115,have
115,OWn
115,helr
115,ofe
115,"Vincent,"
115,cove
115,01en-
115,Aokm
115,south
115,mofe
115,outside
115,Ahere
115,Lagos
115,omne
115,you
115,(0feses
115,Ahe
115,Sapres
115,coasrlne
115,8ron
115,superb
115,havel
115,atay
115,has
115,Kespect
115,About
115,(Qeuting
115,and
115,he
115,shops
115,"Ilnlted ,"
115,oucist
115,the
115,ocals
115,chllled
115,Hespeclally
115,sheher
115,500ies
115,Wiih
115,spoken
115,Fiessu7e
115,S61
115,poshlon
115,ena
115,and
115,estoblished
115,norch
115,slowly
115,5ron
115,"Arrafana ,"
115,ehmnate
115,emains
115,and _
115,anoe
115,0i
115,widely
115,Kood
115,08679
115,polmbreake
115,here
115,"sport,"
115,urope
115,Low
115,noneh
115,hooe
115,abslnthey
115,on
115,Atlanthe
115,Mnnneis
115,he
115,Well
115,0ne0n
115,wnh
115,had
115,averaue
115,atonal
115,Ahronoh
115,nevet
115,water
115,Snolish
115,06i
115,Hon
115,Ver
115,09e1
115,oiote
115,Metiieie
115,entral
115,Ahe
115,vanofan
115,006ion
115,Maath
115,'91e;
115,(n
115,nouon0i
115,1ook
115,(ne0v
115,pespne
115,he
115,ne
115,Do
115,12/0e701es
115,anay
115,Diones
115,iner
115,32P
115,70n
115,vivinn
115,Maounaton
115,hen
115,Alvarve
115,ona
115,"21f""/"
115,Ae
115,"116,600"
115,220e
115,he
115,klese
115,0096n
115,66ni0ine
115,Maaaton
115,M1ev6 3616
115,( 0ve
116,C
116,6S
116,3y
116,56s
116,6
116,40
116,88
116,(2
116,0
116,0
116,12
116,8
116,Ko
116,Jr
116,VC
116,bi8
116,4s
116,15
116,29
116,05
116,05
116,0
116,s
116,be
116,4
116,A
116,Ahc
116,16
116,Ko
116,(o
116,45
116,01
116,09
116,'9
116,ine
116,che
116,ro
116,308
116,be
116,o
116,0
116,55'
116,Ahe
116,Ane
116,ot no
116,Ko
116,01
116,o
116,ew
116,2
116,35
116,05
116,0
116,2 :
116,Ane
116,Ane
116,1o
116,e
116,01
116,Ane
116,0
116,01
116,45
116,Ans
116,55
116,1
116,0e
116,3
116,3
116,Algarve
116,The
116,EURopE
116,10
116,Fava
116,Cente
116,ind
116,oen
116,aval
116,quahor
116,ncaf
116,o
116,Rore
116,Kand
116,swell
116,ne
116,Mincent
116,Blace
116,ORTUGAL
116,coacu
116,There< €
116,Lazo
116,with
116,sourh
116,Spain
116,Necra
116,Carrapatei
116,conspire
116,righthanders .
116,headhien-
116,really 
116,Rocha
116,"Uioke,"
116,which_
116,around
116,sn/
116,Marlon
116,called
116,'Short
116,that
116,peel
116,"beachbreak ,"
116,swells
116,souths
116,"spot, "
116,the
116,76-8ft /
116,year
116,rights
116,the
116,wave
116,over
116,miX
116,levanr'
116,corner
116,swell.
116,(times
116,was
116,Treacherous
116,Ars
116,big7
116,intoxicating
116,rideable
116,until
116,(duration
116,classic
116,and
116,experienced
116,Khe
116,very
116,western
116,central
116,influences
116,explored
116,breaking
116,remains
116,this
116,channel
116,winds.
116,waves
116,south
116,undeveloped
116,for
116,222183
116,reefs
116,Mediterranean
116,headland
116,start
116,and
116,mesh
116,72210525
116,an
116,scattered
116,only
116,backpacking
116,ded
116,the
116,204
116,beaches.
116,Anear
116,classic
116,and
116,Peninsula
116,72232 1
116,uncrowe
116,region
116,undulating
116,side
116,Aljezur
116,Algarve
116,"small,"
116,begin
116,naturally
116,swells
116,32053
116,northern
116,beaches
116,other
116,brings
116,surf
116,visit.
116,open
116,absinthel
116,and
116,"good,"
116,Sagres
116,The
116,even
116,Iberian
116,contain
116,rocks
116,about
116,down
116,big
116,sumnmer
116,European
116,gently
116,ruins `
116,Arlantic
116,che
116,the
116,take
116,and
116,Urom
116,for
116,rocks.
116,empty
116,wide
116,worry
116,(good
116,doesn'
116,Surfers
116,On
116,doesn t
116,potential
116,leading
116,Apart
116,town
116,511 )
116,Cape
116,when
116,Deware
116,the
116,2611 )
116,Sagres -
116,orea
116,with
116,located
116,has
116,west
116,some
116,long
116,surfers.
116,major
116,lttle
116,ibe
116,side
116,Jively
116,coast
116,10ueous
116,Massles
116,the
116,"fields,"
116,and
116,LSfc
116,has
116,heres
116,country
116,the
116,"breaks,"
116,although
116,the
116,meet.
116,waves
116,antage
116,ast
116,window
116,hordes
116,and
116,but
116,well
116,West
116,ave
116,Aurhana
116,cliffs
116,where
116,Porrugal
116,small
116,~sampled 
116,(2Sm1)
116,and
116,owns
116,crowded
116,home
116,rocks
116,coasts
116,lot
116,undeveloped
116,adva
116,"locallsm,"
116,ne
116,Chigh
116,swell
116,Mazards
116,and
116,Services
116,sharp
116,~have
116,own
116,Ahelr
116,"Vincent,"
116,cove
116,nien
116,Aokin
116,south
116,mnoro
116,outslde
116,here
116,Lagos
116,You
116,(07esey
116,soine
116,Sagres
116,he
116,coaslne
116,6ron
116,superb
116,Iavel
116,stay
116,has
116,About
116,Yeiing
116,Kespect
116,and
116,Uhe
116,the
116,shops
116,"lntted ,"
116,Ioutisi
116,ocals
116,Fespeclally
116,ehlllea
116,sheher
116,Sanies
116,wvnth
116,spoker
116,Fiessuie
116,s11
116,poshuon
116,end
116,and
116,esoblished
116,norch
116,slowly
116,00i 
116,"Acrafana ,"
116,ehmnate
116,72n0in
116,"Fana ,"
116,afe
116,anoe
116,0i
116,wldely
116,Kood
116,Jake
116,Low
116,here
116,sport
116,on
116,nonth
116,hooe
116,abslnhey
116,Allanti
116,6e
116,uron
116,366nneie
116,polnbree
116,he
116,Memiieitanean
116,Well
116,wuth
116,had
116,natonal
116,iniough
116,averaue
116,nevet
116,water
116,nouish
116,Pef
116,un
116,"toll ,"
116,D9ei
116,Mint
116,2n17gi
116,he
116,006n10n
116,oinfen
116,Agath
116,(2n
116,Mouonei
116,34918
116,1ook
116,(ne0v
116,0espne
116,he
116,Uhe
116,Do
116,821070ie 
116,Manoy
116,Mones
116,W1ne
116,(0n
116,3206
116,Aovinio 
116,h0n
116,Maounauon
116,ove
116,Alvanve
116,ne
116,0ni
116,"21""/"
116,"76,67"
116,0ai
116,nne
116,ne
116,726/
116,660i0ing
116,nes
116,Maaetons
116,0606n
116,008i
116,"840len an6,n"
116,Migi Emi
116,ane
116,ove
117,(
117,6
117,3
117,G
117,ne
117,40
117,4
117,82
117,1
117,0
117,05
117,68112
117,0
117,<o
117,ur
117,A<
117,b18
117,5
117,15
117,15 ^0
117,05
117,0
117,0
117,fo<
117,khe
117,be
117,5
117,N
117,Ahe
117,s
117,ro
117,10
117,1
117,01
117,Ahe
117,09
117,1=
117,Jane
117,be
117,ro
117,o
117,0
117,5
117,rhé
117,he
117,0 no
117,O
117,55'
117,01
117,"0"""
117,o
117,sew
117,15
117,Ahe
117,S
117,0
117,01
117,Ane
117,(ne
117,en1
117,ne
117,701
117,Yor
117,01
117,15
117,An
117,51
117,0
117,4
117,N
117,e
117,N
117,3
117,Algarve
117,The
117,EUROPE
117,10
117,Fav
117,6r
117,ind
117,toen
117,Han
117,aval
117,quanny
117,ncar
117,fockr
117,and
117,Ro
117,Sweii
117,PortugAL
117,Vinceni
117,(Blacz
117,coacu
117,Theres
117,with
117,Lae
117,outh
117,Spain
117,(ncera
117,Carrapater
117,conspire
117,righrhanders .
117,headhien-
117,reallye
117,Rocha
117,"Uohe,"
117,which
117,around
117,Marlon
117,called
117,'Shorts
117,har
117,peel
117,"beachbreak ,"
117,swells
117,soure
117,che
117,"spot,"
117,yeaz
117,rights
117,the
117,wave
117,over
117,mix
117,levant'
117,'swell.
117,corner
117,(times
117,was
117,Treacherous
117,fcs
117,big7
117,intoxicating
117,rideable
117,until
117,durarion
117,and
117,classic
117,experienced
117,Khe
117,very
117,western
117,central
117,influences
117,explored
117,breaking
117,remauins
117,chis
117,channel
117,winds .
117,waves
117,south
117,undeveloped
117,7222205
117,reefs
117,Medicerranean
117,headland
117,start
117,CL2tE
117,mesh
117,0240{s
117,and
117,scattered
117,only
117,uncrowded
117,backpacking
117,0
117,oo<
117,beaches.
117,classic
117,Anear
117,and
117,Peninsula
117,ceeee
117,region
117,undulating
117,side
117,Aljezur
117,Algarve
117,"small,"
117,begin
117,"naturally,"
117,swells
117,25055
117,northern
117,beaches
117,surf
117,other
117,brings
117,visit.
117,open
117,Kabsinthel
117,and
117,and
117,"good,"
117,Sagres
117,0s
117,The
117,Iberian
117,contain
117,even
117,rocks
117,about.
117,down
117,big
117,sumnmner
117,European
117,gently
117,ruins
117,Arlantic
117,take
117,and
117,Arom
117,for
117,rocks.
117,empty
117,wide
117,the
117,worY
117,he
117,qood
117,surfers
117,doesn'
117,doesn t
117,leading
117,potential
117,Apart
117,town
117,51n1 )
117,Cape
117,when
117,Deware
117,with
117,located
117,2611 )
117,chas
117,'Sagres '
117,orea
117,west
117,major
117,long
117,some
117,surfers.
117,lutle
117,side
117,vibe
117,(4 -
117,The
117,Jively
117,coast
117,10ueous
117,Massles
117,"fields,"
117,and
117,1Sfc
117,has
117,there's
117,although
117,country
117,the
117,rhe
117,meet.
117,breaks.
117,waves
117,advantage
117,ast
117,window
117,Fand =
117,hordes
117,~but
117,(West
117,ve
117,Aurhtana
117,cliffs
117,where
117,"Portugal,"
117,small
117,sampled
117,(25m1)
117,and
117,{crowded
117,owns
117,home
117,rocks
117,coasts
117,undeveloped
117,"ocallsm,"
117,The
117,high
117,swell
117,Mazards
117,and
117,Services
117,Ahe
117,Esharp
117,have
117,OWA
117,helr
117,01
117,"Vincent,"
117,cove
117,nien
117,AOkmn
117,south
117,more
117,outslde
117,here
117,Lagos
117,(0rests
117,Roine
117,you
117,he
117,Sagres
117,ine
117,6ron
117,he
117,superb
117,havel
117,atay
117,hes
117,About
117,geuting
117,Kespect
117,and
117,Uhe
117,shops
117,"~lntted ,"
117,oucist
117,ocal
117,ehllled
117,Fespecially
117,0?
117,shehrer
117,50n1es
117,with
117,spoken
117,poshtlon
117,end
117,8ur(
117,F7essu7
117,and
117,norch
117,established
117,slowly
117,0106 
117,"Arrfana ,"
117,ehhonote
117,(enains
117,Fane
117,onge
117,012
117,Kood
117,~wldely
117,1867
117,polmbreake
117,Low
117,here
117,sport
117,noneh
117,0hooe
117,abslnhey
117,10
117,Alant
117,00nneie
117,uros
117,Ihe
117,Memieianean
117,wnh
117,Shad
117,Well
117,ihiomgh
117,averane
117,natonal
117,neven
117,waler
117,Snotish
117,Var
117,Dut
117,0ae
117,nloste
117,2n170i
117,ne
117,0061onn
117,ointen
117,Agath
117,1n
117,nononei
117,200ien
117,1k
117,hgev
117,Despne
117,Ahe
117,Uhe
117,Doi
117,121ye70im1e 
117,Manay
117,201
117,hohese
117,01ner
117,[0n
117,620v
117,ovin
117,868n
117,esunguon
117,Alverve
117,honva
117,0n4
117,20j9/
117,76690
117,100e
117,one
117,he
117,06y
117,necciee
117,66ne0ine
117,heo
117,7041696
117,02b
117,"M1,6 361n"
118,^ 0
118,3s
118,00
118,Ae
118,40
118,88
118,1;
118,0
118,0f che
118,6812 12
118,0
118,Ko
118,As
118,ur
118,V<
118,e
118,'5
118,1s ^
118,05
118,0
118,0
118,fo<
118,be
118,4
118,KC
118,he
118,7
118,15
118,ro
118,0
118,15
118,22
118,00
118,45
118,ine
118,he
118,O
118,1
118,koí
118,05
118,S
118,5
118,ahe
118,0' no
118,Ko
118,"0"""
118,"0"""
118,o
118,42
118,S
118,05
118,0
118,C
118,ane
118,R6e
118,Ahe
118,Dul
118,Ane
118,01
118,0
118,01
118,1s
118,(ie
118,55
118,4
118,41
118,An
118,Ane
118,Ao
118,e
118,Aen
118,Ane
118,4
118,0
118,3
118,41
118,Algarve
118,The
118,EURopE
118,Faa
118,o
118,Lavial
118,qualr
118,{ocke
118,and
118,Sweii
118,PoRtugaL
118,Vinceni
118,There <
118,ABlacz
118,coacu
118,with
118,Lac
118,SpAiN
118,south
118,Necra
118,Carrapatet
118,Conspire
118,righthanders .
118,headhien-
118,reall
118,Rocha
118,uohe
118,around
118,which
118,Marlon
118,called
118,thar
118,"Snort,"
118,peel
118,"beachbreak,"
118,swells
118,che
118,"spot,"
118,oue
118,year
118,rights
118,wave
118,mix
118,over
118,~levant'
118,corner
118,"swell ,"
118,Ktimes
118,was
118,Treacherous
118,big7
118,intoxicating
118,bie
118,rideable
118,until
118,and
118,classic
118,durarion
118,experienced
118,very
118,~western
118,central
118,influences.
118,explored
118,breaking
118,remains
118,channel
118,chis
118,winds.
118,waves
118,south
118,undeveloped
118,7222243
118,reefs
118,Mediterranean
118,headland
118,start
118,1510es
118,CieTE
118,and
118,mesh
118,scattered
118,only
118,uncrowded
118,2s
118,the
118,backpacking
118,0304
118,beaches.
118,classic
118,and
118,near
118,Peninsula
118,25322 
118,to
118,region
118,undulating
118,side
118,Algarve
118,Aljezur
118,"small,"
118,begin
118,"naturally,"
118,22075
118,swells
118,the
118,northern
118,beaches
118,surf
118,other
118,brings
118,visit.
118,open
118,absinthel
118,rand
118,and
118,"good,"
118,Sagres
118,05s
118,The
118,Iberian
118,contain
118,even
118,Frocks
118,down
118,big
118,about
118,gently
118,Suininer
118,Arlantic
118,European
118,ruins `
118,the
118,take
118,and
118,rocks.
118,Arom
118,empty
118,wide
118,the
118,worY
118,Athe
118,(good
118,doesn'
118,surfers
118,doesn t
118,potential
118,leading
118,Aew
118,town
118,Apart
118,51)
118,Cape
118,when
118,Deware
118,the
118,With
118,located
118,26111 )
118,Chas
118,Sagres =
118,area
118,west
118,major
118,long
118,Asome
118,surfers
118,Ulttle
118,side
118,vibe
118,Jively
118,The
118,Taucous
118,Coas[
118,Massles
118,"fields,"
118,and
118,the
118,LSfc
118,although
118,country
118,has
118,heres
118,meet.
118,advantage
118,breaks 
118,waves
118,st
118,window
118,hordes
118,and =
118,well
118,West
118,Wave
118,Aurhana
118,cliffs
118,"Porrugal,"
118,where
118,small
118,(25m1)
118,and
118,Sompled
118,owns
118,(crowded
118,home
118,coasts
118,rocks
118,Alot
118,undeveloped
118,"ocallsm,"
118,Ihe
118,high
118,swell
118,Mazords
118,and
118,Services
118,Ahe
118,OWI
118,Asharp
118,have
118,"Vincent,"
118,Ihehr
118,cove
118,higns
118,AOkmn
118,south
118,moro
118,outsldle
118,Ahere
118,(ofes[s
118,Lagor
118,omne
118,~you
118,he
118,Sagres
118,coasrline
118,6ron
118,superb
118,havel
118,stay
118,has
118,and
118,About
118,Oetting
118,Mespect
118,he
118,the
118,Shops
118,Imnited
118,toutasy
118,Hocala
118,especlally
118,chollea
118,sheher
118,50n1es
118,whth
118,end
118,position
118,s61/
118,spokg
118,Fiessun
118,Anu
118,norch
118,established
118,slowly
118,toi
118,"Aerfana ,"
118,chonate
118,emnalna
118,afe
118,Kood
118,07
118,anoe
118,wIdely
118,2e
118,polnbreako
118,Low
118,nonth
118,0h0oe
118,here
118,Aport
118,10
118,Allanti
118,abslnthey
118,e
118,506nneis
118,uese
118,Memieianean
118,wnh
118,had
118,Well
118,Ahronoh
118,avcraue
118,natlonal
118,nevet
118,ater
118,Enolish
118,Dae1
118,Nei
118,Dui
118,Minte
118,2nirgi
118,00ntotn
118,Faintanl
118,Acath
118,10n
118,nononei
118,19ok
118,(ne0v
118,pespne
118,200ien
118,Ahe
118,Uhe
118,1210e107n1ey
118,D
118,Mandy
118,in
118,nohes
118,1ien
118,0n0
118,3201
118,01n1ei
118,Moivino
118,han
118,estington
118,Alvarve
118,014
118,honve
118,"21""/ "
118,76680
118,020ei
118,Ane
118,he
118,00y
118,neckles
118,10
118,60ni0ine
118,ne
118,Mavaton
118,7662
118,Gevieafanoan
118,"M1,n 211"
118,eve
119,^ 0
119,4e
119,3
119,40
119,88
119,Ahe
119,05
119,(
119,0
119,1
119,8
119,(o
119,Ac
119,90s
119,Ur
119,bie
119,3e
119,19
119,s
119,05
119,0
119,0
119,be
119,7
119,N<
119,rhe
119,22
119,15
119,ro
119,10
119,01
119,00
119,15
119,Ane
119,be
119,O
119,1
119,0
119,S5'
119,ché
119,Ahe
119,0' n0
119,15 >
119,o
119,"O"""
119,1o
119,
119,"0 1""80"
119,G
119,4ioe
119,he
119,Ane
119,Ane
119,01
119,Yor
119,01
119,s
119,6
119,Ane
119,(ie
119,51
119,AC
119,Apek
119,1w
119,o
119,e
119,8
119,41
119,3
119,4
119,Algarve
119,The
119,EURopE
119,toen
119,Zavial
119,qualor
119,{ocks
119,and
119,well
119,Portugal
119,inceni
119,ane
119,(Blacz
119,Coacl
119,Theres 
119,wih
119,Spain
119,122
119,couth
119,Negra
119,conspire
119,righthanders
119,Carrap
119,'headhien-
119,fcay
119,Rocha
119,oher
119,around
119,which
119,Marlon
119,called
119,thar
119,~Shorts
119,peel
119,"beachbreak,"
119,swells
119,"spot,"
119,76-8ft /
119,oy
119,yeaz
119,rights
119,Athe
119,wave
119,Mix
119,over
119,'levant'
119,corner
119,was
119,swell
119,Ktimes
119,Treacherous
119,intoxicating
119,big
119,rideable
119,until
119,and
119,classic
119,experienced
119,duration
119,western
119,very
119,central
119,influences
119,explored
119,breaking
119,remains
119,this
119,channel
119,raves
119,winds.
119,south
119,an
119,undeveloped
119,7232285
119,for
119,reefs
119,Mediterranean
119,mesh
119,headland
119,72210525
119,OATE
119,and
119,start
119,scattered
119,the
119,ded
119,only
119,38
119,backpacking
119,2304
119,beaches.
119,classic
119,and
119,near
119,Peninsula
119,uncrowe
119,220322
119,region
119,undulating
119,Algarve
119,side
119,Aljezur
119,"small,"
119,begin
119,"naturally,"
119,8801s
119,swells
119,the
119,northern
119,beaches
119,surf
119,other
119,brings
119,open
119,visit.
119,and
119,absinthel
119,"good,"
119,Sagres
119,and
119,05s
119,The
119,Iberian
119,contain
119,even
119,rocks
119,down
119,big
119,about
119,European
119,gently
119,suinmner
119,Arlantic
119,ruins
119,the
119,che
119,take
119,and
119,for
119,rocks.
119,Arom
119,empty
119,wide
119,doesn €
119,worTY
119,good
119,doesn t
119,leading
119,on
119,surfers
119,potential
119,Hew
119,town
119,Apart
119,51)
119,Cape
119,when
119,Heware
119,With
119,located
119,26111 )
119,west
119,Chas
119,Sagres =
119,area `
119,major
119,long
119,surfers.
119,somne
119,side
119,Alttle
119,Jively
119,(coast
119,The
119,80ucous
119,"fields,"
119,Massles
119,and
119,the
119,country
119,LSft
119,although
119,the
119,has
119,here
119,mcet.
119,Alast
119,advantage
119,breaks.
119,window
119,waves
119,hordes
119,well
119,and
119,West
119,~but
119,Wave
119,cliffs
119,AurMana
119,"Porrugal ,"
119,where
119,small
119,(25m1)
119,and
119,crowded
119,sompled
119,towns
119,coasts
119,home
119,~rocks
119,undeveloped
119,"ocallsm,"
119,The
119,high
119,swell
119,and
119,Mazards
119,Services
119,OWA
119,Ahe
119,"Vincent,"
119,helr _
119,ofe
119,Esharp
119,Chave
119,bgh.
119,cove
119,Aokm
119,south
119,more
119,outslde
119,Gofests
119,Ahere
119,Lagos
119,Roine
119,You
119,coasrline
119,Sagres
119,8roni
119,superb
119,Travel
119,ha?
119,stay
119,and
119,About
119,Qeiting
119,(espect
119,Uhe
119,he
119,shops
119,Imited
119,touckey
119,ocala
119,chllled
119,especlally
119,shehrer
119,5091es
119,whth
119,Fiessute
119,p0siion
119,end
119,80t
119,norch
119,and
119,established
119,slowly
119,80i 
119,Acrafana
119,ohonete
119,72n8in?
119,07e
119,0e
119,Kood
119,ange
119,wIdely
119,ee2ee
119,polnbreako
119,Low
119,nonth
119,hooe
119,10i
119,Atlantte
119,abslnthel
119,here
119,Spofv
119,704401001434 ?
119,Memmiewanean
119,he
119,wnh
119,han
119,ihrough
119,avcrane
119,Well
119,notlonal
119,never
119,water
119,Enouish
119,D827
119,var
119,Vut
119,Ioll
119,Minte
119,entral
119,Ahe
119,ainlall
119,00inon
119,10n
119,dcath
119,Dook
119,nononei
119,54015;
119,hgon
119,Despnie
119,Ahe
119,he
119,121n0e701ne 
119,Do
119,anoy
119,40i
119,niohesi
119,[1nie
119,0na
119,620
119,0n1ei
119,nvino
119,808n
119,Agouinouon
119,0nd
119,Alvanva
119,ona
119,"201""/"
119,"96,628"
119,400e
119,unve
119,0ny
119,Neckles
119,e
119,66n0ine
119,nes
119,Mavatons
119,00
119,81ac
119,"840i6,fnean"
119,1en 26
120,17
120,80
120,40
120,62
120,che   05
120,8t2 12
120,01
120,khe
120,12
120,0
120,<o
120,Nrs
120,ur
120,S
120,8e
120,15
120,5
120,15 ^
120,0
120,05
120,01~
120,fo<
120,Ahe
120,be
120,N
120,rhe
120,7
120,s
120,<o
120,o
120,s
120,0
120,<
120,2
120,09
120,15
120,he
120,Ko
120,o
120,05
120,S5'
120,he
120,rhé
120,0' no
120,o
120,01
120,"O"""
120,5
120,o
120,A
120,0
120,01
120,2 :
120,Ane
120,(ne
120,h2
120,Ane
120,01
120,1o1
120,Ane
120,01
120,45
120,05
120,1
120,4p0`
120,41
120,e
120,Ke
120,Aw
120,1
120,A
120,Ane
120,4w
120,Aw
120,4
120,Algarve
120,The
120,EURopE
120,10
120,Fva
120,aval
120,qualiny
120,{ock
120,and
120,wel
120,Portugal
120,Vincen
120,dne
120,(Blacz
120,coacu
120,There <
120,with _
120,Spain
120,south
120, Negra
120,Carrapatet
120,conspire
120,righrhanders .
120,'headhien -
120,reae
120,Rocha
120,around
120,which
120,Marlon
120,called
120,thar
120,'Shor /
120,peel
120,"beachbreak ,"
120,swells
120,"spot,"
120,rights
120,yeaz
120,wave
120,mx
120,over
120,corner
120,levant'
120,was
120,(times
120,swell
120,Treacherous
120,intoxicating
120,big7
120,bie
120,rideable
120,until
120,and
120,classic
120,experienced
120,(duranion
120,restern
120,very
120,central
120,influences.
120,explored
120,breaking
120,remains
120,this
120,channel
120,south
120,waves
120,winds .
120,undeveloped
120,7222243
120,reefs
120,Mediterranean
120,(v4tr
120,mesh
120,headland
120,72220225
120,and
120,start
120,scattered
120,52
120,uncrowded
120,only
120,oo
120,backpacking
120,beaches.
120,classic
120,and
120,Anear
120,caen
120,Peninsula
120,region
120,undulating
120,Algarve
120,side
120,Aljezur
120,"small,"
120,begin
120,5305
120,swells
120,"naturally,"
120,Ahe
120,the
120,northern
120,beaches
120,surf
120,other
120,brings
120,open
120,and
120,absinthel
120,visit.
120,0s
120,"good,"
120,Sagres
120,and
120,The
120,Iberian
120,contain
120,even
120,rocks
120,down
120,big
120,aboul.
120,European
120,gently
120,Arlantic
120,Suininer
120,the
120,ruins
120,take
120,and
120,for
120,empty
120,rocks.
120,Arom
120,wide
120,doesn t
120,worrY
120,the
120,doesn t
120,good
120,potential
120,leading
120,surfers
120,town
120,Aew
120,51n)
120,Apart
120,Cape
120,when
120,with
120,the
120,Beware
120,located
120,36111 )
120,west
120,major
120,long
120,has
120,Sagres '
120,area
120,surfers.
120,somne
120,side
120,Alttle
120,Mibe
120,Jively
120,The
120,Foueous
120,(coast
120,"fields,"
120,Massles
120,and
120,although
120,country
120,LSft
120,the
120,has
120,Aheres
120,last
120,antage
120,meet.
120,window
120,breaks.
120,waves 
120,hordes
120,and
120,well
120,~but
120,West
120,Wave
120,cliffs
120,ArrMana
120,"Porrugal,"
120,where
120,small
120,(25m1)
120,and
120,sampled
120,owns
120,crowded
120,coasts
120,home
120,rocks
120,adv:
120,The
120,undeveloped
120,"ocallsm,"
120,high
120,swell
120,and
120,Mazards
120,Seivices
120,own
120,Asharp
120,"Vincent,"
120,Ahelr
120,afe
120,Shave
120,bgh.
120,cove
120,AOkmn
120,south
120,more
120,outslde
120,Gofesis
120,Ahere
120,Lagos
120,oone
120,~you
120,Ahe
120,Sagres
120,coasrline
120,fron
120,superb
120,Iravel
120,he
120,About
120,has
120,stay
120,and
120,getting
120,Mespect
120,he
120,he
120,shops
120,Imited
120,ocals
120,chilled
120,especlally
120,oury
120,shelrer
120,509ies
120,whth
120,7iessu7e
120,poshulon
120,end
120,801|
120,and
120,norch
120,Festablished
120,slowly
120,Acrfana
120,801 
120,chonete
120,tenains
120,Kood
120,016
120,ange
120,wIdely
120,288
120,0ki
120,Low
120,on
120,Aoneh
120,hoose
120,here
120,Atlantie
120,abslnthel
120,spoele
120,Mi0ineis
120,polbree
120,wnth
120,Memmeianean
120,had
120,Ahronoh
120,aveiaue
120,Well
120,netlonal
120,nevei
120,ater
120,nouish
120,Dee1
120,Var
120,D0i
120,toli =
120,Minu
120,ne
120,2n176i
120,20616n
120,vaintall
120,death
120,10n
120,10ok
120,(ne0v
120,0es0ne
120,Mauonel
120,300ten
120,ne
120,Dut
120,8210e707es
120,Mandy
120,F0i
120,hohesu
120,[iner
120,'0n
120,390
120,oivino
120,hen
120,Mesuinouon
120,Alvarve
120,hone
120,7891
120,"20f""/"
120,060n
120,7200n
120,une
120,70n/ 
120,neckles
120,10e/
120,6ni0ine
120,n
120,Maviaton
120,640
120,2
120,"0epi6,anean"
120,V1pnt 26
121,^ 0
121,V
121,{
121,40
121,88
121,1;
121,0
121,0
121,6811
121,12;
121,8
121,K0
121,T<
121,Nrs
121,Ur
121,bie
121,8e
121,5
121,s
121,05
121,05
121,0
121,fo'
121,be
121,4
121,KC
121,rhe
121,3
121,15
121,0
121,0
121,o
121,5
121,che
121,00
121,5
121,Ane
121,be
121,o
121,o
121,90
121,koí
121,0
121,S5'
121,he
121,0' no
121,O
121,01
121,"0"""
121,ns
121,o
121,
121,0
121,01
121,C
121,Ane
121,Ane
121,1o
121,be
121,Nne
121,01
121,Ane
121,01
121,15
121,Nie
121,06
121,1
121,31o
121,4
121,Aw
121,A
121,0e
121,Ane
121,3
121,Ae
121,Algarve
121,The
121,EUROPE
121,Zavial
121,o
121, e
121,and
121,PortugAL
121,weli
121,ncent
121,ne
121,coacu
121,Therc <
121,zn
121,SpaiN
121,south
121,scera
121,conspire
121,Carraps
121,righrhanders .
121,headhien
121,"Uohe,"
121,Rocha
121,around
121,hich
121,Marlon
121,called
121,thar
121,'Shory/
121,peel
121,"beachbreak,"
121,the
121,swells
121,"spot, `"
121,rights
121,year
121,che
121,wave
121,mix
121,over
121,corner
121,'levanr'
121,was
121,Krimes
121,swer
121,Treacherous
121,big
121,intoxicating
121,rideable
121,until
121,and
121,classic
121,experienced
121,(duration
121,restern
121,very
121,central
121,influences .
121,explored
121,breaking
121,remuins
121,chis
121,channel
121,waves
121,south
121,winds.
121,an
121,7252205
121,undeveloped
121,reefs
121,Mediterranean
121,2240428
121,VATE
121,and
121,mesh
121,headland
121,start
121,0283
121,the
121,ded
121,scattered
121,only
121,oo
121,backpacking
121,classic
121,beaches.
121,and
121,Eoe
121,Peninsula
121,Anear
121,uncrowe
121,region
121,undulating
121,Algarve
121,side
121,Aljezur
121,"small,"
121,5305s
121,begin
121,naturally
121,swells
121,northern
121,beaches
121,surf
121,other
121,brings
121,open
121,0s
121,and
121,absinthel
121,visit.
121,"good,"
121,Sagres
121,and
121,Iberian
121,The
121,contain
121,even
121,rocks
121,down
121,big
121,about
121,European
121,gently
121,Arlantic
121,Suininer
121,the
121,the
121,ruins `
121,take
121,and
121,rocks.
121,empty
121,Arom
121,wide
121,doesn t
121,worry
121,Athe
121,good
121,porential
121,leading
121,surfers
121,town
121,Aew
121,doesn'
121,Apart
121,Cape
121,5111 )
121,when
121,With
121,the
121,Deware
121,locared
121,major
121,long
121,west
121,26111 )
121,Sagres <
121,Chas
121,area `
121,some
121,surfers.
121,'side
121,lttle
121,ibe
121,Jively
121,The
121,Taucous
121,(coast
121,"fields,"
121,and
121,Massles
121,although
121,country
121,LSft
121,the
121,las:
121,advantage
121,meet.
121,has
121,Aheres
121,window
121,breaks.
121,waves
121,well
121,hordes
121,and
121,West
121,bul
121,ave
121,"Porrugal,"
121,cliffs
121,ArrMana
121,small
121,where
121,(2Sm1)
121,and
121,sompled
121,owns
121,crowded
121,coasts
121,home
121,rocks
121,The
121,undeveloped
121,Alor
121,"ocallsm,"
121,high
121,and
121,swell
121,Mazards
121,Seivices
121,"Vincent,"
121,How
121,sharp
121,have
121,heh
121,fore
121,hign
121,cove
121,Aokin
121,south
121,more
121,Gofests
121,Foutslde
121,here
121,Lagos
121,0ing
121,~you
121,he
121,coasrline
121,Sagres
121,6roni
121,superb
121,Iavel
121,and
121,About
121,hes
121,tay
121,Oetting
121,(espect
121,he
121,the
121,shops
121,"lmntted ,"
121,locals
121,shlleu
121,especlally
121,ouge
121,sheher
121,50nes
121,whth
121,Fiessuie
121,poshulon
121,end
121,Sur|
121,norch
121,and
121,established
121,slowly
121,00in
121,"Arrafana ,"
121,ehhonate
121,(eiains
121,are
121,Kood
121,01
121,ange
121,wIdely
121,ee2ea
121,6k 
121,Low
121,kon
121,month
121,hooae
121,Uhere
121,Allanti
121,abslnthey
121,spoel
121,00nei
121,polohre
121,wah
121,Memnieianban
121,hael
121,Well
121,hronoh
121,avcraue
121,natlonal
121,Nevei
121,water
121,Vai
121,Enouish 
121,Dae
121,Dui
121,tou
121,Minu
121,central
121,he
121,001inon
121,fointall
121,10n
121,Acath
121,hacacak
121,chgov
121,Despne
121,nononel
121,30015s
121,Uhe
121,7210e101es
121,Dui
121,Manoy
121,30i
121,mohes
121,(1ei
121,06
121,320l
121,oovino
121,h0n
121,astnaton
121,0n
121,Alnarva
121,80'/
121,hona
121,96261n
121,00ei
121,une
121,he 
121,26
121,paee
121,66680ine
121,nes
121,02v066
121,040loranion
121,V16ve en
121,eve
122,6
122,40
122,40
122,8r
122,che  0f
122,8112
122,05
122,1
122,0
122,Ko
122,L
122,Nrs
122,ur
122,b1e
122,e
122,15
122,5
122,1s ?
122,05
122,0
122,6
122,be
122,N
122,rh€
122,4
122,s
122,ro
122,01
122,o
122,15
122,09
122,be
122,ro
122,o
122,roí
122,0
122,hc
122,Ahe
122,0 no
122,ro
122,5
122,1o
122,nes
122,
122,05
122,01
122, :
122,(
122,ane
122,Ane
122,Ahe
122,Ane
122,01
122,01
122,45
122,0
122,Ane
122,Ko
122,Si
122,51
122,A
122,30
122,46
122,10'
122,w
122,N
122,0e
122,3
122,Algarve
122,The
122,EUROPE
122,10
122,9
122,Zavial
122,Qualng
122,roci
122,and
122,Portugal
122,Weii
122,inceni
122,Ane
122,(Blacz
122,coacu
122,There < =
122,irh
122,SpAiN
122,south
122,Xcef ^
122,Carraps
122,conspire
122,nighrhanders .
122,'headhien
122,Rocha
122,around
122,which
122,Marlon
122,called
122,Ghar
122,'Shor/
122,peel
122,"beachbreak ,"
122,swells
122,"spot, "
122,rights
122,year
122,the
122,wave
122,mix
122,over
122,corner
122,levant'
122,was
122,(times
122,Treacherous
122,swes
122,big
122,intoxicating
122,rideable
122,until
122,and
122,classic
122,experienced
122,(duranion
122,western
122,very
122,central
122,influences
122,explored
122,breaking
122,remuins
122,this
122,channel
122,south
122,waves
122,winds.
122,7222205
122,undeveloped
122,for
122,reefs
122,Mediterranean
122,7222025
122,CATE
122,and
122,mesh
122,headland
122,0383
122,start
122,the
122,uncrowded
122,scattered
122,"020"""
122,only
122,backpacking
122,classic
122,beaches
122,E20222
122,Peninsula
122,and
122,Anear
122,region
122,undulating
122,Algarve
122,side
122,Aljezur
122,"small,"
122,58075
122,begin
122,naturally.
122,swells
122,Ahe
122,the
122,northern
122,surf
122,beaches
122,other
122,0s
122,brings
122,and
122,open
122,visit.
122,"good,"
122,absinthel
122,Sagres
122,and
122,Iberian
122,contain
122,The
122,even
122,rocks
122,down
122,European
122,gently
122,big
122,about.
122,Arlantic
122,sumnmner
122,the
122,ruins
122,take
122,and
122,rocks.
122,empty
122,wide
122,Urom
122,doesn t
122,St
122,worTY
122,Athe
122,doesn' 1
122,porential
122,leading
122,good
122,on
122,On
122,surfers
122,town
122,ew
122,511 )
122,Apart
122,Cape
122,when
122,wich
122,locared
122,the
122,Beware
122,major
122,6111 )
122,long
122,west
122,Sagres '
122,area
122,surfers
122,somne
122,side
122,little
122,vibe
122,lively
122,10ucous
122,(coast
122,"fields,"
122,and
122,Hassles
122,although
122,country
122,"""the"
122,1Sfc
122,he
122,las:
122,advantage
122,meet.
122,has
122,heres
122,window
122,breaks.
122,waves
122,well
122,hondes
122,and
122,but
122,west
122,"Portugal ,"
122,cliffs
122,Wave
122,small
122,Anrhtana
122,where
122,(2Sm1)
122,and
122,somnpled
122,Howns
122,crowded
122,coasts
122,Chome
122,rocks
122,The
122,undeveloped
122,Alor
122,locallsn
122,high
122,and
122,swell
122,Mazords
122,Services
122,he
122,"Vincent,"
122,Own
122,sharp
122,have
122,hch
122,hiens
122,cove
122,AOkmn
122,south
122,(ofests
122,more
122,outslde
122,Ahere
122,Lagos
122,Roine
122,you
122,coasrline
122,Sagres
122,6ron
122,superb
122,havel
122,About
122,and
122,hes
122,stay
122,(cttino
122,(Mespect
122,he
122,ehes
122,shops
122,"lmlted ,"
122,ocal
122,Fespeclally
122,cholled
122,sheher
122,oug
122,Sanies
122,whth
122,poshtlon
122,end
122,Fiessun
122,801|
122,norch
122,and
122,established
122,slowly
122,ronn
122,Acrafana
122,ehmnate
122,72iains
122,Kood
122,019
122,ange
122,wIdely
122,ee2e
122,polntbreako
122,Low
122,noneh
122,hoose
122,here
122,Allanti
122,abslnthe!
122,sporl
122,Minne7
122,wnh
122,had
122,Memmievanean
122,chronoh
122,avcraue
122,Well
122,notlonal
122,never
122,Waten
122,Mer
122,Enouish
122,Dae
122,Dui
122,ton
122,Minte
122,Enuai
122,he
122,306ninon
122,faintell
122,10n
122,dcath
122,ook
122,(neov
122,pespne
122,Mauouei
122,3001e
122,he
122,ho
122,72112707e 
122,Du
122,Mandy
122,0i
122,hohest
122,"""0n"
122,5nei
122,320
122,0nne
122,oivano
122,0n0n
122,Aivaivg
122,gouinvoton
122,Ond
122,2n'/
122,8one
122,7667
122,00e
122,he 
122,0ny
122,paee 
122,66ni0ine
122,n6
122,"Maveto,"
122,40
122,"840/6,t 0816,n"
122,M1ene 21n
122,ans
122,ov
123,6r
123,6
123,{C
123,2
123,70
123,88
123,rhe
123,05
123,81112
123,0
123,che
123,4
123,0
123,o
123,T
123,1o
123,{e
123,15
123,s
123,"1s ^"""
123,05
123,0
123,0
123,fo<
123,che
123,be
123,5
123,KC
123,5
123,Ko
123,01
123,4
123,o
123,1
123,2
123,ahe
123,00
123,15
123,be
123,[0
123,o
123,koí
123,0
123,S1
123,5
123,Ahe
123,01 no
123,O
123,"0"""
123,Ahe
123,15
123,10
123,S
123,05
123,01
123,561
123,Ane
123,Ane
123,ne
123,01
123,or
123,01
123,92
123,Ane
123,Si
123,51
123,1
123,41
123,Ane
123,A
123,1
123,Algarve
123,The
123,EUROPE
123,10
123,Fn
123,tonn
123,the
123,Zavial
123,Qual
123,{o2k6
123,and
123,Ortugal
123,weil
123,Mincen
123,(Blach
123,coacu
123,Tnere
123,Spain
123,with
123,south
123,Xee;?
123,Carraps
123,conspire
123,righrhanders .
123,'headhien
123,"Uohe,"
123,Rocha
123,around
123,hich
123,Marlon'
123,called
123,har
123,Shorl
123,peel
123,"beachbreak ,"
123,swells
123,"spot, `"
123,rights
123,yeaz
123,wave
123,mix
123,over
123,corner
123,'levant'
123,was
123,Treacherous
123,(times
123,Jts
123,intoxicating
123,big
123,UP
123,SW
123,rideable
123,until
123,and
123,classic
123,experienced
123,western
123,durarion
123,central
123,ery
123,influences
123,explored
123,breaking
123,remains
123,this
123,channel
123,south
123,waves
123,winds.
123,7226225
123,undeveloped
123,reefs
123,27
123,Mediterranean
123,22202e5
123,Cate
123,and
123,mesh
123,headland
123,1302{3
123,start
123,ded
123,scattered
123,the
123,o
123,only
123,backpacking
123,classic
123,beaches.
123,720822 
123,42
123,Peninsula
123,and
123,uncrowe
123,Anear
123,region
123,undulating
123,Algarve
123,side
123,"small,"
123,Aljezur
123,8801s
123,begin
123,naturallys
123,swells
123,Athe
123,northern
123,surf
123,beaches
123,other
123,0s
123,and
123,open
123,brings
123,"good,"
123,visit.
123,Sagres
123,Fabsinthel
123,and
123,Iberian
123,The
123,contain
123,even
123,down
123,big
123,rocks
123,European
123,gently
123,Arlantic
123,about
123,summer
123,take
123,the
123,ruins
123,and
123,rocks.
123,empty
123,wide
123,Arom
123,the
123,worrY
123,doesn t
123,porential
123,leading
123,doesn'
123,qood
123,on
123,surfers
123,town
123,Aew
123,Cape
123,Apart
123,511 )
123,when
123,with
123,located
123,the
123,Beware
123,major
123,5611 )
123,long
123,west
123,Chas
123,Sagres -
123,surfers
123,somne
123,area
123,side
123,lttle
123,Jively
123,vibe
123,10ucous
123,The
123,"fields,"
123,coast
123,and
123,Massles
123,although
123,country
123,rhe
123,the
123,last
123,advantage
123,meet
123,has
123,Aheres
123,window
123,breaks.
123,well
123,hordes
123,waves
123,and
123,Wave
123,west
123,but
123,"Portugal ,"
123,cliffs
123,where
123,Aurltana
123,small
123,(2Sm1)
123,Fand
123,coasts
123,owns
123,(crowded
123,sompled
123,Chome
123,The
123,rocks
123,undeveloped
123,"ocallsn,"
123,Chigh
123,and
123,swell
123,Mazords
123,Seivices
123,"Vincent,"
123,OWn
123,Ihe
123,hien.
123,helr
123,hayp
123,Chave
123,cove
123,Or
123,Aokin
123,south
123,(ofeses
123,nore
123,outslde
123,here
123,Logos
123,ine
123,coasrline
123,You
123,Sapres
123,6ron
123,superb
123,travel
123,and
123,About
123,has
123,lay
123,(ettino
123,he
123,Kespect
123,he
123,shops
123,"~lmnlted ,"
123,ocal
123,chMlled
123,especlally
123,sheher
123,5091es
123,oue
123,whth
123,poshulon
123,Foessu7
123,end
123,801|
123,norch
123,ana
123,slowly
123,cestabllshed
123,"Arrfana ,"
123,00i
123,ehonate
123,7en0in
123,Kood
123,016
123,afe
123,ange
123,ee2en
123,wldely
123,0ke
123,Low
123,10
123,nonth
123,hooe
123,Allanti
123,Gbsinthei
123,here
123,0nnnei
123,Apoel
123,polbree
123,wnh
123,had
123,Memniettanean
123,Ahrouoh
123,averaue
123,Well
123,never
123,notlonal
123,water
123,Dae
123,Nan
123,Anguosh
123,Dut
123,be
123,iote
123,ton
123,entrai
123,faintall
123,he
123,00i0n
123,10n
123,hook
123,Acath
123,(e0v
123,0esp1te
123,Moonei
123,3401bs
123,he
123,7260e707e 
123,Dui
123,ho
123,Mandy
123,'eai
123,nones
123,"""0n"
123,484i
123,320l
123,0ine
123,Ohan
123,oivino
123,Mostinauon
123,Alvarve
123,"20f""/ "
123,lone
123,Ond
123,066n
123,000ei
123,70n/ 
123,neckler
123,09e
123,66ni0ing
123,nes
123,Maveton
123,Jevloranioany
123,V1pne e1
124,6s
124,4
124,6
124,40
124,8r
124,0
124,0
124,8112
124,12
124,o
124,Ko
124,Ic
124,'0s
124,0r
124,s
124,As
124,1s 2
124,05
124,0
124,01
124,ro be
124,5
124,KC
124,he
124,3
124,15
124,0
124,10
124,khe
124,29
124,5
124,Ane
124,he
124,ro
124,300 ~
124,roí
124,05
124,S1
124,rhé
124,5
124,ché
124,ot no
124,9s 2
124,01
124,"0"""
124,o
124,c
124,05
124,05
124,Ane
124,Ane
124,ne
124,Yor
124,01
124,15
124,51
124,1
124,4
124,10
124,Aw
124,A
124,e
124,Vn
124,Ane
124,Aw
124,A
124,3
124,Algarve
124,The
124,EUROPE
124,10
124,Foay
124,tonn
124,he
124,aval
124,Ca(
124,{026
124,Quah
124,and
124,Portugal
124,Weii
124,ne
124,incen
124,Coacu
124,Theres 
124,(Blachs
124,SpaiN
124,with
124,south
124,Nesra
124,Carrapat
124,conspire
124,righthanders .
124,hcadhien -
124,"Uohe,"
124,Rocha
124,around
124,which
124,Marlon
124,called
124,rhar
124,'Shorl
124,peel
124,che
124,"beachbreak ,"
124,"spot, "
124,swells
124,the
124,rights
124,year
124,mix
124,wave
124,over
124,corner
124,Was
124,levane'
124,Treacherous
124,times
124,intoxicating
124,big
124,Swa
124,bie
124,rideable
124,and
124,until
124,classic
124,estern
124,experienced
124,duration
124,central
124,very
124,Ihe
124,influences .
124,explored
124,breaking
124,remains
124,this
124,channel
124,south
124,waves
124,winds.
124,222243
124,undeveloped
124,for
124,27
124,Mediterranean
124,reefs
124,82202e5
124,CLaTE
124,and
124,mesh
124,headland
124,4323
124,start
124,che
124,ded
124,scattered
124,oo
124,only
124,backpacking
124,classic
124,beaches.
124,E220822 
124,Peninsula
124,and
124,uncrow
124,Anear
124,region
124,undulating
124,Algarve
124,"small,"
124,side
124,Aljezur
124,830*s
124,begin
124,swells
124,naturally
124,beaches
124,northern
124,surf
124,65s
124,and
124,other
124,open
124,brings
124,"good,"
124,Sagres
124,visit.
124,Fabsinthel
124,Iberian
124,The
124,contain
124,even
124,down
124,European
124,big
124,rocks
124,Arlantic
124,gently
124,about.
124,suminer
124,take
124,the
124,ruins
124,and
124,empty
124,rocks.
124,wide
124,Afrom
124,worY
124,doesn t
124,Athe
124,potential
124,leading
124,doesn
124,good
124,town
124,surfers
124,to
124,Cape
124,Sm)
124,few
124,Apart
124,when
124,with
124,the
124,located
124,Beware
124,major
124,long
124,c611 )
124,west
124,'side
124,somne
124,Chas
124,Sagres '
124,Farea `
124,surfers
124,Alttle
124,(4 -
124,Jively
124,vibe
124,"fields,"
124,and
124,10ucous
124,(coast
124,The
124,although
124,country
124,Hassles
124,the
124,the
124,LSfc
124,Jast
124,advantage
124,meet.
124,has
124,theres
124,window
124,breaks.
124,well
124,hordes
124,waves
124,and
124,"Porrugal ,"
124,cliffs
124,west
124,bul
124,small
124,Wave
124,where
124,Arrltana
124,(2Sm1)
124,and
124,coasts
124,towns
124,(crowded
124,sompled
124,The
124,Chome
124,undeveloped
124,rocks
124,"locallsm,"
124,high
124,and
124,swell
124,Mazards
124,Services
124,"Vincent,"
124,Own
124,Ahe
124,bieh.
124,sharp
124,cove
124,helr
124,or
124,Shave
124,Aokin
124,south
124,(ofes[s
124,mnofo
124,outslde
124,here
124,coasrline
124,oine
124,Lagor
124,Sapres
124,you
124,he
124,Aron
124,superb
124,have
124,and
124,About
124,has
124,stay
124,Tng
124,Qettino
124,he
124,Kespect
124,the
124,shops
124,ocals
124,"lmntted ,"
124,chilled
124,Fespeclally
124,sheher
124,Saties
124,ou
124,whth
124,poshulon
124,F7essu7
124,end
124,7806 /
124,norch
124,and
124,slowly
124,established
124,"Arrfana ,"
124,80w
124,ehonote
124,7en8ins
124,Kood
124,019
124,ange
124,ee2ee
124,~wIdely
124,Pomnbreaks
124,Low
124,month
124,Allanti
124,chooe
124,abslohey
124,here
124,0nneis
124,Spor1
124,wnth
124,Medhherranean
124,had
124,Ahrough
124,averane
124,Well
124,nevei
124,atlonal
124,water
124,Dae
124,vai
124,Enohish
124,iote
124,Ioll
124,entrai
124,he
124,006ninon
124,faintell
124,10n
124,16ok
124,chgon
124,pespnte
124,nononel
124,200ion
124,Acath
124,721070nmey
124,Uhe
124,00i
124,Mandy
124,301
124,0n
124,iniei
124,hghese
124,3201
124,n1i
124,han
124,oivino
124,Alvarve
124,Mesunonon
124,"2nj""/"
124,ona
124,766an
124,200e
124,26y
124,78481448443
124,0942
124,Jacplee
124,ovoinve 
124,ne
124,7avaton
124,240iovanon
124,V1ene 21
124,Ang 
125,6s
125,4
125,3
125,06
125,32
125,40
125,88
125,1:
125,0
125,6861
125,1
125,0
125,0
125,V<
125,NCs
125,Ur
125,b18
125,15
125,is ^^
125,0
125,05
125,0
125,be
125,fo'
125,che
125,o
125,KC
125,rh€
125,99
125,O
125,1
125,01
125,khe
125,0n
125,5
125,be
125,10
125,1o
125,0
125,S1
125,he
125,O
125,01
125,1s
125,o
125,A
125,06
125,05
125,Ane
125,1o
125,(ne
125,701
125,01
125,45
125,Ane
125,ie
125,81
125,1
125,e
125,3
125,61
125,Ane
125,Algarve
125,The
125,EUROPE
125,10
125,ton
125,aval
125,i
125,Qual
125,PortugAL
125,and
125,Sveil
125,ne
125,inceni
125,Coasl
125,Tnere < 
125,Spain
125,irn
125,couth
125,cera
125,conspire
125,righthanders.
125,Cr
125,headhien
125,Rocha
125,around
125,Marlon
125,which
125,called
125,rhat
125,'Shor
125,peel
125,the
125,"beachbreak,"
125,swells
125,of
125,"spot,"
125,che
125,rights
125,year
125,mix
125,wave
125,over
125,corner
125,was
125,slevant'
125,Treacherous
125,intoxicating
125,umes
125,big7
125,Swe
125,and
125,rideable
125,until
125,classic
125,estern
125,experienced
125,influences.
125,central
125,duranion
125,very
125,Khe
125,explored
125,breaking
125,this
125,remuins
125,channel
125,south
125,aves
125,winds.
125,7222225
125,undeveloped
125,reefs
125,e
125,Mediterranean
125,2210225
125,(4te
125,and
125,mesh
125,734red
125,headland
125,ded
125,scattered
125,start
125,"9490"""
125,only
125,'backpacking
125,classic
125,1
125,E208229
125,beaches.
125,Peninsula
125,and
125,uncrows
125,region
125,undulating
125,Anear
125,Algarve
125,"small,"
125,side
125,82075
125,Aljezur
125,begin
125,swells
125,"naturally,"
125,the
125,beaches
125,northern
125,surf
125,05s
125,and
125,other
125,"good,"
125,brings
125,Sagres
125,open
125,visit.
125,absinthel
125,Iberian
125,The
125,and
125,contain
125,even
125,down
125,European
125,big
125,rocks
125,Arlantic
125,gently
125,about
125,sumnmner
125,take
125,the
125,and
125,ruins
125,for
125,empty
125,rocks.
125,wide
125,the
125,doesn t
125,Arom
125,doesn t
125,Woity
125,leading
125,Athe
125,potential
125,On
125,good
125,town
125,surfers
125,Cape
125,511)
125,Apart
125,few
125,when
125,with
125,locared
125,the
125,major
125,long
125,611 )7
125,Beware
125,west
125,side
125,surfers
125,Chas
125,Sagres =
125,some
125,area /
125,(lttle
125,lively
125,vibe
125,"fields,"
125,and
125,80ucous
125,coosl
125,The
125,although
125,country
125,Massles
125,"""the"
125,the
125,LSfc
125,the
125,st
125,advantage
125,meet.
125,has
125,window
125,Aheres
125,well
125,breaks
125,"hordes,"
125,waves
125,Fand -
125,"Porrugal,"
125,cliffs
125,Wave
125,west
125,but
125,small
125,where
125,Aurhana
125,(25m1)
125,and
125,coasts
125,owns
125,(crowded
125,sompled
125,The
125,home
125,rocks
125,undeveloped
125,lot
125,"ocallsm,"
125,high
125,and
125,swell
125,Mazards
125,Services 
125,"Vincent,"
125,OWA
125,hign 
125,cove
125,helr
125,afe
125,Asharp
125,have
125,Aokimn
125,south
125,(ofests
125,ore
125,outslde
125,here
125,Coastine
125,Roine
125,Lagos
125,Sagres
125,~you
125,he
125,Aron
125,superb
125,Iravel
125,and
125,About
125,hes
125,toy
125,Oeiting
125,Kespect
125,he
125,he
125,Shops
125,ocals
125,"llmited ,"
125,sheler
125,ehMlled
125,especlally
125,5a91es
125,oue
125,whth
125,poshlon
125,Foessu7
125,end
125,8ur1 
125,norch
125,and
125,Acrafana
125,slowly
125,egtablished
125,5ronna
125,chmnate
125,72n8i
125,Kood
125,019
125,afe
125,ange
125,1e2ee
125,~wldely
125,Poinbreaks
125,Low
125,10
125,nonth
125,Atlantie
125,hoose
125,here
125,abslnthel
125,Spor
125,0nne7s
125,wnh
125,had
125,anean
125,86iogn
125,he
125,averaje
125,Well
125,never
125,notlonal
125,Water
125,02e7
125,Mer
125,Enolsh
125,Du
125,Meohvenr
125,iote
125,oll
125,entr0l
125,Ahe
125,200n
125,faintali
125,10n
125,1ook
125,(ne0v
125,pespne
125,nouonei
125,Acath
125,30015s
125,011e9
125,he
125,Dui
125,ho
125,Mandy
125,90i
125,10n
125,81en
125,mohese
125,3906
125,0nve
125,8210e
125,hv0on
125,nivino
125,Alvarva
125,Mestnouon
125,2n19/
125,ona
125,0n4
125,One
125,762601
125,e2ne
125,6n6n
125,Seklas
125,(0ni0in
125,ne
125,Mavetoana
125,Gaulovenonya
125,M1pn 21
125,he 
126,1
126,40
126,88
126,0
126,0;
126,0
126,M
126,0
126,<0
126,9zs
126,Ur
126,[8e
126,19
126,5
126,"15 ^"""
126,05
126,0
126,0
126,khe
126,ro be
126,KC
126,Ahe
126,01
126,o
126,15
126,che
126,00
126,15
126,ihe
126,be
126,Ko
126,1
126,05
126,5'
126,01 no
126,r0
126,"0"""
126,12
126,Ahe
126,o
126,Sc
126,06
126,C
126,che
126,Dul
126,Ane
126,01
126,Yor
126,01
126,12
126,Ane
126,(ne
126,51
126,1
126,40
126,9
126,4
126,Ans
126,N
126,0e
126,An
126,Ane
126,4
126,3
126,6
126,Algarve
126,The
126,EUROPE
126,10
126,Laval
126,focks
126,PortugAL
126,and
126,sweii
126,incen
126,ne
126,Coasl
126,Rlack
126,There
126,Spain
126,ith
126,south
126,Carrapatev
126,Acera
126,Conspire
126,nighthanders .
126,'headhien
126,"Uohe,"
126,Rocha
126,around
126,Marlon
126,hich
126,called
126,har
126,peel
126,'Shore
126,the
126,"beachbreak,"
126,spot; `
126,swells
126,76-8ft /
126,the
126,rights
126,year
126,mix
126,wave
126,corner
126,Fover
126,was
126,levant'
126,Treacherous
126,intoxicating
126,rimes
126,big
126,Swa
126,It
126,and
126,rideable
126,bie
126,until
126,classic
126,estern
126,experienced
126,central
126,influences.
126,duration 
126,Yery
126,explored
126,breaking
126,remuins
126,this
126,channel
126,south
126,waves
126,winds.
126,92242s
126,undeveloped
126,for
126,523
126,Mediterranean
126,reefs
126,2210225
126,OaTe
126,and
126,24223
126,mesh
126,headland
126,start
126,oo
126,ded
126,scattered
126,only
126,backpacking
126,classic
126,3
126,E208228
126,beaches
126,Peninsula
126,and
126,uncrowe
126,region
126,undulating
126,near
126,Algarve
126,"small,"
126,side
126,82075
126,Aljezur
126,begin
126,swells
126,"naturally,"
126,surf
126,beaches
126,northern
126,0is5
126,and
126,other
126,"good,"
126,open
126,brings
126,Sagres
126,visit.
126,Iberian
126,absinthel
126,contain
126,The
126,and
126,even
126,down
126,European
126,Arlantic
126,gently
126,big
126,rocks
126,sumniner
126,about.
126,take
126,the
126,che
126,for
126,and
126,ruins
126,rocks.
126,empty
126,wide
126,doesn t
126,che
126,Arom
126,doesn t
126,worTY
126,potential
126,eading
126,the
126,good
126,on
126,town
126,surfers
126,Cape
126,511)
126,Afew
126,Apart
126,with
126,when
126,locared
126,major
126,long
126,Beware
126,36111 )
126,west
126,side
126,surfers.
126,has
126,Sagres =
126,some
126,area
126,of
126,lttle
126,Jively
126,vibe
126,"fields,"
126,aucous
126,and
126,Coast
126,The
126,although
126,rhe
126,country
126,Massles
126,las:
126,LSfr
126,the
126,antage
126,mcet.
126,has
126,he
126,window
126,Aheres
126,well
126,hordes
126,breaks
126,waves
126,and =
126,"Portugal,"
126,cliffs
126,Wave
126,small
126,West
126,where
126,Aurltana
126,(2Sm1)
126,Fand
126,coasts
126,owns
126,The
126,adv
126,{crowded
126,sompled
126,home
126,rocks
126,"locallsn,"
126,undeveloped
126,high
126,and
126,swell
126,Mazards
126,Seivices
126,"Vincent,"
126,hien-
126,Own
126,he
126,cove
126,Ahelr
126,ie
126,sharp
126,have
126,AOkin
126,south
126,(ofests
126,mnore
126,outslde
126,line
126,Ahere
126,Aoine
126,Sagres
126,you
126,Lagos
126,from
126,Superb
126,vavel
126,About
126,and
126,ha>
126,tay
126,he
126,Qeiting
126,Kespecl
126,he
126,Co2
126,local
126,shops
126,"lmnhted ,"
126,sheher
126,Saties
126,chollea
126,Fespeclally
126,ouy
126,whth
126,"posmion,"
126,71essu7
126,end
126,norch
126,801
126,Zana
126,slowly
126,Arrakana
126,Festablished
126,"0106n ,"
126,2naie
126,Temain
126,Kood
126,are
126,tange
126,1e622}
126,widely
126,polntbreaks
126,Low
126,40'
126,mnonth
126,Atlanehe
126,hoose
126,here
126,0nneis
126,abslnthel
126,Apoel
126,wnth
126,Memmienanean
126,hae
126,nough
126,averaue
126,Well
126,nevei
126,notlonal
126,Waiei
126,Deei
126,er
126,Enouish
126,06at
126,iote
126,central
126,he
126,20inon
126,lntall
126,16ok
126,10n
126,680l
126,pespne
126,Menonei
126,dcath
126,00ies
126,he
126,01ey
126,Dui
126,Mandy
126,0i
126,770n
126,410ei
126,hohese
126,820
126,01n1e
126,72nen
126,h0n
126,oivino
126,Alvarve
126,Mestinouon
126,"2ni"" / "
126,Aone
126,766n
126,102ei
126,une
126,0ny
126,he
126,161ai
126,sleee
126,10e
126,onvalne
126,aa
126,"7006t,"
126,8epleafanon
126,Vien en
126,4486y
126,616uaatat
127,8s
127,40
127,ché
127,0
127,1
127,88
127,05
127,khe
127,M
127,0
127,Ko
127,I<
127,ACs
127,ur
127,0e
127,s
127,1s
127,05
127,0
127,01
127,be
127,K
127,15
127,Ko
127,4
127,10
127,45
127,0
127,2
127,15
127,4
127,be
127,Ko
127,300
127,o
127,01
127,55'
127,rhe
127,ahe
127,01 ^o
127,15
127,r0
127,O1
127,"0"""
127,few
127,he
127,1o
127,05
127,06
127,C
127,Ahe
127,ane
127,Ahe
127,Nne
127,48v
127,01
127,15
127,Ane
127,51
127,1
127,40
127,~1
127,0?
127,4
127,3
127,6e
127,6
127,Algarve
127,The
127,EUROPE
127,10 .
127,F`
127,{nc
127,Zavial
127,PORTUGAL
127,{orrr
127,and
127,well
127,vincent
127,ine
127,Blach
127,coacu
127,There s 
127,Spain
127,ih
127,south
127,Carrapater
127,Acera
127,conspire
127,nighthanders
127,'headhien
127,"Uphe,"
127,Rocha
127,around
127,"Marlon,"
127,hich
127,called
127,thar
127,peel
127,Shore
127,"beachbreak ,"
127,"spot,"
127,swells
127,76-8ft /
127,rights
127,year
127,mix
127,wave
127,over
127,corner
127,was
127,levant'
127,Treacherous
127,intoxicating
127,times
127,big
127,Swa
127,big
127,and
127,rideable
127,until
127,classic
127,restern
127,experienced
127,central
127,influences.
127,very
127,duration 
127,explored
127,breaking
127,remauins
127,this
127,channel
127,south
127,waves
127,982443
127,an
127,winds.
127,undeveloped
127,for
127,Mediterranean
127,reefs
127,2210525
127,Ciete
127,and
127,30223
127,mesh
127,headland
127,"430"""
127,the
127,start
127,ded
127,scattered
127,the
127,only
127,backpacking
127,classic
127,2os22 
127,beaches.
127,Peninsula
127,and
127,uncrowe
127,region
127,undulating
127,Anear
127,Algarve
127,"small,"
127,52075
127,side
127,Aljezur
127,begin
127,"naturally,"
127,swells
127,an
127,Athe
127,the
127,surf
127,beaches
127,northern
127,033
127,and
127,other
127,"good,"
127,open
127,brings
127,Sagres
127,Fabsinthel
127,visit.
127,Iberian
127,The
127,contain
127,even
127,down
127,European
127,Arlantic
127,gently
127,big
127,rocks
127,sumnmner
127,about.
127,take
127,the
127,for
127,and
127,ruins
127,empty
127,rocks.
127,wide
127,doesn t
127,Arom
127,doesn t
127,WOITY
127,potential
127,leading
127,the
127,good
127,town
127,surfers
127,Cape
127,51)
127,Apart
127,when
127,with
127,major
127,located
127,long
127,Beware
127,west
127,26111 )
127,side
127,surfers.
127,has
127,Sagres '
127,some
127,area
127,little
127,lively
127,ylibe
127,fields;
127,and
127,10ueous
127,coast
127,The
127,alrhough
127,country
127,the
127,Massles
127,last
127,LSfr
127,antage
127,mcet.
127,has
127,window
127,Ihen'
127,well
127,breaks.
127,hordes
127,Waves
127,and =
127,"Portugal,"
127,cliffs
127,Wave
127,small
127,where
127,West
127,but
127,Aurhtana
127,(2Sm11)
127,Fand
127,coasts
127,owns
127,crowded
127,Sampled
127,The
127,home
127,undeveloped
127,rocks
127,Chigh
127,"locallsn,"
127,Alot
127,and
127,swell
127,Mazords
127,Services
127,"Vincent,"
127,OWA
127,high.
127,he
127,hei
127,sharp
127,cove
127,ore
127,have
127,Aokmn
127,south
127,(ofes{s
127,nore
127,routslde
127,here
127,coasrline
127,Roine
127,Lagos
127,Sapres
127,You
127,irom
127,superb
127,Iravel
127,and
127,About
127,hea
127,tay
127,he
127,Qentina
127,he
127,(Kespect
127,the
127,shops
127,ocals
127,"lnlted,"
127,shelrer
127,Sanies
127,eholled
127,especlally
127,touse
127,whth
127,F1essun
127,posnlon
127,end
127,north
127,601|
127,0na
127,slowly
127,Festablished
127,Arrafana
127,870n 
127,ehhonete
127,Kood
127,7enains
127,019
127,Jare
127,ange
127,ee2ee
127,wIdely
127,polnbreake
127,Low
127,10i
127,nonth
127,Atlantie
127,hooae
127,here
127,30nine7
127,abslnthel
127,sport
127,wnth
127,@nean
127,Chad
127,Ahronoh
127,he
127,averaue
127,Well
127,nevet
127,natlonal
127,water
127,D8ei
127,Var
127,Enouish
127,D0t
127,ton
127,Metnene
127,Minte
127,central
127,he
127,700ninon
127,vaintan
127,10n
127,"16,k"
127,(neov
127,0eswe
127,00nioei
127,Agath
127,300ies
127,he
127,1210e7011e 
127,Dut
127,ho
127,Mandy
127,0na
127,iniei
127,hiohese
127,391
127,0nie
127,Ohan
127,oivino
127,"2n1""/ "
127,Alarve
127,Mestinanon
127,Aona
127,"716,610"
127,102a7
127,une
127,he
127,0ny
127,0
127,epaee 
127,496ai
127,0ni0ine
127,nes
127,"Maveton,"
127,aulovatony
127,V1en 211
128,3
128,45
128,8
128,4
128,6
128,4
128,82
128,05
128,0
128,8112
128,khe
128,M2
128,0
128,<o
128,L
128,ur
128,3e
128,15
128,s
128,s
128,05
128,05
128,01
128,be
128,K
128,2
128,O
128,rhe
128,10
128,15
128,01
128,2
128,29
128,he
128,o
128,o
128,05
128,G1
128,rhe
128,Ahe
128,06 90
128,O
128,O1
128,"0"""
128,15
128,Ahe
128,o
128,A
128,05
128,0
128,2 :
128,Ane
128,ahe
128,he
128,Nhe
128,01
128,95
128,Se
128,05
128,10
128,S0
128,41
128,3
128,e
128,A
128,Aen
128,Ane
128,426
128,N
128,3
128,Algarve
128,The
128,EURopE
128,10
128,F
128,r
128,Zavial
128,ncaf
128,OrtugaL
128,{o<ks
128,and
128,sweii
128,ncen
128,ne
128,Coau
128,(Blach
128,Spain
128,There
128,with
128,soutn
128,Carrapatet
128,crra
128,conspire
128,nighthanders.
128,headhien 
128,"Uohe,"
128,Rocha
128,around
128,Marlon
128,Ashich
128,called
128,Ahat
128,'Shore
128,peel
128,che
128,"beachbreak ,"
128,"spot,"
128,swells
128,rights
128,year '
128,mix
128,wave
128,over
128,corner
128,Was
128,levant'
128,Treacherous
128,intoxicating
128,rimes
128,big7
128,ics
128,swo
128,big
128,and
128,rideable
128,until
128,classic
128,estern
128,experienced
128,central
128,influences.
128,very
128,{duration
128,explored
128,breaking
128,remauins
128,this
128,channel
128,south
128,an
128,waves
128,226243
128,winds.
128,undeveloped
128,reefs
128,for
128,72210525
128,Mediterranean
128,Cete
128,and
128,7322
128,mesh
128,headland
128,oo
128,the
128,start
128,ded
128,scattered
128,only
128,backpacking
128,classic
128,720222e
128,beaches.
128,Peninsula
128,and
128,uncrowe
128,region
128,undulating
128,Anear
128,Algarve
128,"small,"
128,side
128,8807s
128,Aljezur
128,begin
128,swells
128,"naturally,"
128,the
128,Athe
128,surf
128,beaches
128,northern
128,08s
128,and
128,other
128,"good,"
128,open
128,brings
128,Sagres
128,Iberian
128,absinthel
128,visit.
128,contain
128,The
128,and
128,even
128,down
128,European
128,Arlantic
128,gently
128,big
128,rocks
128,sumnmner
128,Fabout
128,take
128,for
128,the
128,and
128,ruins
128,empty
128,rocks.
128,wide
128,doesn' u
128,rom
128,doesn t
128,potential
128,woITY
128,leading
128,the
128,good
128,town
128,Cape
128,surfers
128,5m)
128,Afew
128,Apart
128,with
128,when
128,major
128,locared
128,long
128,16111 )
128,Beware
128,west
128,side
128,surfers
128,Chas
128,Sagres =
128,somne
128,area /
128,(ittle
128,Jively
128,44
128,vibe
128,"fields,"
128,and
128,Taucous
128,coast
128,although
128,country
128,"""the"
128,Massles
128,ast
128,the
128,1Sfc
128,antage
128,mcet.
128,has
128,window
128,Ahere'
128,well
128,breaks.
128,hordes
128,and =
128,waves
128,"Portugal,"
128,cliffs
128,Wave
128,West
128,but
128,small
128,where
128,Aurhana
128,(2Sm1)
128,coasts
128,and
128,owns
128,{crowded
128,The
128,adva
128,somnpled
128,home
128,undeveloped
128,rocks
128,Chigh
128,"ocallsm,"
128,lot
128,and
128,swell
128,Mazards
128,"Vincent,"
128,Seivices
128,bigh.
128,own
128,Ahe
128,cove
128,thelr
128,0fe
128,Sharp
128,have
128,AOkm
128,south
128,(ofests
128,moro
128,outslde
128,Ahere
128,Coasrline
128,Roine
128,Lagos
128,Sagres
128,you
128,he
128,from
128,superb
128,havel
128,About
128,and
128,has
128,tay
128,The
128,eiting
128,Kespect
128,he
128,locals
128,shops
128,Ilmnhted
128,shelrer
128,5a91es
128,chulled
128,eepeclally
128,ouy
128,wvhth
128,Fiessuie
128,"posttion,"
128,ena
128,norch
128,861|
128,0na
128,Arrifana
128,slowly
128,elablished
128,5ronn
128,chmnate
128,Kood
128,7eiains
128,019
128,range
128,ee2ee
128,wIdely
128,Low
128,polntbreako
128,4oi
128,Atlanthe
128,nonth
128,hooae
128,abolnther
128,here
128,30nnnei
128,sport
128,wath
128,Memmenanean
128,hae
128,hronghy
128,Ahe
128,averaue
128,Well
128,nevei
128,notlonal
128,water
128,Dee7
128,1ai
128,Enouish
128,Dut
128,Mint
128,entral
128,he
128,007n0n
128,raintall
128,10n
128,1ook
128,cheav
128,Despine
128,0euoiei
128,Agath
128,30015
128,he
128,2in0e701ne 
128,Dui
128,Mandy
128,30i
128,0n
128,60ien
128,hohese
128,320l
128,01nie
128,han
128,nivino
128,"2nj""/ "
128,Algarve
128,Mesunauon
128,Wne
128,0n
128,ne
128,30ei
128,une
128,0ny
128,ine
128,986126
128,Jacklo
128,866180nne
128,ne
128,Naaeton
128,"84pie0nie,n"
128,Vien eni
128,One
128,7266 /
128,2vs
129,^ 0
129,2
129,3
129,6
129,{e
129,2'
129,70
129,che   01
129,12:
129,5r
129,05
129,ls
129,81'
129,1
129,0
129,ro
129,T<
129,NCs
129,Ur
129,b18
129,8e
129,s
129,"1s ^"""
129,05
129,05
129,01
129,rhe
129,be
129,I
129,fo<
129,15
129,50
129,rhe
129,2
129,O
129,1
129,6
129,2n
129,JAne
129,he
129,ro
129,1o
129,koí
129,05
129,S5
129,che
129,Ahe
129,Ahc
129,KO
129,"0"""
129,5
129,Ahe
129,o
129,1
129,05
129,o5
129,C
129,pe
129,S61
129,Ahe
129,he
129,ne
129,Yor
129,01
129,95
129,Ane
129,51
129,1
129,30
129,6
129,0?
129,8
129,8
129,A
129,41
129,Algarve
129,The
129,EUROPE
129,Zavial
129,ORtugal
129,fo<ke
129,and
129,wcil
129,Vincen
129,SpaiN
129,"Blach,"
129,coase
129,There
129,rn
129,south
129,Carrapater
129,Acera
129,conspire
129,righthanders .
129,headhien.
129,"Uohe ,"
129,Rocha
129,around
129,Marlon
129,which
129,called
129,hat
129,peel
129,'Shorl
129,"beachbreak ,"
129,spot; `
129,swells
129,the
129,rights
129,year
129,mix
129,wave
129,corner
129,over
129,was
129,levane'
129,Treacherous
129,intoxicating
129,big
129,(times
129,Swe
129,and
129,rideable
129,until
129,western
129,classic
129,experienced
129,influences.
129,central
129,duration
129,very
129,explored
129,breaking
129,remuins
129,this
129,channel
129,south
129,7222245
129,waves
129,winds.
129,undeveloped
129,53
129,22205E5
129,CUvA7e
129,Mediterranean
129,reefs
129,80929
129,and
129,mesh
129,headland
129,oo 
129,ded
129,start
129,scattered
129,only
129,backpacking
129,7202229
129,classic
129,13
129,Peninsula
129,and
129,beaches .
129,uncrowe
129,region
129,undulating
129,e2
129,Anear
129,Algarve
129,"small,"
129,62015
129,side
129,Aljezur
129,begin
129,swells
129,"naturally,"
129,the
129,surf
129,beaches
129,northern
129,64s
129,and
129,"good,"
129,other
129,open
129,Sagres
129,brings
129,Iberian
129,visit.
129,contain
129,The
129,Fabsinthel
129,Fand
129,even
129,down
129,Arlantic
129,European
129,gently
129,big
129,rocks
129,about.
129,take
129,sumnmner
129,and
129,rulns
129,empty
129,rocks.
129,wide
129,doesn'1
129,Arom
129,doesn +
129,potential
129,leading
129,Athe
129,worY
129,on
129,good
129,town
129,Cape
129,surfers
129,51 )
129,Apart
129,Afew
129,with
129,when
129,major
129,located
129,long
129,west
129,26111 )
129,Deware
129,side
129,surfers
129,somne
129,Chas
129,'Sagres <
129,area
129,ively
129,Iittle
129,"fields,"
129,ibe
129,and
129,although
129,Foucous
129,(coast
129,country
129,The
129,Massles
129,last
129,the
129,antage
129,meet.
129,has
129,window
129,there'
129,well
129,hordes
129,breaks.
129,waves
129,"Portugal ,"
129,cliffs
129,Fand -
129,small
129,Wave
129,where
129,West
129,bul
129,AurMtana
129,(25m1)
129,coasts
129,and
129,The
129,adva
129,owns
129,(crowded
129,sampled
129,home
129,high
129,undeveloped
129,rocks
129,"ocallsnv,"
129,and
129,swell
129,Mazards
129,Service
129,hign-
129,"Vincent,"
129,OWA
129,Ahe
129,cove
129,hehr
129,sharp
129,AOkmn
129,01
129,have
129,south
129,(ofes[s
129,more
129,outside
129,Isrline
129,here
129,Sapres
129,Soine
129,Lagos
129,you
129,Superb
129,from
129,hravel
129,and
129,About
129,has
129,Siay
129,hg
129,Qettina
129,C0a
129,ehe
129,he
129,Kespect
129,local
129,shops
129,sheler
129,"lmnhted,"
129,Sagres
129,ehllled
129,especlally
129,touge
129,whth
129,77essuie
129,Posiion
129,end
129,norch
129,S6t
129,0nd
129,"Arrifana ,"
129,slowly
129,Festablished
129,ehonate
129,0701 
129,Kood
129,7eiains
129,018
129,afe
129,ange
129,ee2en
129,~wldely
129,Low
129,6k
129,on
129,Atlantie
129,nonth
129,choose
129,Gbsinhel
129,here
129,30ninens
129,Spor
129,polmnre
129,wuh
129,Memmieianean
129,chronoh
129,haa
129,he
129,"averaue,"
129,Well
129,neven
129,natlonal
129,waiei
129,0ee7
129,7ai
129,Anouish
129,Dut
129,inte
129,"toll ,"
129,2nif0i
129,Ahe
129,20ntton
129,fainlell
129,10n
129,D6ok
129,(neon
129,Despite
129,00uonei
129,30015
129,Aoath
129,he
129,0107er
129,bot
129,ho
129,Mandy
129,0i
129,70n
129,8nen
129,320
129,mones
129,0nnei
129,72nei
129,hen
129,"2n""/"
129,Mestinaton
129,oiving
129,one
129,0n
129,Alvarve
129,One
129,7a2wnei
129,unes
129,6061n
129,ane
129,Ve=
129,400ei
129,eecleaf
129,0ni0ine
129,hae
129,"7avatonn,"
129,726
129,028i
129,V1o e1
129,098988ny$
130,^ 0
130,56
130,40
130,Ahe
130,0
130,(2
130,88
130,01
130,che
130,2
130,0
130,K0
130,J
130,Nrs
130,ur
130,b18
130,e
130,s
130,s
130,is ^
130,05
130,0
130,0
130,che
130,be
130,K<
130,foí
130,15
130,ro
130,he
130,o
130,5
130,0
130,che
130,20
130,5
130,he
130,rO
130,o
130,05
130,S1
130,Ahe
130,ro
130,01
130,5
130,che
130,o
130,A
130,05
130,06
130,C
130,Ahe
130,he
130,Ane
130,01
130,01
130,5
130,51
130,Ane
130,1
130,41
130,3
130,405
130,e
130,1?
130,AeN
130,Ane
130,Aw
130,6
130,Algarve
130,The
130,EURopE
130,F
130,{hc
130,Zaval
130,ORtugAl
130,{ocks
130,and
130,o
130,swcii
130,Spain
130,inceni
130,he
130,coacu
130,There s
130,(Blach 
130,ih
130,soutn
130,cera
130,Canrap:
130,conspire
130,righrhanders .
130,headhien
130,Gohe;
130,Rocha
130,around
130,Marlon
130,(hich
130,called
130,rhar
130,peel
130,'Shor
130,"beachbreak ,"
130,"""spot, "
130,swells
130,76-8fr /
130,rights
130,year
130,mix
130,wave
130,corner
130,over
130,was
130,levane'
130,Treacherous
130,intoxicating
130,rimes
130,big7
130,Swo
130,and
130,rideable
130,until
130,~western
130,classic
130,central
130,experienced
130,influences
130,very
130,duration
130,explored
130,breaking
130,remains
130,this
130,channel
130,2244s
130,south
130,waves
130,winds.
130,undeveloped
130,7a3
130,2401es
130,CVaTe
130,anean
130,reefs
130,203ed
130,and
130,mesh
130,oo
130,headland
130,uncrowded
130,scattered
130,start
130,only
130,2220322
130,classic
130,backpacking
130,2
130,Mediterr
130,Peninsula
130,and
130,beaches.
130,region
130,5ae
130,undulating
130,Algarve
130,Anear
130,32075
130,"small,"
130,side
130,Aljezur
130,begin
130,swells
130,"naturally,"
130,the
130,surf
130,beaches
130,northern
130,03}
130,and
130,"good,"
130,other
130,Sagres
130,open
130,Iberian
130,brings
130,contain
130,The
130,Fabsinthel
130,visit.
130,and
130,even
130,down
130,European
130,Arlantic
130,gently
130,big
130,rocks
130,take
130,sumniner
130,about.
130,for
130,the
130,the
130,empty
130,rocks.
130,and
130,ruins 
130,wide
130,doesn't
130,doesn t
130,Urom
130,potential
130,leading
130,worY
130,the
130,town
130,On
130,good
130,Cape
130,surfers
130,511)
130,Afew
130,with
130,Apart
130,major
130,located
130,when
130,long
130,west
130,611 )
130,Beware
130,'side
130,surfers.
130,somne
130,Chas
130,'Sagres =
130,Farea 
130,lively
130,Alttle
130,"fields,"
130,and
130,vlbe
130,although
130,country
130,Tucous
130,che
130,(coast
130,The
130,last
130,the
130,Str
130,Massles
130,antage
130,meet.
130,window
130,has
130,well
130,theres
130,hordes
130,breaks.
130,"Portugal,"
130,cliffs
130,waves
130,small
130,and
130,Walve
130,where
130,west
130,but
130,Anrltana
130,(2Sm1)
130,The
130,coasts
130,and
130,advs
130,owns
130,(crowded
130,somnpled
130,high
130,home
130,undeveloped
130,rocks
130,and
130,"locallsm,"
130,lot
130,swell
130,Mazords
130,hign-
130,"Vincent,"
130,Services
130,own
130,Ahe
130,Aokm
130,cove
130,south
130,hen
130,fare
130,sharp
130,have
130,(ofests
130,more
130,Isrlne
130,outside
130,Ahere
130,Sapres
130,Roine
130,Lagos
130,~you
130,superb
130,fron
130,Ahe
130,Iravel
130,and
130,About
130,hes
130,tay
130,he
130,Co2
130,he
130,Jehing
130,Kespect
130,locals
130,shops
130,sheher
130,"lmntted ,"
130,50n1es
130,cholled
130,epeclally
130,ougs
130,with
130,71essuie
130,poshlon
130,norch
130,end
130,uf
130,and
130,"Arrfana ,"
130,slowly
130,established
130,5rona
130,ehmnate
130,Bood
130,7enains
130,019
130,ange
130,neeee?
130,~wIdely
130,ow
130,poinidreak 
130,101
130,Atanthe
130,Monh
130,hoose
130,30ninens
130,abslnthel
130,There
130,oport
130,wnh
130,Chad
130,anean
130,hrouoh
130,he
130,avciaue
130,Well
130,nevet
130,natlonal
130,Dee1
130,water
130,0er
130,Anohish
130,Metneie
130,but
130,inte
130,entra
130,706nion
130,Gintall
130,Ahe
130,Dook
130,40n
130,(neov
130,pespne
130,nononei
130,200ies
130,oath
130,017e 
130,he
130,Dui
130,'e0i
130,Mandy
130,10n
130,41niee
130,01n1ei
130,320l
130,hohesu
130,12inen
130,h0n
130,Moiving
130,"21j""/"
130,Mesunonon
130,Ahone
130,0n
130,Alvarve
130,One
130,760611
130,anhee
130,une
130,@ny
130,10 
130,0a
130,ugee 
130,80nioie
130,n6
130,Navietoan
130,Miov 3n
131,4
131,3
131,58
131,40
131,che   01
131,1
131,Vr
131,05
131,6811
131,4
131,Ko
131,T<
131,ur
131,"b"""
131,e
131,s
131,1s ^
131,95
131,05
131,05
131,0
131,be
131,15
131,50
131,5
131,K
131,rhe
131,O
131,15
131,01
131,che
131,be
131,ro
131,1o
131,{
131,çoí
131,05
131,S1 ~
131,6s ?
131,KO
131,"0"""
131,she
131,o
131,A5
131,05
131,06
131,Ahe
131,Ahe
131,ne
131,61
131,0
131,15
131,9
131,51
131,1
131,40
131,4
131,Ve
131,Ane
131,eN
131,3
131,1
131,Algarve
131,The
131,EURopE
131,10
131,nd
131,ORtugAl
131,Zavial
131,fo2ks
131,o
131,and
131,swell
131,Spain
131,inceni
131,ne
131,Cuais
131,Thcre
131,ith 
131,couth
131,Carrapane
131,cera
131,conspire
131,righrhanders
131,headhien
131,"Uphe,"
131,Rocha
131,around
131,Marlon
131,Ahich _
131,called
131,thar
131,peel
131,Shorl
131,"beachbreak,"
131,"spot,"
131,swells
131,the
131,rights
131,mix
131,year
131,wave
131,corner
131,Fover
131,was
131,levant'
131,intoxicating
131,Treacherous
131,(tmes
131,big
131,ir's
131,SW
131,and
131,rideable
131,until
131,~western
131,classic
131,influences
131,central
131,experienced
131,very
131,{durazion
131,explored
131,breaking
131,remuins
131,chis
131,channel
131,222445
131,south
131,an
131,raves
131,winds.
131,undeveloped
131,ae
131,7222022s
131,CvAn
131,reefs
131,Mediterranean
131,for
131,074223
131,and
131,mesh
131,"43o"""
131,the
131,uncrowded
131,headland
131,scattered
131,start
131,only
131,3
131,2203228
131,classic
131,backpacking
131,Peninsula
131,beaches.
131,and
131,region
131,50e
131,undulating
131,Algarve
131,Anear
131,32075
131,"small,"
131,side
131,Aljezur
131,begin
131,swells
131,an
131,naturally;
131,Ahe
131,surf
131,beaches
131,northern
131,03}
131,and
131,"good,"
131,other
131,Sagres
131,open
131,brings
131,Iberian
131,contain
131,The
131,visit.
131,absinthel
131,and
131,even
131,down
131,European
131,Arlantic
131,gently
131,big
131,rocks
131,take
131,sumnmner
131,about
131,the
131,the
131,empty
131,rocks.
131,and
131,ruins
131,wide
131,che
131,doesn €
131,Ano
131,Arom
131,potential
131,leading
131,Athe
131,woIY
131,doesn'
131,on
131,good
131,town
131,Cape
131,surfers
131,5n1)
131,Apart
131,few
131,major
131,with
131,located
131,when
131,long
131,west
131,36111 )
131,side
131,Bewore
131,surfers
131,soine
131,has
131,'Sagres =
131,area
131,lively
131,(4-
131,(lttle
131,"fields,"
131,and
131,vibe
131,although
131,country
131,che
131,Tucous
131,Jast
131,(coast
131,The
131,the
131,Massles
131,LSft
131,advantage
131,meet.
131,window
131,has
131,well
131,there 
131,"Portugal,"
131,hordes
131,breaks.
131,cliffs
131,waves
131,small
131,and
131,where
131,Wave
131,West
131,but
131,Arrltana
131,(2Sm1)
131,The
131,coasts
131,and
131,owns
131,{crowded
131,~sampled
131,home
131,high
131,and
131,undleveloped
131,rocks
131,"Flocallsm,"
131,ot
131,swell
131,Chign-
131,Mazords
131,"Vincent,"
131,Services
131,OWn
131,cove
131,Ahe
131,Aokmn
131,helr
131,sharp
131,south
131,have
131,forests)
131,more
131,srlne
131,outside
131,Shere
131,Sapres
131,Roine
131,Lagos
131,You
131,Superb
131,fron
131,Ahe
131,and
131,About
131,Travel
131,has
131,Slay
131,hg
131,Co2
131,(gettlno
131,he
131,he
131,Kespect
131,ocal
131,shops
131,sheler
131,"Mlmnhted ,"
131,S001es
131,ehulled
131,especlally
131,tonye
131,whth
131,11essute
131,norch
131,"poshlon,"
131,end
131,8011
131,and
131,"Arrfana ,"
131,slowly
131,Festablished
131,ehhonate
131,5ronna
131,good
131,Tenains
131,018
131,ore
131,nee2en
131,ange
131,widely
131,ow
131,polntbreako
131,1oi
131,Atanthe
131,nonth
131,0hoose
131,Gbsinthel
131,here
131,30ninei
131,Aport
131,with
131,had
131,Memnevtanean
131,ihiough
131,averaue
131,he
131,never
131,Well
131,notlonal
131,0ee
131,a
131,Water
131,nolish 
131,Dut
131,Minte
131,entrgi
131,601non
131,Vaintan
131,hook
131,10n
131,chea
131,0espte
131,notonei
131,200ies
131,Moath
131,0101es
131,he
131,Di
131,Ahe
131,Mandy
131,10i
131,10na
131,a
131,hioneso
131,0nve
131,320n
131,120en
131,hon
131,729046 /8
131,oivinu
131,Alvarve
131,counanon
131,Wone
131,0n
131,One
131,100ne
131,unve
131,'069n6n
131,0ny
131,he
131,s
131,76n1a7
131,eklea
131,00i0ine
131,Mavneto
131,6
132,1
132,3
132,6
132,40
132,che   0f
132,(2
132,8r
132,0
132,6811 
132,12
132,o<
132,K0
132,I<
132,NCs
132,Ur
132,bi8
132,54
132,3e
132,19
132,s ?
132,"15 ^"""
132,05
132,0
132,0
132,che
132,be
132,f<
132,5
132,co
132,4
132,C
132,che
132,10
132,1
132,01
132,Ahe
132,20
132,95
132,he
132,he
132,ro
132,1o
132,01
132,S5'
132,Ahe
132,co
132,1s >
132,(o
132,01
132,"0"""
132,Ahe
132,khe
132,Ko
132,C
132,05
132,05
132,(
132,che
132,ane
132,Ane
132,81
132,Jor
132,01
132,5
132,Ane
132,(ne
132,51
132,1
132,40
132,Ahe
132,Ve
132,6o
132,3
132,An
132,2
132,Algarve
132,The
132,EUROPE
132,10
132,Fon
132,ind
132,ton
132,nni
132,ene
132,r
132,Portugal
132,Zavial
132,{orke
132,Hand
132,sweil
132,Spain
132,neenl
132,She
132,coacu
132,There s
132,with
132,coutn
132,Carrapar
132,Acera
132,conspire
132,nighthanders .
132,headhien
132,Uohe
132,Rocha
132,around
132,Marlon
132,Ahich
132,called
132,rhat
132,peel
132,Shor
132,"beachbreak ,"
132,spot;
132,swells
132,the
132,rights
132,mix
132,year
132,wave
132,corner
132,over
132,was
132,levant'
132,intoxicating
132,Treacherous
132,big7
132,times
132,and
132,until
132,rideable
132,restern
132,classic
132,influences.
132,central
132,experienced
132,very
132,duration
132,explored
132,breaking
132,remains
132,this
132,7226225
132,south
132,aves
132,channel
132,winds.
132,undeveloped
132,722
132,22125E5
132,CLeTe
132,reefs
132,Mediterranean
132,0325
132,and
132,mesh
132,4304
132,uncrowded
132,headland
132,scattered
132,start
132,only
132,i
132,E202228
132,classic
132,backpacking
132,Peninsula
132,beaches.
132,and
132,region
132,San
132,undulating
132,Algarve
132,Anear
132,8807s
132,"small,"
132,side
132,Aljezur
132,begin
132,swells
132,"naturally,"
132,surf
132,beaches
132,025
132,northern
132,and
132,"good,"
132,Sagres
132,other
132,Iberian
132,open
132,brings
132,contain
132,The
132,absinthel
132,visit.
132,and
132,even
132,down
132,European
132,Arlantic
132,gently
132,big
132,rocks
132,take
132,for
132,summner
132,about
132,the
132,empty
132,rocks.
132,and
132,ruins
132,wide
132,the
132,doesn t
132,doesn t
132,Afrom
132,potential
132,leading
132,worY
132,town
132,good
132,Cape
132,surfers
132,511 )
132,few
132,major
132,with
132,Apart
132,located
132,when
132,long
132,west
132,16171 )
132,rside
132,Beware
132,surfers
132,somne
132,Chas
132,Sagres '
132,lively
132,area /
132,Ulttle
132,"fields,"
132,alrhough
132,and
132,vibe
132,country
132,rhe
132,80ucous
132,last
132,coast
132,The
132,LSfr
132,Massles
132,advantage
132,mncet.
132,window
132,the
132,well
132,has
132,Ahere's
132,"Porrugal,"
132,cliffs
132,hordes
132,breaks.
132,small
132,Fand =
132,waves
132,where
132,Wave
132,West
132,~but
132,Aurltana
132,(2Sm1)
132,The
132,coasts
132,and
132,owns
132,(crowded
132,sompled
132,Chigh
132,home
132,and
132,undeveloped
132,rocks
132,"ocallsn,"
132,swell
132,high.
132,"Vincent,"
132,Mazords
132,Services
132,Own
132,cove
132,Aokm
132,south
132,helr
132,Oi
132,Esharp
132,have
132,(ofesis
132,Isrline
132,Mor
132,outside
132,here
132,Sapres
132,60ie
132,~you
132,Logos
132,Superb
132,from
132,Ahe
132,and
132,About
132,travel
132,has
132,stay
132,C02
132,he
132,he
132,getting
132,Kespect
132,ocals
132,sheher
132,shops
132,"lmnlted,"
132,Saqres
132,ehilled
132,Fespeclally
132,touge
132,wvith
132,71ess0ie
132,north
132,poshlon
132,end
132,3u11
132,and
132,"Arrfana,"
132,slowly
132,sestablished
132,ehhonate
132,001 
132,Kood
132,(eiains
132,01e
132,Jare
132,2
132,ange
132,~wIdely
132,Low
132,polntbrcake
132,10'
132,Atlanthe
132,Ononln
132,ee
132,hoose
132,30nineis
132,absinthel
132,here
132,sport
132,with
132,hae
132,hrouoh
132,@ne0n
132,0verane
132,never
132,Well
132,natlonal
132,Vee1
132,water
132,0er
132,Anouish
132,Medheree
132,but
132,inte
132,Hon
132,42nrai
132,60ninon
132,alnlall
132,Ahe
132,hook
132,10n
132,chean
132,Uespne
132,Oononei
132,0012s
132,aath
132,0101e9
132,he
132,D6i
132,he
132,F0i
132,Mandy
132,10n
132,a
132,0ne
132,201
132,hohesg
132,721ne
132,8nen
132,72nio/6
132,Mestnanon
132,oiving
132,one
132,an
132,Alvarve
132,"76,6tn"
132,1201nei
132,June
132,60nn7
132,any
132,10/
132,96nai
132,Skler
132,(0ni0ine
132,hes
132,Navuaton
132,V1ov 81
132,028978'863
133,^ 0
133,{6
133,3
133,ìS
133,40
133,0
133,(:
133,88
133,06
133,Ahe
133,811 '
133,1:
133,65
133,K0
133,L
133,ACs
133,Ur
133,bi8
133,s
133,e
133,15
133,s ^
133,s
133,05
133,0
133,01
133,be
133,5
133,co
133,~
133,VC
133,ahe
133,01
133,khe
133,49
133,15
133,Ane
133,he
133,O
133,o
133,05
133,S5
133,Ahe
133,co
133,1s >
133,rO
133,01
133,"0"""
133,Ahe
133,1o
133,A
133,01
133,ne
133,61
133,0
133,12
133,K
133,Ao
133,81
133,1
133,4
133,40
133,e
133,oN
133,3
133,Aw
133,Ane
133,Algarve
133,The
133,EUROPE
133,Fo
133,0p
133,PortugAL
133,Zanal
133,{02re
133,and
133,0u
133,well
133,Spain
133,InCenl
133,ne
133,coacu
133,Blas e
133,There
133,in
133,south
133,Ncera
133,raor
133,Conspire
133,nighthanders .
133,headhien
133,"Juhohe,"
133,Rocha
133,around
133,Marlon
133,which
133,called
133,rhat
133,che
133,peel
133,'Shor
133,"spot, "
133,beachbreak .
133,swells
133,rights
133,mLX
133,year:
133,wave
133,corner
133,Was
133,over
133,intoxicating
133,Treacherous
133,levane'
133,big
133,Kuimes
133,and
133,rideable
133,western
133,until
133,classic
133,influences.
133,central
133,experienced
133,very
133,(durauion
133,explored
133,breaking
133,remauins
133,this
133,222485
133,south
133,an
133,waves
133,channel
133,winds.
133,undeveloped
133,72
133,2220225
133,eeTE
133,reefs
133,Mediterranean
133,for
133,30323
133,and
133,3o
133,mesh
133,the
133,headland
133,ded
133,scattered
133,start
133,only
133,03
133,5208228
133,classic
133,backpacking
133,Peninsula
133,uncrowe
133,beaches.
133,region
133,and
133,0a
133,undulating
133,Algarve
133,to
133,near
133,52055
133,"small,"
133,side
133,begin
133,swells
133,Aljezur
133,naturallys
133,surf
133,beaches
133,03}
133,northern
133,and
133,"good,"
133,other
133,Sagres
133,0a{s
133,Iberian
133,open
133,contain
133,brings
133,The
133,Fabsinthel
133,visit.
133,and
133,even
133,down
133,Arlantic
133,European
133,gently
133,big
133,rocks
133,for
133,take
133,summer
133,about
133,rocks.
133,and
133,the
133,empty
133,ruins
133,wide
133,the
133,doesn t
133,potential
133,from
133,leading
133,doesn'
133,worY
133,town
133,good
133,Cape
133,5n1)
133,surfers
133,With
133,major
133,located
133,che
133,Apart
133,few
133,long
133,when
133,west
133,",6111 )"
133,rside
133,Beware
133,surfers
133,of
133,somne
133,Chas
133,Sagres -
133,lively
133,area
133,(lttle
133,"fields,"
133,and
133,although
133,"""the"
133,country
133,vibe
133,Alast
133,10ueous
133,(coast
133,he
133,the
133,advantage
133,1Sfc
133,Massles
133,meet.
133,window
133,the
133,has
133,well
133,the
133,Ihere'
133,"Portugal,"
133,cliffs
133,hordes
133,breaks.
133,small
133,Walve
133,waves '
133,where
133,Fand -
133,west
133,but
133,Arrltana
133,(2Sm1)
133,The
133,coasts
133,and
133,owns
133,(crowded
133,sampled
133,high
133,home
133,and
133,undeveloped
133,swell
133,"Flocallsm,"
133,rocks
133,or
133,hign-
133,"Vincent,"
133,Mazands
133,Services
133,OWn
133,Aokm
133,cove
133,Ahe
133,south
133,(ofests
133,Ihen
133,sharp
133,0ie
133,have
133,coastline
133,moro
133,outslde
133,Sapres
133,Roine
133,Ahere
133,froin
133,Lagos
133,superb
133,you
133,Ahe
133,eavel
133,and
133,About
133,has
133,Slay
133,Ing
133,he
133,he
133,getting
133,Kespect
133,shelcer
133,locals
133,shops
133,3a91es
133,"llmnhted ,"
133,eholled
133,especlally
133,with
133,oue
133,Fiessuie
133,poshon
133,norch
133,end
133,6u1
133,and
133,"Arrifana ,"
133,slowly
133,established
133,ehonate
133,tom
133,Kood
133,72i8in
133,09
133,Jare
133,heeeen
133,ange
133,wIdely
133,Low
133,polntbrcake
133,1o1
133,Atanthe
133,nonth
133,30nninei
133,hooee
133,abslnthel
133,here
133,sport
133,wuth
133,had
133,Memmeitanean
133,hrouoh
133,@veraje
133,he
133,never
133,Well
133,natlonal
133,0ee1
133,(water
133,er
133,Enohsh
133,bot
133,ioste
133,nurgi
133,ainlall
133,80nion
133,ne
133,hook
133,10n
133,0e0n
133,pesphe
133,notonei
133,0707e9
133,50015s
133,Agath
133,ne
133,Do
133,he
133,aa |
133,Mandy
133,70na
133,09ne
133,320
133,Monesi
133,12inen
133,hen
133,"2nj""/"
133,Alvarve
133,Mestinonon
133,oivino
133,one
133,"016,6n"
133,30/ei
133,unes
133,7any
133,epgee 
133,ne
133,00086
133,Vion 31
134,3
134,08
134,4
134,0
134,0
134,811 12
134,88
134,67
134,M
134,9
134,K0
134,L
134,Ars
134,Ur
134,5
134,15
134,9s ?
134,1e
134,is 2
134,05
134,05
134,be
134,01
134,fo<
134,15
134,o
134,4
134,N
134,Khe
134,10
134,E
134,0
134,khe
134,95
134,ihe
134,he
134,o
134,fo'
134,05
134,Ahe
134,1o
134,o
134,S5'
134,Ahe
134,o' no
134,5
134,che
134,1o
134,sew
134,S
134,05
134,05
134,nas
134,ane
134,Nne
134,ne
134,01
134,1s
134,K
134,81
134,1
134,4
134,Ve
134,6
134,1
134,3
134,4e
134,Algarve
134,The
134,EUROPE
134,10
134,Mind
134,{ne
134,Portugal
134,Lavial
134,{orke
134,and
134,Well
134,Spain
134,Vinccnl
134,ne
134,Coase <
134,(Blace
134,Theres
134,wirh
134,couth
134,cera
134,conspire
134,nighthanders .
134,headhien 
134,"Uohe,"
134,Rocha
134,around
134,"Marlon,"
134,which
134,called
134,rhar
134,the
134,peel
134,Sho
134,"beachbreak ,"
134,"spOl,"
134,swells
134,the
134,rights
134,mix
134,wave
134,year.
134,corner
134,was
134,over
134,intoxicating
134,Treacherous
134,'levanr'
134,big
134,uimes
134,and
134,western
134,bie
134,until
134,rideable
134,central
134,classic
134,influences.
134,experienced
134,very
134,explored
134,duranion
134,breaking
134,this
134,remuins
134,south
134,9224s
134,aves
134,channel
134,undeveloped
134,winds.
134,2222528
134,reefs
134,CUMATE
134,Mediterranean
134,4929
134,and
134,mesh
134,"530"""
134,the
134,uncrowded
134,scattered
134,headland
134,start
134,only
134,03
134,E2222
134,classic
134,Peninsula
134,backpacking
134,and
134,beaches 
134,a
134,region
134,undulating
134,Algarve
134,Anear
134,52055
134,"small,"
134,side
134,begin
134,an
134,swells
134,Aljezur
134,"naturally,"
134,surf
134,beaches
134,6s
134,northern
134,and
134,"good,"
134,Sagres
134,other
134,Iberian
134,open
134,contain
134,The
134,brings
134,'visit.
134,absinthel
134,and
134,down
134,even
134,Arlantic
134,European
134,gently
134,big
134,rocks
134,take
134,rocks.
134,rhe
134,summner
134,about
134,empty
134,and
134,wide
134,ruins `
134,the
134,doesn t
134,doesn' 1
134,potential
134,leading
134,Afrom
134,town
134,On
134,On
134,worrY
134,good
134,Cape
134,51)
134,surfers
134,major
134,with
134,located
134,long
134,Apart
134,when
134,west
134,side
134,56111 )
134,Beware
134,surfers.
134,some
134,lively
134,Sagres '
134,area
134,"fields,"
134,and
134,~little
134,although
134,country
134,che
134,vlibe
134,last
134,10ucous
134,the
134,advantage
134,Stc
134,(coast
134,The
134,mncet.
134,Massles
134,window
134,well
134,has
134,there'
134,"Porrugal,"
134,cliffs
134,small
134,hordes
134,breaks.
134,where
134,Wave
134,waves '
134,and
134,(West
134,(2Sm1)
134,AnrMtana
134,but
134,The
134,coasts
134,and
134,towns
134,high
134,(crowded
134,sampled
134,and
134,home
134,swell
134,undeveloped
134,"Flocallsn,"
134,rocks
134,lot
134,hign.
134,"Vincent,"
134,Mazonds
134,"Servlces,"
134,OWI
134,cove
134,AOkmn
134,the
134,south
134,orests)
134,hehr
134,0ie
134,Esharp
134,have
134,coastline
134,outslde
134,noe
134,Sapres
134,Ahere
134,Soine
134,superb
134,fron
134,you
134,Lagos
134,Ahe
134,and
134,About
134,havel
134,hes
134,tay
134,ins
134,he
134,he
134,(etting
134,Kespect
134,sheher
134,ocals
134,Sa91es
134,shops
134,"Almnhted ,"
134,chilled
134,especlally
134,with
134,one
134,north
134,Fessun
134,poehulon
134,tend
134,Arrifana
134,and
134,807
134,slowly
134,Kood
134,snmale
134,001 
134,sestablished
134,7enains
134,019
134,Jare
134,ee2en
134,tange
134,Low
134,~wldely
134,on
134,volntbrcak
134,Atanthe
134,mnonth
134,hoose
134,30ninei
134,abolnthel
134,here
134,wuh
134,Spor
134,throuoh
134,had
134,@nean
134,veraje
134,he
134,never
134,Well
134,natlonal
134,0ee1
134,water
134,Ver
134,Meriene
134,Dut
134,Enohish
134,ings
134,toll
134,(ennai
134,ainlall
134,(0n
134,06n0n
134,he
134,hook
134,cheon
134,0espie
134,nonomnei
134,121n0e70101ey
134,Sauier
134,he
134,doath
134,00
134,Aho
134,e0i
134,Mandy
134,00
134,01nei
134,320
134,hoheso
134,8n8n
134,2n' /8
134,Mestinouon
134,Aevino
134,Mone
134,Alvarve
134,Gn
134,7660n
134,20nne
134,une
134,70n
134,toe
134,he 
134,7101ei
134,poee 
134,e
134,0008i6 
134,08i
134,"V1,n 21"
135,38
135,558
135,0
135,{e
135,4
135,0
135,05
135,1:
135,8r
135,1
135,o<
135,Ko
135,V<
135,ACs
135,Ur
135,s
135,8e
135,0n
135,05
135,1S
135,05
135,01
135,be
135,fo'
135,15
135,ro
135,NC
135,rhe
135,O
135,15
135,01
135,21
135,95
135,Ane
135,he
135,o
135,fo'
135,01
135,Ko
135,65 2
135,O
135,55'
135,che
135,01
135,"0"""
135,o( n0
135,C
135,Ahe
135,o
135,e
135,06
135,0
135,che
135,ane
135,(ne
135,01
135,01
135,1s
135,Ane
135,85
135,An
135,1
135,101
135,s1
135,0
135,Ane
135,Ve
135,Ane
135,Ane
135,4
135,3
135,A
135,Algarve
135,The
135,EUROPE
135,10
135,Fa
135,nd
135,n
135,eo
135,ehc
135,Portugal
135,Lavial
135,{02ke
135,and
135,Well
135,SpaiN
135,Vinceng
135,Coacu
135,(Blace
135,There
135,n
135,Carrapat
135,couin
135,Acera
135,conspire
135,nighthanders.
135,'headhien
135,"Upke,"
135,Rocha
135,around
135,Marlon
135,which
135,called
135,thar
135,the
135,peel
135,Shol
135,"beachbreak ,"
135,"""spot;"
135,che
135,swells
135,76-8ft /
135,mix
135,righrs
135,year
135,corner
135,wave
135,was
135,over
135,intoxicating
135,Treacherous
135,levant'
135,big7
135,times
135,and
135,biø
135,western
135,until
135,rideable
135,central
135,classic
135,influences.
135,experienced
135,very
135,durauion
135,explored
135,breaking
135,remains
135,382445
135,south
135,this
135,waves
135,channel
135,undeveloped
135,winds.
135,29
135,824c-es
135,CLetE
135,Mediterranean
135,reefs
135,02432d
135,and
135,mesh
135,dow
135,che
135,uncrowded
135,scattered
135,headland
135,start
135,only
135,1
135,E220822
135,classic
135,Peninsula
135,backpacking
135,and
135,beaches.
135,region
135,undulating
135,Algarve
135,Anear
135,8805s
135,"small,"
135,side
135,begin
135,swells
135,Aljezur
135,che
135,"naturally,"
135,surf
135,beaches
135,15s
135,northern
135,and
135,"good,"
135,Sagres
135,042s
135,Iberian
135,other
135,contain
135,open
135,The
135,brings
135,visit.
135,absinthel
135,down
135,even
135,and
135,Arlantic
135,European
135,gently
135,big
135,take
135,rocks
135,che
135,summner
135,about.
135,empty
135,rocks.
135,the
135,and
135,wide
135,ruins
135,doesn t
135,doesn t
135,potential
135,leading
135,Urom
135,town
135,the
135,worY
135,good
135,Cape
135,Sm)
135,surfers
135,major
135,with
135,located
135,Apart
135,Afew
135,long
135,when
135,side
135,west
135,6111 )
135,Beware
135,surfers.
135,Jively
135,some
135,Chas
135,'Sagres =
135,area
135,"fields,"
135,and
135,Uittle
135,although
135,country
135,vlbe
135,last
135,10ucous
135,1Sfc
135,coast
135,The
135,advantage
135,Hassles
135,meet.
135,window
135,well
135,has
135,theres
135,he
135,"Porrugal,"
135,cliffs
135,hordes
135,small
135,breaks.
135,Wave
135,where
135,and
135,waves
135,(West
135,but
135,(2Sm1)
135,ArrMtana
135,The
135,coasts
135,and
135,high
135,owns
135,{crowded
135,sampled
135,and
135,home
135,swell
135,undeveloped
135,"locallsn,"
135,ot
135,rocks
135,hign.
135,"Vincent,"
135,Seivices
135,Mazonds
135,own
135,Aokmn
135,cove
135,south
135,Rorests
135,hei
135,Jore
135,sharp
135,have
135,coastlne
135,outslde
135,ior
135,Sapres
135,Ahere
135,Ronne
135,superb
135,Aroi
135,0(
135,~you
135,~Lagos
135,Ahe
135,and
135,About
135,havel
135,has
135,stay
135,he
135,(gettino
135,Kespecl
135,sheher
135,locals
135,Sanies
135,shops
135,chMlled
135,"~lmnlted ,"
135,especlally
135,with
135,71essuie
135,norch
135,poshulon
135,end
135,and
135,8un
135,"Arrifana,"
135,slowly
135,ehuonete
135,established
135,Bood
135,"0701 ,"
135,Teiains
135,0fe
135,hreezes
135,ange
135,Low
135,wldely
135,10
135,volotbrcako
135,Allanti
135,Oonln
135,Choose
135,80ninei s
135,absinthel
135,here
135,wnh
135,Spor
135,had
135,Mechteranean
135,iniough
135,aveiaue
135,never
135,Well
135,natlonal
135,Dee1
135,Water
135,nen
135,Snohish
135,0Mi
135,Ninte
135,on
135,antral
135,80ninon
135,ainlall
135,Dook
135,10n
135,heian
135,0esiie
135,nononai
135,0117e9
135,he
135,Qaurer
135,eath
135,0M
135,e0i
135,Ahe
135,Mandy
135,(0na
135,4ien
135,01nve
135,320
135,12ipei 
135,hohesg
135,Anen
135,7enio /8
135,one
135,Alvarve
135,Mesunouon
135,Moivino
135,Gn
135,7600
135,100/ei
135,une
135,0ny
135,1ee
135,ecklen
135,0080ine
135,ne
135,Navuetos
135,04vi6a0non
135,"Mi, en"
135,0816642426 /
136,40
136,{6
136,4
136,4
136,05
136,0
136,(2
136,88
136,che
136,12
136,0
136,K0
136,J
136,Nrs
136,ur
136,bi8
136,s
136,[e
136,5
136,1s ^1
136,05
136,0
136,the
136,~be
136,0
136,foí
136,ro
136,4
136,K
136,khe
136,22
136,O
136,15
136,01
136,che
136,29
136,15
136,Ane
136,he
136,ro
136,3n8
136,o
136,05
136,S'
136,Ahe
136,Ahc
136,co
136,65 >
136,Ko
136,01
136,"0"""
136,Ahe
136,A
136,05
136,1o
136,01
136,2 :
136,C
136,Ahe
136,Theane
136,he
136,01
136,01
136,95
136,51
136,1
136,6
136,0e
136,A
136,Ane
136,3
136,4
136,Ane
136,4
136,3
136,41
136,Algarve
136,The
136,EUROPE
136,10
136,ind
136,n
136,ORTUGAL
136,Laval
136,ncaf
136,{ork
136,and
136,Qu
136,Sweii
136,Spain
136,Vincent
136,ne
136,Coasl .
136,Tnere s 
136,A
136,wirh
136,Canrapat
136,couth
136,Acera
136,Consoire
136,righthanders
136,"headhien,"
136,"JUoke,"
136,Rocha
136,around
136,Marlon
136,"which,"
136,called
136,the
136,rhar
136,peel
136,'Shg
136,"spot,"
136,"beachbreak,"
136,swells
136,76-8ft /
136,rights
136,mix
136,corner
136,wave
136,year.
136,was
136,over
136,intoxicating
136,Treacherous
136,~levane'
136,big
136,times
136,and
136,estern
136,rideable
136,until
136,central
136,influences .
136,classic
136,experienced
136,very
136,explored
136,durauion 
136,breaking
136,south
136,chis
136,remains
136,182445
136,waves
136,channel
136,undeveloped
136,winds.
136,72 
136,22202es
136,CUATE
136,Mediterranean
136,reefs
136,20300ed
136,and
136,mesh
136,oo
136,ded
136,scattered
136,headland
136,start
136,only
136,43
136,{08ee
136,classic
136,Peninsula
136,backpacking
136,uncrow
136,beaches
136,Saa
136,region
136,and
136,603
136,undulating
136,Algarve
136,53075
136,near
136,"small,"
136,side
136,5
136,begin
136,swells
136,Aljezur
136,"naturally,"
136,surf
136,beaches
136,0s
136,northern
136,and
136,"good,"
136,Iberian
136,Sagres
136,other
136,7250825
136,open
136,contain
136,The
136,brings
136,0
136,absinthel
136,visit.
136,down
136,even
136,European
136,Arlantic
136,gently
136,big
136,rocks
136,for
136,take
136,empty
136,rocks.
136,summner
136,about.
136,and
136,wide
136,ruins
136,che
136,doesn t
136,potential
136,leading
136,Ufrom
136,doesn
136,town
136,woITY
136,good 
136,Cape
136,51n1 )
136,major
136,with
136,surfers
136,located
136,che
136,Afew
136,long
136,Apart
136,when
136,side
136,west
136,36111 )
136,Beware
136,surfers.
136,lively
136,some
136,has
136,Sagres -
136,area 
136,"fields,"
136,and
136,little
136,although
136,the
136,country
136,last
136,10ueous
136,vbe
136,the
136,antage
136,LSft
136,{coast
136,meet.
136,Hassles
136,window
136,well
136,has
136,"Portugal,"
136,Aheres
136,cliffs
136,small
136,hordes
136,breaks.
136,where
136,Wave
136,waves
136,Fand -
136,West
136,~but
136,(2Sm1)
136,Arrltana
136,The
136,coasts
136,adve
136,Fand
136,high
136,Htowns
136,crowded
136,sompled
136,and
136,home
136,swell
136,undeveloped
136,"locallsm,"
136,rocks
136,lot
136,high.
136,"Vincent,"
136,Services
136,Mazards
136,OWn
136,40km
136,cove
136,south
136,Ahe
136,(ofests
136,hen
136,01
136,Asharp
136,have
136,coastlne
136,mofe
136,Sagres
136,outslde
136,Roine
136,Ahere
136,6roin
136,superb
136,you
136,~Lagos
136,About
136,he
136,and
136,ravel
136,has
136,tay
136,he
136,he
136,Oeiing
136,Respect
136,shelrer
136,ocals
136,Sagies
136,shops
136,"lmnlted,"
136,ehilled
136,speclally
136,wIth
136,iessufe
136,north
136,"00sttion,"
136,toy
136,end
136,ana
136,"Arrtfana,"
136,807
136,slowly
136,Kood
136,chonate
136,establlshed
136,"0701n ,"
136,7enain
136,018
136,ee2ee
136,ange
136,Low
136,~wldely
136,10'
136,pointbreako
136,Allanti
136,0nln
136,hoose
136,30niei 
136,abslothel
136,There
136,wath
136,spory
136,iniomoh
136,hael
136,Onean
136,@verajs
136,he
136,never
136,Well
136,notlonal
136,been
136,0er
136,Water
136,Memnene
136,but
136,nohish
136,inite
136,ton
136,central
136,ainlall
136,hocak
136,40n
136,40ninon
136,(heav
136,0espne
136,Mouonai
136,07ey
136,he
136,200iee
136,Maath
136,Du
136,n0i
136,Ahe
136,Mandy
136,0n
136,i0ie
136,0inei
136,321
136,82innen
136,Mones
136,nen
136,"21""/"
136,Mone
136,Alvarve
136,estnonon
136,eivino
136,On
136,0162610n
136,10nne
136,une
136,72n
136,1e7<
136,neckler
136,(0ni0ine
136,e
136,Mavqaton
136,"04016,6 0n16,n"
136,Vipe eni
137,^ 0
137,62
137,{6
137,3
137,69
137,4
137,0f che
137,06che
137,811 12
137,3r
137,S90
137,6
137,12
137,K0
137,VC
137,b18
137,Nrs
137,Ur
137,bi0
137,s
137,[e
137,9s
137,"15 ^"""
137,0
137,05
137,che
137,be
137,01
137,s
137,ro
137,5
137,KC
137,che
137,o
137,5
137,01
137,20
137,13
137,Ane
137,he
137,ro
137,o
137,01
137,S5
137,P
137,ehe
137,co
137,15 2
137,o
137,O1
137,C
137,che
137,05
137,05
137,S61
137,Ahe
137,Ahe
137,he
137,01
137,99
137,K
137,51
137,1
137,0
137,6
137,e
137,A
137,Ane
137,en
137,3
137,4
137,Ane
137,Ane
137,16
137,36
137,6e
137,Algarve
137,The
137,EURopE
137,nd
137,ton
137,Portugal
137,Zanal
137,ncr
137,oce
137,and
137,Weii
137,Spain
137,incent
137,ne
137,coacu
137,Theres
137,(Blas
137,wirh
137,couih
137,cera
137,Canap
137,conspire
137,nighrhanders.
137,"Cheadhien,"
137,"Uohe,"
137,Rocha
137,around
137,Marlon
137,which
137,called
137,hat
137,peel
137,"spot, "
137,"beachbreak ,"
137,swells
137,Fights
137,mix
137,corner
137,wave
137,year.
137,was
137,over
137,intoxicating
137,Treacherous
137,levane'
137,Atimes
137,and
137,western
137,until
137,rideable
137,influences
137,central
137,classic
137,experienced
137,very
137,explored
137,duration 
137,breaking
137,south
137,this
137,remains
137,7222223
137,raves
137,channel
137,undeveloped
137,winds.
137,282
137,72220525
137,ClATe
137,Mediterranean
137,reefs
137,03022d
137,and
137,for
137,co
137,mesh
137,uncrowded
137,scattered
137,headland
137,start
137,only
137,3
137,2220322
137,classic
137,Peninsula
137,backpacking
137,Sa
137,region
137,and
137,beaches.
137,842
137,undulating
137,Algarve
137,S2015
137,Anear
137,"small,"
137,side
137,Jues
137,begin
137,the
137,swells
137,Aljezur
137,naturally.
137,surf
137,0225s
137,beaches
137,northern
137,and
137,"good,"
137,Iberian
137,Sagres
137,other
137,'0828
137,open
137,contain
137,The
137,brings
137,Fabsinthel
137,visit.
137,down
137,and
137,European
137,even
137,Arlantic
137,gently
137,big
137,for
137,take
137,rocks
137,rocks.
137,the
137,summer
137,about
137,empty
137,and
137,wide
137,ruins
137,the
137,doesn t
137,potential
137,leading
137,Ufrom
137,doesn'
137,town
137,On
137,the
137,worY
137,Cape
137,good
137,511)
137,major
137,with
137,surfers
137,located
137,long
137,Apart
137,Afew
137,when
137,countryside
137,west
137,76171 )
137,Beware
137,surfers.
137,lively
137,some
137,has
137,Sagres '
137,area `
137,"fields,"
137,and
137,Aittle
137,although
137,"""the"
137,last
137,vibe
137,Foucous
137,the
137,advantage
137,(coast
137,The
137,mncet.
137,Massles
137,window
137,well
137,has
137,"Porrugal,"
137,Aheres
137,cliffs
137,small
137,hordes
137,breaks.
137,where
137,Wave
137,and 
137,waves
137,West
137,(2Sm11)
137,Anhana
137,but
137,The
137,coasts
137,and
137,high
137,owns
137,crowded
137,and
137,Somnpled
137,home
137,swell
137,undeveloped
137,rocks
137,"locallsn,"
137,Jot
137,hign-
137,"Vincent,"
137,Services
137,Mazards
137,cove
137,own
137,Aokm
137,(ofests
137,south
137,he
137,helr
137,are
137,Esharp
137,have
137,coastline
137,Mor
137,outslde
137,Sagres
137,Ahere
137,Soine
137,Superb
137,fron
137,~you
137,Lagos
137,Ahe
137,and
137,About
137,havel
137,has
137,Slay
137,he
137,he
137,Oeiing
137,Kespect
137,shehrer
137,locals
137,5a91es
137,shops
137,ehilled
137,"lmnhted,"
137,speclally
137,with
137,north
137,7iessun
137,"positon,"
137,end
137,Arrifana
137,and
137,8u7
137,slowly
137,Kood
137,ehmnate
137,cestablished
137,5ronn
137,72ianns
137,019
137,neeee
137,tange
137,Kow
137,~wIdely 
137,101
137,"6F """
137,Atlanthe
137,70nln
137,choce
137,30nnei
137,abslothel
137,There
137,wnth
137,spory
137,Ahronoh
137,Chad
137,Mechtenanean
137,polntbr
137,@yeiane
137,Ahe
137,neven
137,Well
137,natonal
137,Dee
137,{water
137,52i
137,Enohish
137,DMi
137,inste
137,antral
137,70nn0n
137,ainloll
137,Dook
137,10n
137,cheav
137,0espie
137,Douonai
137,72087011e 
137,he
137,100ies
137,daath
137,D
137,neai
137,Mandy
137,'0na
137,M1nen
137,320
137,hohese
137,ine
137,nen
137,"2nj""/"
137,oiving
137,Alvarve
137,Mesuinouon
137,one
137,76096
137,Meanhen
137,une
137,06y
137,76126
137,oee
137,0ni0ine
137,ne
137,oveton
137,"820i6,n0n6n"
138,^ 0
138,{e
138,4
138,76
138,8
138,Ae
138,6
138,0
138,0
138,0f jhe 01
138,n;
138,8r
138,99
138,M
138,Ko
138,I<
138,Nrs
138,ur
138,b18
138,11s
138,'5 ^
138,"15 ^"""
138,0
138,@
138,the
138,be
138,01
138,ro
138,4
138,KC
138,che
138,(o
138,5
138,01
138,20
138,15
138,Ahe
138,he
138,ro
138,Ko
138,05
138,S5
138,ehc
138,no
138,15 2
138,ro
138,"0"""
138,C
138,khe
138,1
138,05
138,01
138,C
138,Ahe
138,Ahe
138,Ne
138,01
138,01
138,1?
138,Ane
138,65
138,1
138,6
138,0?
138,Aen
138,Ane
138,0
138,0
138,Algarve
138,The
138,EURoPE
138,F28
138,ind
138,toen
138,Portugal
138,Lavial
138,{oaks
138,Qus
138,and
138,sweii
138,Spain
138,incent
138,Coacu
138,There
138,in
138,coutn
138,Canraoz
138,Acra
138,conspire
138,nighrhanders
138,headhie/
138,"Uiohe,"
138,'Rocha
138,around
138,Marlon
138,whiche
138,called
138,that
138,peel
138,"""spot,"
138,"beachbreak,"
138,the
138,swells
138,76-8ft /
138,righrs
138,mix
138,corner
138,year.
138,wave
138,was
138,over
138,intoxicating
138,Treacherous
138,levane'
138,big
138,(times
138,and
138,restern
138,until
138,rideable
138,influences
138,central
138,classic
138,experienced
138,explored
138,very
138,durauion
138,Ihe
138,breaking
138,remins
138,7222225
138,south-
138,this
138,aves
138,channel
138,undeveloped
138,winds.
138,52
138,2220225
138,Clate
138,Mediterranean
138,reefs
138,03022d
138,and
138,for
138,co
138,mesh
138,rded
138,scattered
138,headland
138,start
138,only
138,1
138,2220222 
138,classic
138,Peninsula
138,'backpacking
138,uncrow
138,region
138,and
138,beaches.
138,52225
138,752
138,undulating
138,Algarve
138,5301s
138,near
138,"small,"
138,5
138,side
138,begin
138,the
138,swells
138,Aljezur
138,"naturally,"
138,surf
138,0225s
138,beaches
138,and
138,northern
138,"good,"
138,Sagres
138,7550825
138,Iberian
138,other
138,contain
138,open
138,The
138,brings
138,z
138,visit.
138,Fabsinthel
138,European
138,down
138,even
138,rand
138,Arlantic
138,gently
138,big
138,for
138,take
138,rocks
138,the
138,sumniner
138,about.
138,empty
138,rocks.
138,and
138,wide
138,ruins
138,the
138,doesn t
138,doesn t
138,potential
138,leading
138,Afrom
138,town
138,On
138,Athe
138,wOIY
138,good
138,Cape
138,51)
138,major
138,with
138,surfers
138,located
138,long
138,Apart
138,Afew
138,when
138,west
138,side
138,26111 )
138,Beware
138,surfers.
138,Jively
138,some
138,Chas
138,Sagres '
138,area 
138,"fields,"
138,and
138,(ittle
138,although
138,the
138,country
138,Last
138,10ueous
138,vibe
138,advantage
138,Sfc
138,(coast
138,The
138,mcet.
138,Massles
138,window
138,well
138,hes
138,"Porrugal,"
138,Aheres
138,the
138,cliffs
138,small
138,hordes
138,breaks.
138,where
138,Wave
138,and
138,waves
138,west
138,(2Sm1)
138,Anrhtana
138,but
138,The
138,coasts
138,and
138,high
138,owns
138,(crowded
138,sompled
138,and
138,home
138,swell
138,undeveloped
138,"Flocallsm,"
138,lot
138,rocks
138,hign.
138,"Vincent,"
138,Services
138,Mazords
138,cove
138,own
138,Aokm
138,(ofests
138,south
138,Athe
138,Shelr
138,Jare
138,Esharp
138,have
138,coasrline
138,outslde
138,Mor
138,Sapres
138,here
138,Ronne
138,superb
138,fron
138,You
138,Lagos
138,and
138,About
138,ravel
138,hes
138,Sly
138,he
138,gettina
138,he
138,Kespect
138,sheher
138,ocals
138,shops
138,5a91es
138,chllled
138,"llmntted ,"
138,especlally
138,Fiessure
138,whth
138,north
138,p0stion
138,end
138,"Arrafana ,"
138,ana
138,8u1
138,slowly
138,Kood
138,ehhonate
138,estoblished
138,5onn
138,79nains
138,018
138,eeeen
138,onge
138,ow
138,widely
138,10i
138,polntbreake
138,Allantie
138,7onth
138,hoose
138,S0nonen
138,abslothel
138,here
138,with
138,poy
138,hael
138,Onean
138,hrough
138,@verane
138,he
138,never
138,Wella
138,0eei
138,atlonal
138,Water
138,0er
138,Mevnen
138,Anohsh
138,DMt
138,int
138,antral
138,80nion
138,ainlall
138,hook
138,10n
138,he
138,4heav
138,pespne
138,Mouonei
138,01es
138,300ier
138,Maath
138,he
138,0i
138,a |
138,Mandy
138,170n
138,M1ie
138,0nne
138,320
138,12inei
138,Wones
138,2n/
138,Onen
138,Aigve
138,Mesuinouon
138,oiving
138,lone
138,01
138,e0ne
138,"16,690"
138,une
138,70ny
138,1e
138,6ei
138,he
138,96klenn
138,60n10in
138,ae
138,Moveton
138,V1eas 27
138,Aha 
139,^ 0
139,3s
139,3
139,6
139,Ae
139,332
139,4
139,1
139,3r
139,05
139,851
139,8
139,6
139,1
139,(o
139,[
139,Ars
139,Ur
139,b18
139,s
139,3e
139,s
139,5
139,01
139,01
139,01
139,be
139,fos
139,ro
139,5
139,V<
139,che
139,02
139,10
139,15
139,01
139,29
139,5
139,Ahe
139,be
139,Ko
139,1
139,05
139,S1'
139,~he
139,Ahe
139,ahc
139,1s 2
139,Ko
139,Ov
139,C
139,che
139,1o
139,05
139,01
139,C
139,Ahe
139,Ane
139,Ane
139,761
139,1o1
139,01
139,1s
139,65
139,EC
139,41
139,6
139,10'
139,20}
139,3
139,Algarve
139,The
139,EURoPE
139,Fi *
139,ind
139,and
139,'ORTUGAL
139,Lavals
139,{ocke
139,Qv
139,and
139,sweii
139,Spain
139,Vinceni
139,coacu
139,There €
139,Wirh
139,Carrapatev
139,coutn
139,cera
139,{conspire
139,nighrhanders
139,headhie /
139,"Upke,"
139,Rocha
139,around
139,Marlon
139,whiche
139,called
139,the
139,rhar
139,peel
139,of
139,"spot,"
139,"beachbreak,"
139,che
139,swells
139,rights
139,mix
139,corner
139,wave
139,year.
139,was
139,over
139,intoxicating
139,Treacherous
139,levant'
139,big
139,rimes
139,and
139,western
139,until
139,rideable
139,influences
139,central
139,classic
139,experienced
139,very
139,explored
139,durarion
139,breaking
139,rhis
139,remains
139,7622225
139,south
139,an
139,waves
139,channel
139,undeveloped
139,winds .
139,5a
139,2220525
139,(UvATE
139,Mediterranean
139,reefs
139,2 2022
139,and
139,o0
139,mesh
139,the
139,uncrowded
139,scattered
139,headland
139,start
139,only
139,13 
139,108e2y
139,classic
139,Peninsula
139,backpacking
139,50u
139,region
139,and
139,beaches .
139,84238
139,undulating
139,Algarve
139,82075
139,Anear
139,"small,"
139,side
139,begin
139,the
139,swells
139,Aljezur
139,"naturally,"
139,surf
139,05s
139,beaches
139,northern
139,and
139,"good,"
139,Sagres
139,0825
139,Iberian
139,open
139,other
139,contain
139,The
139,brings
139,visit.
139,Fabsinthel
139,European
139,down
139,even
139,and
139,Arlantic
139,gently
139,big
139,for
139,take
139,rocks
139,empty
139,rocks.
139,summer
139,about.
139,and
139,wide
139,ruins
139,doesn €
139,doesn'
139,potential
139,leading
139,Afrom
139,town
139,on
139,the
139,WOITY
139,good
139,Cape
139,51n1)
139,major
139,With
139,surfers
139,long
139,located
139,few
139,when
139,Apart
139,countryside
139,west
139,26171 )
139,Beware
139,surfers.
139,lively
139,some
139,has
139,'Sagres =
139,area
139,"fields,"
139,and
139,little
139,although
139,the
139,last
139,Tucous
139,vibe
139,antage
139,LSfc
139,coast
139,The
139,mneet.
139,Massles
139,window
139,well
139,has
139,"Portugal,"
139,theres
139,the
139,cliffs
139,small
139,hordess
139,breaks.
139,where
139,Wave
139,and _
139,waves
139,west
139,(2Sm1)
139,Arrltana
139,but
139,The
139,coasts
139,adv
139,and
139,high
139,owns
139,crowded
139,sampled
139,and
139,home
139,swell
139,undeveloped
139,"Flocollsn,"
139,rocks
139,hien
139,"Vincent,"
139,Services
139,Mazords
139,OWn
139,Aokm
139,cove
139,orests
139,south
139,Ahe
139,helr
139,Esharp
139,Or
139,Chave
139,coastline
139,outslde
139,moro
139,Sagres
139,Ahere
139,Rone
139,Superb
139,fron
139,Lagos
139,~you
139,and
139,About
139,he
139,vavet
139,hes
139,stoy
139,the
139,he
139,gettina
139,Kespect
139,sheher
139,ocals
139,Sanies
139,shops
139,ehilled
139,"lmhted ,"
139,especlally
139,with
139,iessute
139,norch
139,"position,"
139,end
139,and
139,Sut
139,"Arrafana ,"
139,slowly
139,Kood
139,ehonete
139,0101 
139,eslablished
139,7enains
139,019
139,treeees
139,fange
139,Low
139,widely
139,polnbrcake
139,Atlanthe
139,'onln
139,hooee
139,30nine1
139,abslnthel
139,here
139,wuh
139,spove
139,had
139,0ne0n
139,iniomgh
139,averauo
139,he
139,nevei
139,Well
139,Anatlonal
139,henn
139,Ver
139,water
139,DF
139,Metniei
139,Enouish
139,Dut
139,niote
139,Ioll
139,00inon
139,ainlall
139,hook
139,10n
139,he
139,heion
139,0espne
139,2ni
139,on0i
139,82109/0ine 
139,he
139,9001er
139,oath
139,bml
139,Ahe
139,Mandy
139,1an
139,Winien
139,01nve
139,290
139,hohese
139,"2ni"" / "
139,0n0n
139,Mestnonon
139,viving
139,Oone
139,0n1
139,Alverve
139,aone
139,une
139,70ny
139,1e7
139,he
139,'0ei
139,10o
139,eeone 
139,66i0ine
139,e
139,00vaton
139,V1oven
139,Aho
140,^ 0
140,08
140,832
140,che   01
140,(2
140,168 0
140,05
140,he
140,86
140,12
140,(o
140,I<
140,'0s
140,Ur
140,b18
140,15
140,e
140,42
140,s
140,05
140,0
140,0
140,be
140,15
140,50
140,4
140,K<
140,rhe
140,2
140,o
140,5
140,01
140,2
140,khe
140,an
140,s
140,be
140,ro
140,1o
140,05
140,S1
140,Ahe
140,Ahe
140,5
140,KO
140,00
140,"0"""
140,khe
140,o
140,05
140,Ahe
140,Ahe
140,(ne
140,01
140,0
140,1s
140,Ane
140,05
140,1
140,41
140,4
140,0e
140,3
140,4e
140,0
140,Algarve
140,The
140,EURopE
140,Fta
140,UhC
140,ORtugAL
140,Zaval
140,{orke
140,and
140,gus
140,sweii
140,Spain
140,Mincen
140,ne
140,coasu
140,There <
140,with
140,Carrapaten
140,south
140,cera
140,Conspire
140,nighrhanders
140,headhie /
140,"Uioke,"
140,Rocha
140,around
140,Marlon
140,which
140,called
140,char
140,peel
140,"spot, "
140,"beachbreak ,"
140,swells
140,76-8ft /
140,rights
140,mix
140,corner
140,wave
140,yeaz
140,was
140,over
140,intoxicating
140,Treacherous
140,levant'
140,big7
140,times
140,and
140,restern
140,until
140,rideable
140,influences
140,central
140,classic
140,experienced
140,very
140,explored
140,durarion
140,breaking
140,remains
140,222223
140,south
140,this
140,an
140,waves
140,channel
140,undeveloped
140,winds.
140,537
140,2240225
140,(UVATE
140,Mediterranean
140,reefs
140,0303ed
140,and
140,for
140,0dow
140,mesh
140,che
140,ded
140,scattered
140,headland
140,start
140,only
140,i
140,108e2
140,classic
140,Peninsula
140,backpacking
140,uncrowa
140,50 €
140,region
140,and
140,beaches.
140,803
140,undulating
140,Algarve
140,8501s
140,Anear
140,"small,"
140,side
140,begin
140,swells
140,Aljezur
140,"naturally,"
140,surf
140,0s
140,beaches
140,northern
140,Athe
140,and
140,"good,"
140,Iberian
140,Sagres
140,other
140,'088
140,contain
140,open
140,The
140,brings
140,0
140,visit.
140,Fabsinthel
140,European
140,down
140,even
140,Fand
140,Arlantic
140,gently
140,big
140,for
140,take
140,rocks
140,empty
140,rocks.
140,summer
140,about.
140,and
140,wide
140,rulns
140,the
140,doesn' t
140,potential
140,leading
140,from
140,doesn'
140,town
140,the
140,woIY
140,good
140,Cape
140,511 )
140,major
140,With
140,surfers
140,located
140,long
140,few
140,when
140,Apart
140,rside
140,west
140,76171 )
140,Beware
140,surfers
140,lively
140,of
140,some
140,has
140,Sagres =
140,rarea
140,"fields,"
140,and
140,(ittle
140,although
140,"""the"
140,countrys
140,last
140,vibe
140,0ucous
140,Stt
140,coast
140,The
140,antage
140,mneet.
140,Massles
140,window
140,well
140,has
140,"Porrugal,"
140,Athere's
140,the
140,cliffs
140,small
140,hordes
140,breaks.
140,Wave
140,where
140,and
140,waves
140,west
140,(2Sm1)
140,Aurhana
140,but
140,The
140,coasts
140,adv
140,and
140,high
140,owns
140,(crowded
140,~sampled
140,and
140,home
140,swell
140,undeveloped
140,ocollsnv
140,lot
140,rocks
140,hign.
140,"Vincent,"
140,Services
140,Mazords
140,cove
140,OWn
140,Aokm
140,(ofests
140,south
140,Ahe
140,helr
140,Jare
140,sharp
140,Shave
140,Coastline
140,outslde
140,mor
140,Sagres
140,Shere
140,60ng
140,superb
140,6ron
140,Lagos
140,you
140,and
140,About
140,hravel
140,has
140,toy
140,he
140,qettino
140,he
140,Respect
140,sheher
140,ocals
140,5anies
140,shops
140,chllled
140,"mntted ,"
140,Pspeclally
140,whth
140,F1essuie
140,north
140,posntlon
140,end
140,"Arrafana ,"
140,and
140,3ut
140,slowly
140,good
140,ehonete
140,101
140,establlshed
140,72n8ins
140,019
140,neeee?
140,ange
140,Low
140,~widely
140,o
140,polntbreake
140,Atanthe
140,nonth
140,30ninen
140,hoose
140,absinhel
140,here
140,wnth
140,spor
140,Chad
140,Medhterranean
140,hrouoh
140,aveiaje
140,Ahe
140,never
140,Well
140,natonal
140,Deei
140,water
140,Per
140,Snouish
140,buu
140,Miote
140,toll
140,entral
140,806inon
140,ainlall
140,book
140,(an
140,ne
140,hei ne
140,pespne
140,Onai
140,01ies
140,he
140,300ier
140,Aaath
140,bM
140,0
140,Ahe
140,Mandy
140,1ian
140,Winie
140,1ne
140,empen
140,291
140,Mones
140,21j9/
140,0n0n
140,Alvarvo
140,Jasunanon
140,aoivino
140,honve
140,01
140,7a0nne
140,060n
140,June
140,70ny
140,10e
140,he
140,Skler
140,0ni0ine
140,haa
140,06910010
140,0820660uen
140,V1ea6
141,^ 0
141,0s
141,An
141,6
141,Ae
141,ry
141,40
141,che   01
141,(2
141,88
141,0
141,8}1
141,S
141,1
141,K0
141,V
141,90
141,Ur
141,As
141,[e
141,an
141,01
141,5
141,s
141,0
141,0
141,be
141,15
141,o
141,4
141,K
141,rhe
141,o
141,15
141,0
141,49
141,Ahe
141,he
141,rO
141,300
141,o
141,05
141,S5'
141,rhé
141,no
141,15 ^
141,KO
141,00
141,"0"""
141,C
141,khe
141,o
141,05
141,Ane
141,ne
141,61
141,Ior
141,01
141,1s
141,01
141,Ane
141,1
141,51
141,0e
141,80)
141,6
141,Ane
141,Aw
141,3
141,Algarve
141,The
141,EURopE
141,Foav
141,ind
141,toen
141,SE
141,UhC
141,Portugal
141,] 
141,Lavial
141,{oake
141,and
141,sweii
141,Spain
141,incen
141,Coacu
141,Thcre
141,irh
141,Carrapatet
141,Asouth
141,cera
141,conspire
141,righrhanders .
141,headhie/
141,"Upke,"
141,Rocha
141,around
141,"Marlon,"
141,whic/
141,called
141,that
141,peel
141,"spot,"
141,"beachbreak ,"
141,the
141,swells
141,mix
141,righrs
141,year 
141,corner
141,wave
141,was
141,over
141,intoxicating
141,Treacherous
141,levant'
141,big
141,Ktimes
141,and
141,restern
141,bis
141,until
141,rideable
141,central
141,classic
141,influences.
141,experienced
141,explored
141,very
141,"durarion ,"
141,breaking
141,remains
141,92244s
141,south
141,this
141,waves
141,channel
141,undeveloped
141,winds .
141,73
141,lices
141,CLATE
141,Mediterranean
141,reefs
141,ooo22
141,and
141,for
141,oon
141,mesh
141,the
141,ded
141,scattered
141,headland
141,start
141,3
141,220822 
141,only
141,classic
141,Peninsula
141,backpacking
141,uncrowe
141,beaches.
141,732225
141,region
141,and
141,Algarve
141,undulating
141,88055
141,Anear
141,"small,"
141,side
141,begin
141,the
141,swells
141,Aljezur
141,"naturally,"
141,surf
141,01s5
141,beaches
141,and
141,northern
141,"good,"
141,Sagres
141,Iberian
141,other
141,5
141,contain
141,open
141,The
141,brings
141,03
141,visit.
141,absinthel
141,down
141,even
141,Arlantic
141,European
141,gently
141,big
141,for
141,take
141,rocks
141,sumnmner
141,empty
141,rocks.
141,che
141,about.
141,and
141,wide
141,ruins
141,the
141,doesn t
141,doesn' €
141,potential
141,leading
141,Arom
141,town
141,the
141,woIY
141,good 
141,Cape
141,51)
141,major
141,with
141,surfers
141,located
141,long
141,few
141,when
141,Apart
141,side
141,west
141,76171 )
141,Beware
141,surters.
141,Jively
141,of
141,somne
141,Chas
141,Sagres '
141,areo '
141,"fields,"
141,and
141,(nttle
141,although
141,the
141,country
141,last
141,vibe
141,Taucous
141,the
141,antage
141,Sfr
141,(coast
141,The
141,mncet.
141,Hassles
141,window
141,well
141,has
141,"Portugal,"
141,Atheres
141,the
141,cliffs
141,small
141,hordes
141,breaks.
141,where
141,Wave
141,and
141,waves
141,West
141,(2Sm1)
141,Arhana
141,but
141,The
141,coasts
141,adve
141,and
141,high
141,owns
141,crowded
141,and
141,sompled
141,home
141,swell
141,undeveloped
141,locollsn
141,rocks
141,hign.
141,"Vincent,"
141,Services
141,Mazards
141,cove
141,Ovn
141,Aokm
141,(ofests
141,south
141,Athe
141,helr
141,Or
141,sharp
141,have
141,coastline
141,outslde
141,mnono
141,Sagres
141,here
141,60ng
141,superb
141,froin
141,0(
141,Lagos
141,he
141,You
141,and
141,About
141,ravel
141,has
141,toy
141,he
141,(qettino
141,Respect
141,shelcer
141,ocale
141,Sague
141,shops
141,chllled
141,Imited
141,Fespecally
141,with
141,fiessute
141,norch
141,"00siuion,"
141,end
141,"Arrtfana ,"
141,and
141,01
141,slowly
141,Kood
141,ehonete
141,t0i
141,cestabllshed
141,7enains
141,018
141,ee2en
141,range
141,Low
141,~widely
141,401
141,polntbreake
141,Allantig
141,inonth
141,30nonen
141,hooae
141,abslnthel
141,here
141,wnh
141,had
141,0nean
141,Apo
141,nhrouoh
141,aveiaje
141,he
141,nevei
141,Well
141,0e9
141,natlonal
141,0en
141,Water
141,De
141,Memnene
141,Enouish
141,DMt
141,Mint
141,toll
141,central
141,806inon
141,aintall
141,hook
141,10n
141,he
141,(neov
141,0eone
141,on0i
141,7210e70ines
141,300res
141,Maath
141,Uhe
141,DMi
141,he
141,Mandy
141,0na
141,Winie
141,1ne
141,221
141,Mohesg
141,"211""/"
141,h0o
141,Mnving
141,onve
141,2n
141,Alverve
141,Mestinanon
141,120/e
141,006n
141,uno
141,10e7
141,000e
141,Scklre
141,20n80ine
141,he
141,vi0eion 
141,V1pn 261
142,^ 0
142,38
142,<
142,38
142,Cy
142,Ae
142,3y
142,40
142,0f jhc 0
142,n
142,8r
142,S
142,12
142,(o
142,L
142,Ns
142,Ur
142,b18
142,s
142,e
142,29
142,05
142,1s
142,1s
142,0
142,01
142,he
142,be
142,K<
142,ro
142,Ko
142,4
142,che
142,2
142,<0
142,1
142,01
142,29
142,95
142,Ahe
142,he
142,Ko
142,o
142,0
142,S5
142,no
142,65 2
142,K
142,"O"""
142,A
142,rhe
142,o
142,05
142,01
142,(
142,Ahe
142,Ahe
142,Ahe
142,ne
142,61
142,01
142,95
142,0
142,65
142,Ane
142,65
142,1
142,41
142,Aw
142,400
142,e
142,46
142,6
142,Algarve
142,The
142,EUROPE
142,Ftan
142,Ortugal
142,Lavial
142,roae
142,and
142,Sweli
142,Spain
142,inceni
142,coaci
142,There <
142,Wirh
142,south
142,Carrapar
142,cera
142,Consoire
142,righthanders.
142,Uoher
142,Cheadhie
142,Rocha
142,around
142,Marlon
142,whice
142,called
142,rhat
142,peel
142,"""spot,"
142,"(beachbreak,"
142,the
142,76-8ft /
142,swells
142,mix
142,righrs
142,wave
142,'year.
142,corner
142,was
142,over
142,intoxicating
142,Treacherous
142,levant'
142,big
142,Atimes
142,and
142,estern
142,until
142,rideable
142,central
142,classic
142,influences.
142,experienced
142,very
142,explored
142,"durauion ,"
142,breaking
142,remains
142,7222225
142,south
142,this
142,waves
142,channel
142,winds.
142,undeveloped
142,23
142,72220225
142,Clete
142,Mediterranean
142,reefs
142,02432d
142,and
142,03ow
142,mesh
142,ded
142,scattered
142,headland
142,start
142,03
142,7202248
142,only
142,classic
142,Peninsula
142,backpacking
142,uncrowe
142,and
142,beaches
142,u
142,region
142,Algarve
142,undulating
142,5301s
142,near
142,"small,"
142,side
142,begin
142,the
142,Aljezur
142,swells
142,"naturally,"
142,surf
142,058
142,beaches
142,and
142,northern
142,"good,"
142,'0823
142,Iberian
142,Sagres
142,other
142,contain
142,open
142,The
142,brings
142,03
142,visit.
142,Fabsinthel
142,down
142,even
142,rand
142,Arlantic
142,European
142,gently
142,big
142,take
142,rocks
142,for
142,the
142,sumnmner
142,Fabout.
142,empty
142,rocks.
142,the
142,and
142,ruins
142,wide
142,doesn t
142,the
142,doesn '1
142,potential
142,leading
142,Arom
142,town
142,on
142,the
142,wOrY
142,good
142,Cape
142,major
142,511 )
142,surfers
142,with
142,located
142,ew
142,long
142,when
142,Apart
142,'side
142,west
142,76111 )
142,Beware
142,surfers.
142,lively
142,some
142,has
142,'Sagres =
142,area
142,"fields,"
142,and
142,(ittle
142,although
142,country
142,Alast
142,the
142,Taucous
142,Mibe
142,(coast
142,The
142,antage
142,I5ft
142,meet.
142,Massles
142,window
142,well
142,has
142,Ahere's
142,"Portugal,"
142,cliffs
142,small
142,hordes
142,breaks.
142,where
142,Wave
142,and
142,waves
142,West
142,but
142,(2Sm1)
142,Arrhana
142,The
142,coasts
142,adva
142,and
142,high
142,owns
142,(crowded
142,sompled
142,and
142,home
142,swell
142,undeveloped
142,rocks
142,"locallsm,"
142,lor
142,hien
142,"Vincent,"
142,Services
142,Mazords
142,OWI
142,Aokmn
142,cove
142,south
142,Ahe
142,forests
142,helr
142,shaip
142,have
142,coastlne
142,Mor
142,Sagres
142,outside
142,Shere
142,Roine
142,superb
142,Aronn
142,You
142,Lago
142,and
142,About
142,ravel
142,hes
142,Sly
142,the
142,he
142,gettino
142,Kespect
142,sheher
142,locals
142,shops
142,Sanies
142,"hmhted ,"
142,chulled
142,speclally
142,with
142,71essuie
142,north
142,p0stion
142,tend
142,3u1
142,"Arrtfana ,"
142,and
142,slowly
142,Kood
142,ehonete
142,5ronn
142,established
142,enains
142,0i0
142,are
142,eg2e?
142,range
142,Fow
142,wIdely
142,101
142,poinbrcake
142,Atantie
142,mnonth
142,30nneis
142,hooae
142,absinthel
142,here
142,wnth
142,had
142,hrough
142,aneen
142,avciaue
142,never
142,Well
142,notlonal
142,Dee1 
142,Water
142,Men
142,Enouish
142,Memien
142,bug
142,Minte
142,Ioll
142,9n16i
142,Faintall
142,Dook
142,10n
142,00ni1on
142,he
142,Pneav
142,pespne
142,on0i
142,12ne70ines
142,he
142,Ra0res
142,Moath
142,bo
142,|
142,he
142,Mandy
142,D0n
142,5ine
142,321
142,hohese
142,4aa
142,8h0n
142,"2n""/"
142,niving
142,one
142,Alvarve
142,Mesunavon
142,0n
142,762600n
142,(e0nne
142,uno
142,70ny
142,e
142,19e/
142,he
142,Jeckles
142,8090ioe
142,e:
142,Navietona
142,"840i6, n6n"
142,V1n 8n1
143,1
143,{6
143,3
143,04
143,6
143,33
143,40
143,0f jhe
143,06 che
143,81112
143,8r
143,1;
143,K0
143,T
143,Nrs
143,Ur
143,bie
143,5
143,e
143,2
143,is ^^
143,05
143,0
143,be
143,01
143,1s
143,ro
143,4
143,Y<
143,rhe
143,r0
143,1
143,0
143,29
143,As
143,he
143,be
143,o
143,05
143,S5
143,Ahe
143,co
143,15 2
143,ro
143,0
143,"0"""
143,S
143,o
143,few
143,05
143,05
143,0
143,Ahe
143,Ahe
143,Ane
143,01
143,01
143,9s
143,K
143,Ane
143,65
143,1
143,41
143,6
143,60
143,e
143,6
143,Aen
143,Ane
143,4
143,Aw
143,1
143,3
143,Algarve
143,The
143,EURopE
143,10
143,Fsa1
143,oen
143,u] 
143,PortugaL
143,Laval
143,ncaf
143,{oake
143,and
143,sweii
143,Spain
143,incen
143,ne
143,coacu
143,Thcre
143,irh
143,south
143,Carrao?
143,cera
143,conspire
143,nighrhanders
143,headhes
143,"Uoke,"
143,Rocha
143,around
143,"Marlon,"
143,whice
143,called
143,char
143,peel
143,"spot, "
143,"beachbreak ,"
143,swells
143,rights
143,miX
143,wave
143,yeaz
143,corner
143,was
143,over
143,intoxicating
143,Treacherous
143,levant'
143,big7
143,Atimes
143,and
143,rideable
143,western
143,until
143,classic
143,influences .
143,central
143,experienced
143,very
143,explored
143,durarion
143,breaking
143,remains
143,222225
143,south
143,this
143,waves
143,channel
143,winds.
143,undeveloped
143,723
143,2220225
143,CUATE
143,Mediterranean
143,reefs
143,03422d
143,for
143,and
143,oon
143,mesh
143,che
143,uncrowded
143,scattered
143,headland
143,start
143,only
143,3
143,E30822
143,classic
143,Peninsula
143,backpacking
143,beaches .
143,s2
143,region
143,and
143,52223
143,undulating
143,Algarve
143,near
143,8201s
143,"small,"
143,side
143,5
143,begin
143,Aljezur
143,the
143,swells
143,"naturally,"
143,surf
143,beaches
143,05s
143,northern
143,and
143,"good,"
143,Iberian
143,to
143,Sagres
143,other
143,open
143,contain
143,brings
143,The
143,03
143,visit.
143,absinthel
143,down
143,and
143,European
143,even
143,Arlantic
143,gently
143,big
143,rocks
143,for
143,take
143,summner
143,about.
143,empty
143,rocks.
143,the
143,and
143,rulns
143,wide
143,C<
143,doesn t
143,the
143,doesn €
143,potential
143,leading
143,Urom
143,town
143,the
143,worrY
143,good
143,Cape
143,51)
143,surfers
143,major
143,with
143,located
143,che
143,long
143,when
143,Apart
143,side
143,west
143,16171 )
143,Aeware
143,surfers.
143,lively
143,some
143,Chas
143,Sagres =
143,area 
143,"fields,"
143,(ittle
143,and
143,although
143,the
143,country
143,vibe
143,last
143,10ucous
143,the
143,(coast
143,The
143,antage
143,LSfc
143,mneet.
143,Massles
143,window
143,well
143,has
143,Ahere's
143,"Portugal,"
143,cliffs
143,small
143,hordes
143,breaks
143,where
143,Wave
143,and
143,waves
143,West
143,but
143,(2Sm11)
143,Arrhtana
143,The
143,coasts
143,adva
143,and
143,owns
143,high
143,crowded
143,somnpled
143,and
143,home
143,swell
143,undeveloped
143,"locallsm,"
143,Alot
143,rocks
143,hien
143,"Vincent,"
143,Services
143,Mazards
143,oWn
143,covC
143,Aokm
143,Ahe
143,(ofests
143,south
143,Ahelr
143,Asharp
143,r
143,have
143,coastlne
143,more
143,outslde
143,Sagres
143,Soig
143,Shere
143,superb
143,fron
143,you
143,Laoe
143,and
143,About
143,hravel
143,has
143,stoy
143,he
143,he
143,ettino
143,Kespect
143,sheher
143,ocals
143,shops
143,Sag1es
143,"lmlted ,"
143,cholled
143,Pspeclally
143,with
143,71essuie
143,north
143,poshulon
143,end
143,and
143,601
143,"Arrifana ,"
143,slowly
143,ehhonate
143,5rona
143,Festabllshed
143,Kood
143,12nains
143,010
143,ee2e?
143,ange
143,ow
143,widely
143,potnubrcake
143,10
143,Atlantle
143,nonth
143,hooae
143,30nnei
143,absinthel
143,here
143,wnh
143,Chad
143,Mederranean
143,Ahrough
143,he
143,averaue
143,never
143,Well
143,notonal
143,henan
143,Water
143,1ei
143,Anolsh
143,buu
143,iote
143,anuai
143,06in0n
143,alntall
143,he
143,hook
143,40n
143,4e0v
143,pespne
143,nenonai
143,300res
143,Maath
143,82108/0nne 
143,he
143,Du
143,20i
143,Mandy
143,70n
143,inten
143,281
143,mohest
143,hen
143,"21"" /"
143,oiving
143,onne
143,0n
143,Alverve
143,Mesuinanon
143,(aenen
143,une
143,70ny
143,10e7
143,000n
143,Neckler
143,40ni0ine
143,e
143,"Noaieton,"
143,Miee 2n1
143,ane
144,^ 0
144,32
144,0
144,3
144,3
144,32
144,20
144,che
144,0
144,12:
144,88
144,05
144,12
144,(o
144,V<
144,bi&
144,Ns
144,Ur
144,b18
144,15
144,e
144,2
144,"1s ^"""
144,05
144,0
144,0
144,be
144,1s
144,o
144,=
144,KC
144,ehe
144,22
144,ro
144,e
144,0
144,20
144,As
144,Ahe
144,38
144,be
144,ro
144,o
144,çoí
144,06
144,S5
144,rhé
144,Ahe
144,9s 2
144,o
144,01
144,"0"""
144,Ahe
144,the
144,1o
144,a
144,0
144,05
144,Ihe
144,he
144,ehe
144,Ior
144,01
144,1s
144,Vas
144,51
144,N
144,s1
144,80
144,0e
144,Awe
144,8
144,1
144,6
144,3
144,Algarve
144,The
144,EURopE
144,Foa1
144,n
144,Shc
144,PortugAL
144,Lamal
144,{oake
144,and
144,en
144,Spain
144,incen
144,ne
144,Coa e.
144,There < ]
144,with
144,Asouth
144,Carraps
144,Aczra
144,Conspire
144,righthanders
144,Cheadhi
144,Rocha
144,around
144,Marlon
144,whis
144,called
144,thar
144,peel
144,"spot,"
144,"beachbreak,"
144,swells
144,che
144,6-8ft (
144,rights
144,mix
144,wave
144,yeaz
144,corner
144,over
144,Was
144,intoxicating
144,Treacherous
144,"levant',"
144,uimes
144,and
144,rideable
144,restern
144,until
144,classic
144,influences .
144,central
144,experienced
144,very
144,explored
144,duration
144,breaking
144,rhis
144,remains
144,222425
144,south
144,waves
144,channel
144,winds.
144,undeveloped
144,5a
144,040es
144,CLATE
144,reefs
144,Medicerranean
144,for
144,0822d
144,and
144,dow
144,mesh
144,~the
144,ded
144,headland
144,scattered
144,start
144,only
144,03
144,88e4
144,classic
144,Peninsula
144,backpacking
144,uncrowe
144,and
144,beaches.
144,region
144,542
144,undulating
144,Algarve
144,Anear
144,8301s
144,"small,"
144,side
144,begin
144,Aljezur
144,the
144,swells
144,"naturally,"
144,surf
144,05s
144,beaches
144,northern
144,and
144,"good,"
144,other
144,Sagres
144,Iberian
144,open
144,brings
144,contain
144,The
144,absinthel
144,visit.
144,s
144,and
144,even
144,European
144,down
144,Arlantic
144,gently
144,big
144,rocks
144,take
144,summer
144,"Fabout,"
144,empty
144,rocks.
144,and
144,ruins 
144,wide
144,the
144,doesn' 
144,potential
144,Ufrom
144,leading
144,worY
144,doesn'
144,town
144,good
144,Cape
144,51n )
144,surfers
144,major
144,with
144,located
144,Apart
144,ew
144,long
144,when
144,west
144,611 )
144,side
144,Beware
144,surfers.
144,some
144,has
144,Sagres -
144,lively
144,orea
144,(ittle
144,"fields,"
144,and
144,although
144,the
144,country
144,ibe
144,Foucous
144,last
144,coast
144,the
144,antage
144,LSft
144,Massles
144,mncet.
144,window
144,Ahe
144,well
144,has
144,Ahere's
144,"Portugal ,"
144,cliffs
144,hordes
144,small
144,breaks.
144,waves
144,where
144,Wave
144,and
144,West
144,but
144,Arltana
144,(2Smn1)
144,The
144,coasts
144,and
144,adv
144,towns
144,crowded
144,samnpled
144,high
144,Chome
144,and
144,undeveloped
144,"ocallsm,"
144,rocks
144,swell
144,hign.
144,"Vincent,"
144,Mazords
144,Services
144,own
144,covC
144,Ahe
144,Aokmn
144,Rorests
144,south
144,Ahelr
144,Asharp
144,0r
144,~have
144,coasrline
144,More
144,routslde
144,Sagres
144,here
144,Some
144,fron
144,superb
144,you
144,Athe
144,and
144,About
144,hovel
144,has
144,stoy
144,he
144,(getting
144,he
144,Respect
144,sheher
144,locals
144,Santes
144,Shops
144,lmnlted 
144,chilled
144,especlally
144,with
144,Fiessute
144,north
144,"poshtlon,"
144,end
144,801|
144,and
144,"Arrifana ,"
144,slowly
144,chonate
144,established
144,Kood
144,001 
144,7enanns
144,are
144,are
144,ee2ee
144,range
144,Low
144,widely
144,0ko
144,on
144,Atanthe
144,nonth
144,hooae
144,30nne7s
144,abslnthel
144,here
144,Wach
144,polntbre
144,had
144,anean
144,hronohy
144,he
144,averaue
144,never
144,Well
144,notlonal
144,Deei
144,Water
144,Vei
144,buu
144,Anolsh
144,Mednerre
144,iote
144,tonl
144,entri
144,807on
144,alntall
144,he
144,hook
144,10n
144,eheian
144,pespne
144,00nonai
144,8210270nes
144,Sa0res
144,Aaath
144,he
144,DMi
144,0i
144,Mandy
144,10n
144,Winen
144,hohese
144,3216
144,8n0n
144,"2nj"" /"
144,Mvving
144,Alvervo
144,Mesunamon
144,honve
144,0n
144,8na
144,e0nne
144,76620n
144,une
144,any
144,he
144,Aganve
144,101ei
144,0000
144,Necrien
144,20ni0in
144,061/
144,7avetoa
144,426
144,Vin 21
144,ha
145,1
145,6
145,e
145,0
145,20
145,0
145,05
145,811 12
145,88
145,12
145,K0
145,Vc
145,Ars
145,Ur
145,b18
145,15
145,15 >
145,Ie
145,5
145,05
145,01
145,0
145,be
145,15
145,ro
145,~
145,K<
145,rhe
145,r0
145,1
145,0
145,00
145,15
145,rhe
145,be
145,0
145,o
145,05
145,S1
145,Ahe
145,65 >
145,ro
145,"0"""
145,he
145,1o
145,a
145,0
145,01
145,Khe
145,Ahe
145,he
145,ne
145,01
145,1ol
145,0
145,5
145,1
145,V6o
145,51
145,1
145,51
145,Ane
145,6w
145,3
145,
145,Algarve
145,The
145,EUROPE
145,10
145,Foa
145,ands
145,thc
145,PortugAL
145,Laval
145,{orke
145,and
145,sweii
145,Spain
145,inceni
145,coasi
145,There <
145,irh
145,Carrapatet
145,south
145,Yezf?
145,conspire
145,righthanders
145,Upke;
145,'headhy
145,Rocha
145,around
145,"Marlon ,"
145,uhy
145,called
145,hat
145,Athe
145,peel
145,"spot, "
145,"beachbreak ,"
145,swells
145,the
145,rights
145,mx
145,wave
145,yeaz
145,corner
145,over
145,was
145,intoxicating
145,Treacherous
145,"levant ,"
145,big
145,Arimes
145,and
145,rideable
145,until
145,restern
145,classic
145,central
145,influences.
145,experienced
145,very
145,durarion
145,explored
145,breaking
145,remuins
145,this
145,32244s
145,south
145,waves
145,channel
145,an
145,winds.
145,undeveloped
145,723
145,41c-es
145,CUVATE
145,Mediterranean
145,reefs
145,for
145,02422d
145,and
145,mesh
145,co
145,che
145,headland
145,ded
145,scattered
145,start
145,only
145,03
145,220322 
145,classic
145,backpacking
145,Peninsula
145,beaches.
145,uncrowe
145,and
145,region
145,san
145,undulating
145,1?
145,Algarve
145,near
145,Ss015
145,"small,"
145,side
145,begin
145,Aljezur
145,swells
145,"naturally,"
145,the
145,surf
145,beaches
145,0ss
145,northern
145,and
145,"good,"
145,other
145,Sagres
145,open
145,0825
145,Iberian
145,brings
145,contain
145,The
145,visit.
145,absinthel
145,and
145,even
145,European
145,down
145,Arlantic
145,gently
145,big
145,rocks
145,rake
145,for
145,summer
145,about.
145,che
145,empty
145,rocks.
145,and
145,ruins
145,wide
145,doesn t
145,the
145,doesn' 1
145,potential
145,Arom
145,leading
145,the
145,worY
145,town
145,On
145,good
145,Cape
145,51)
145,surfers
145,with
145,Apart
145,Aew
145,major
145,located
145,when
145,long
145,west
145,56111 )
145,Beware
145,side
145,surfers
145,some
145,has
145,'Sagres =
145,lively
145,ared 
145,Ulttle
145,"fields,"
145,and
145,although
145,vibe
145,country
145,Foucous
145,ast
145,(coast
145,The
145,the
145,LSft
145,Massles
145,antage
145,meet.
145,window
145,chas
145,well
145,Athere
145,"Portugal,"
145,cliffs
145,hordess
145,breaks.
145,waves
145,small
145,Wave
145,and =
145,where
145,west
145,but
145,Arrltana
145,(2Sm1)
145,coasts
145,The
145,Fand
145,adv
145,owns
145,crowded
145,sampled
145,high
145,Chome
145,and
145,undeveloped
145,rocks
145,"locallsm,"
145,swell
145,hign.
145,"Vincent,"
145,Mazords
145,Services
145,own
145,AOkmn
145,cove
145,Ahe
145,helr
145,south
145,Oi
145,sharp
145,~have
145,forests
145,more
145,coastlne
145,outshde
145,here
145,Sagres
145,Soing
145,aroi
145,you
145,superb
145,he
145,and
145,About
145,havel
145,has
145,toy
145,(eutino
145,he
145,he
145,(Mespect
145,locals
145,sheher
145,shops
145,Sanies
145,lmnhted
145,holled
145,especlally
145,wath
145,Fiessuie
145,north
145,posttion
145,end
145,and
145,01|
145,"Arrfana ,"
145,slowly
145,establlshed
145,chonate
145,"0706 ,"
145,Kood
145,72nain>
145,018
145,a1
145,ee2en
145,ange
145,widely
145,om
145,polmtbreako
145,or
145,Atlanthe
145,nonth
145,hooae
145,Gbsinthei
145,here
145,30nnneis
145,wach
145,anean
145,Ahrouoh
145,Chad
145,he
145,averave
145,never
145,Well
145,natlonal
145,Deei
145,water
145,7ei
145,0e
145,nouish
145,Mevene
145,but
145,Mint
145,toll
145,(enni
145,606ino7nn
145,ainfall
145,10n
145,hook
145,cheav
145,pespne
145,D0non0i
145,300ies
145,daath
145,821n0e70ines
145,he
145,bM
145,he
145,1d0i
145,Mandy
145,70n
145,Winei
145,36p1
145,ohese
145,82ie;
145,8n0n
145,"2nj""/"
145,esunonon
145,Mnvino
145,Aone
145,0n
145,Alvarvo
145,Ona
145,060n
145,Me0 e
145,June
145,e1
145,70n
145,Ahe
145,11ne /
145,11e
145,00on
145,96lee 
145,6uin
145,80680ioe
145,e
145,Maviatona
145,000
145,126
145,"2418/6a7 0116,n"
145,Vitn 8n1
145,"01es4,486 "
145,809898680
145,46vao
146,38
146,{c
146,3
146,0
146,40
146,01
146,05
146,2:
146,88
146,M
146,(o
146,VE
146,zs
146,Vr
146,b18
146,s
146,15 >
146,Ke
146,s
146,05
146,01
146,0
146,be
146,KC
146,foí
146,1s
146,ro
146,~
146,Ahe
146,o
146,95
146,0
146,40
146,be
146,o
146,ro
146,çoí
146,0
146,S'
146,5k
146,ahe
146,co
146,9s 2
146,ro
146,01
146,"O"""
146,rhe
146,o
146,a
146,{he
146,05
146,05
146,Ahe
146,4ioe
146,Ahe
146,5f
146,Ahe
146,Ane
146,761
146,01
146,95
146,Vac
146,66
146,1
146,41
146,6e
146,Ane
146,en
146,681
146,AW
146,6e
146,61
146,3
146,Algarve
146,The
146,EURope
146,10
146,toen
146,Portugal
146,Zavnl
146,{oake
146,and
146,well
146,Spain
146,incen
146,ne
146,cocu
146,Thcre < 
146,irh
146,south
146,Carraps
146,czra
146,Conspire
146,nighthanders .
146,"Upke,"
146,Cheadhy
146,Rocha
146,Faround
146,Marlon
146,why
146,called
146,har
146,the
146,peel
146,"spot,"
146,beachbreak.
146,swells
146,76-8fr (
146,the
146,rights
146,mix
146,wave
146,'year
146,corner
146,over
146,was
146,intoxicating
146,Treacherous
146,~levant
146,big
146,rimes
146,and
146,rideable
146,until
146,western
146,classic
146,central
146,influences.
146,experienced
146,Yery
146,{duratior
146,explored
146,breaking
146,chis
146,remains
146,channel
146,222475
146,south
146,waves
146,an
146,winds.
146,undeveloped
146,723
146,2220525
146,CaTe
146,Mediterranean
146,reefs
146,32
146,and
146,mesh
146,con
146,che
146,headland
146,ded
146,scattered
146,start
146,only
146,3
146,ce4
146,classic
146,backpacking
146,Peninsula
146,beaches .
146,uncrow
146,and
146,region
146,Saa
146,undulating
146,Algarve
146,near
146,8301s
146,"small,"
146,side
146,begin
146,Aljezur
146,swells
146,"naturally,"
146,the
146,the
146,surf
146,beaches
146,northern
146,@s
146,and
146,"good,"
146,other
146,Sagres
146,open
146,brings
146,Iberian
146,contain
146,The
146,absinthel
146,~visit.
146,and
146,even
146,down
146,European
146,Arlantic
146,gently
146,big
146,rocks
146,take
146,the
146,summer
146,about.
146,empty
146,rocks.
146,and
146,ruins
146,wide
146,the
146,doesn t
146,rom
146,potential
146,leading
146,doesn
146,the
146,WoIY
146,town
146,good
146,Cape
146,511)
146,surfers
146,Aew
146,with
146,Apart
146,major
146,located
146,when
146,long
146,west
146,76111 )
146,Aeware
146,side
146,surfers.
146,some
146,has
146,Sagres =
146,farea
146,Jively
146,lttle
146,"fields,"
146,and
146,although
146,country
146,10ucous
146,(coast
146,last
146,Massles
146,antage
146,meet.
146,window
146,has
146,"there"""
146,the
146,well
146,hordes
146,breaks.
146,"Porrugal,"
146,cliffs
146,and =
146,waves '
146,small
146,Wave
146,where
146,West
146,~but
146,Arrhana
146,(2Sm1)
146,coasts
146,and
146,The
146,adva
146,towns
146,crowded
146,Sampled
146,high
146,home
146,undeveloped
146,rocks
146,and
146,"locollsm,"
146,lor
146,swell
146,Mazards
146,hign.
146,"Vincent,"
146,Services
146,own
146,Ahe
146,Aokmn
146,cove
146,south
146,helr
146,0i
146,Asharp
146,have
146,orests)
146,more
146,coasrlne
146,outslde
146,here
146,Sapres
146,Aoine
146,~you
146,superb
146,Aron
146,Ahe
146,Ivavel
146,Fand
146,About
146,has
146,tay
146,gettina
146,he
146,espect
146,he
146,ocals
146,sheler
146,shops
146,Mmited
146,Sat1es
146,ehllled
146,especlally
146,with
146,P1essuve
146,poshtlon
146,north
146,end
146,801|
146,and
146,"Arrifana ,"
146,slowly
146,cestablished
146,chonote
146,801 
146,Bood
146,7enains
146,018
146,ange
146,eeee?
146,~wIdely
146,Low
146,polmtbreako
146,10
146,Atlantie
146,nonth
146,hooee
146,30nnineis
146,abalnthel
146,here
146,wich
146,Chad
146,Mederranean
146,hronoh
146,averaje
146,Well
146,never
146,natlonal
146,Deei
146,Water
146,Nen
146,he
146,Anouish
146,DMt
146,6ine
146,ainell
146,he
146,60nin0n
146,D6ok
146,10n
146,"0"""
146,Despie
146,natonei
146,8n0
146,9401er
146,daath
146,he
146,72100870ines
146,hea
146,DMi
146,Ahe
146,Mandy
146,1i2na
146,inter
146,Miohes
146,381
146,n0n
146,"21""/"
146,uving
146,Alverve
146,Mesunanon
146,Mone
146,004
146,309
146,0ne
146,06620
146,[a0nne
146,uno
146,halt
146,70n
146,0
146,1007<
146,00en
146,eckler
146,e
146,2v16io
146,061/
146,Aio
146,Vion En1
146,06/
146,ae
147,38
147,8
147,o4
147,58
147,K
147,0
147,0
147,86112
147,32
147,1
147,<o
147,I<
147,bi&
147,nrs
147,Ur
147,b18
147,Se
147,As
147,s
147,"1s 2"""
147,05
147,0
147,0
147,be
147,K<
147,rO
147,~
147,Ahe
147,10
147,9s
147,0
147,8
147,the
147,95
147,be
147,ro
147,1
147,foí
147,05
147,S5'
147,he
147,co
147,ro
147,01
147,"0"""
147,15
147,he
147,o
147,<
147,01
147,Ahe
147,Ahe
147,e
147,81
147,Jot
147,01
147,s
147,81
147,4
147,41
147,Ve
147,Aon
147,88
147,3
147,Aw
147,3
147,Algarve
147,The
147,EURopE
147,10
147,Fi
147,vente
147,ind
147,ton
147,ane
147,0d]
147,PortugAL
147,Zaval
147,{oake
147,and
147,wcil
147,SpaiN
147,Vincen
147,ne
147,coas
147,There < 
147,With
147,Carrapatev
147,south
147,Xezr?
147,conspire
147,righthanders.
147,"Upke,"
147,headhg
147,Rocha
147,around
147,Marlon
147,wny
147,called
147,rhar
147,che
147,peel
147,"spot, "
147,"beachbreak,"
147,6
147,swells
147,che
147,rights
147,mix
147,wave
147,yeaz
147,corner
147,over
147,Was
147,Treacherous
147,intoxicating
147,~levant
147,Krimes
147,and
147,rideable
147,until
147,western
147,classic
147,central
147,experienced
147,influences.
147,very
147,{duratior
147,explored
147,breaking
147,remains
147,chis
147,channel
147,south
147,waves
147,32e42s
147,Winds .
147,undeveloped
147,78
147,341Ces
147,CMATE
147,Mediterranean
147,reefs
147,for
147,03432d
147,and
147,mesh
147,headland
147,co
147,the
147,start
147,rded
147,scattered
147,only
147,classic
147,3
147,cei
147,backpacking
147,Peninsula
147,beaches .
147,and
147,uncrowa
147,region
147,undulating
147, €
147,Algarve
147,near
147,"small,"
147,8301s
147,side
147,begin
147,Aljezur
147,swells
147,naturally.
147,an
147,the
147,surf
147,beaches
147,northern
147,63s
147,and
147,other
147,"good,"
147,Sagres
147,open
147,brings
147,Iberian
147,visit.
147,0423
147,contain
147,The
147,absinthel
147,and
147,even
147,2s
147,down
147,European
147,Arlantic
147,gently
147,big
147,rocks
147,take
147,the
147,sumnmer
147,Kabout
147,and
147,ruins
147,empty
147,rocks.
147,wide
147,the
147,doesn t
147,Urom
147,doesn t
147,potential
147,leading
147,Athe
147,worY
147,town
147,good
147,Cape
147,Surfers
147,5n)
147,Apart
147,ew
147,major
147,with
147,located
147,when
147,long
147,16111 )
147,Beware
147,west
147,'side
147,surfers
147,some
147,Chas
147,Sagres =
147,area
147,lively
147,of
147,(lttle
147,"fields,"
147,and
147,10ueous
147,vibe
147,although
147,the
147,country
147,coast
147,The
147,Massles
147,last
147,the
147,1Sfr
147,antage
147,meet.
147,window
147,has
147,heres
147,well
147,hordes
147,breaks.
147,"Porrugal,"
147,cliffs
147,and
147,waves `
147,small
147,Wave
147,where
147,West
147,~but
147,Arrltana
147,(2Smn1)
147,coasts
147,and
147,The
147,advs
147,owns
147,crowded
147,sampled
147,home
147,high
147,undleveloped
147,"locallsn,"
147,rocks
147,and
147,swell
147,Mazards
147,"Vincent,"
147,Services
147,hign.
147,Own)
147,he
147,cove
147,helr
147,Aokmn
147,0
147,sharp
147,have
147,south
147,(ofests
147,mofe
147,outslde
147,coasrline
147,Ahere
147,Aoie
147,Sagres
147,~you
147,from
147,he
147,superb
147,Lag
147,Iavel
147,and
147,About
147,has
147,tay
147,getting
147,the
147,he
147,Aespect
147,locals
147,shops
147,lmntted
147,sheher
147,hllled
147,Saqres
147,Pspeclally
147,whth
147,fiessure
147,poshtlon
147,end
147,norch
147,301
147,and
147,"Arrifana ,"
147,slowly
147,Festabllshed
147,"801 ,"
147,chmnate
147,good
147,emalns
147,018
147,a1e
147,ange
147,28
147,wIdely
147,Low
147,polntbreake
147,40i
147,Atlanthe
147,nonth
147,ee
147,hoose
147,absinthel
147,There
147,Mnnne7s
147,wath
147,had
147,Medherranean
147,Ahrouogh
147,he
147,averaje
147,Well
147,never
147,nouonal
147,Dee1
147,Water
147,Men
147,Dut
147,Enoush
147,Mint
147,central
147,amnanl
147,he
147,60ninon
147,10n
147,hook
147,"neo"""
147,pespne
147,atonal
147,800iee
147,aaath
147,Uhe
147,7270270i7es
147,ui
147,Ahe
147,Mandy
147,70n
147,Wine
147,380l
147,ohese
147,0n0n
147,Aeivioo
147,"2n""/"
147,Ainave
147,Mcsunanon
147,2n
147,Wone
147,Weenne
147,unne
147,neli
147,70ny
147,he
147,1e 
147,072
147,necplon
147,000o
147,0ni0ine
147,e
147,"Movioeto,"
147,066/
147,(28
147,"8418/641 0116,n"
147,V1en 261
147,4
147,"0864 4,466y"
147,484430
148,^ 0
148,3s
148,0
148,8
148,Ge
148,1
148,oy
148,0f cheø 0f
148,8112
148,38
148,M
148,Ko
148,I<
148,Nrs
148,Up
148,Ke
148,S
148,is ^
148,05
148,05
148,01
148,be
148,fo<
148,che
148,o
148,4
148,K
148,Ahe
148,15
148,o
148,1
148,0
148,2
148,ne
148,he
148,ro
148,o
148,fos
148,0
148,S5
148,che
148,Ko
148,"0"""
148,9s
148,rhe
148,1o
148,S
148,01
148,C
148,nas
148,khe
148,Ane
148,Nne
148,01
148,15
148,K
148,Ane
148,V
148,06
148,1
148,4
148,0
148,e
148,Ane
148,An
148,30
148,4
148,2K
148,0
148,3
148,41
148,2v
148,Algarve
148,The
148,EURopE
148,Fost
148,le 
148,Jofe
148,10o
148,ane
148,PortugaL
148,Zavial
148,{oce
148,and
148,swell
148,Spain
148,incent
148,ne
148,Coast
148,Theres
148,wirh
148,Carrapatev
148,south
148,Aczra
148,Conspire
148,righthanders.
148,headhy
148,Rocha
148,around
148,Marlon
148,called
148,rhar
148,peel
148,"spot,"
148,"beachbreak ,"
148,swells
148,the
148,rights
148,mix
148,wave
148,year
148,corner
148,over
148,Was
148,Treacherous
148,intoxicating
148,slevant/
148,big
148,times
148,and
148,rideable
148,bis
148,until
148,classic
148,~western
148,experienced
148,central
148,influences.
148,very
148,(duratior
148,explored
148,breaking
148,remains
148,this
148,channel
148,south
148,aves
148,7256225
148,winds.
148,undeveloped
148,"523,"
148,Medicerranean
148,reefs
148,22102es
148,(vATE
148,and
148,0249ed
148,mesh
148,headland
148,start
148,8430*
148,uncrowded
148,scattered
148,only
148,backpacking
148,classic
148,2
148,eey
148,beaches
148,Peninsula
148,and
148,region
148,undulating
148,near
148,Algarve
148,"small,"
148,side
148,830is
148,begin
148,Aljezur
148,swells
148,"naturally,"
148,the
148,an
148,surf
148,beaches
148,northern
148,0ss
148,and
148,other
148,"good,"
148,open
148,Sagres
148,brings
148,Iberian
148,visit.
148,contain
148,The
148,absinthel
148,0es
148,rand
148,even
148,23
148,down
148,European
148,big
148,Arlantic
148,gently
148,rocks
148,sumnmer
148,take
148,rhe
148,the
148,about.
148,and
148,ruins
148,empty
148,rocks.
148,wide
148,rom
148,doesn t
148,potential
148,leading
148,doesn'
148,the
148,worrY
148,on
148,good
148,town
148,Cape
148,Sm)
148,surfers
148,Apart
148,ew
148,when
148,with
148,major
148,located
148,long
148,2611 )
148,Aeware
148,west
148,side
148,surfers
148,somne
148,Sagres 
148,are
148,(lttle
148,lively
148,of
148,vibe
148,"fields,"
148,and
148,Taucous
148,(coast
148,although
148,country
148,The
148,rhe
148,Massles
148,Alast
148,1Sfr
148,advantage
148,mect.
148,has
148,the
148,window
148,Ahere's
148,well
148,hordess
148,breaks.
148,"Portugal,"
148,cliffs
148,and
148,waves
148,Watve
148,small
148,where
148,West
148,but
148,Aunltana
148,(25mn1)
148,and
148,coasts
148,owns
148,The
148,crowded
148,Sampled
148,home
148,undeveloped
148,"ocallsm,"
148,rocks
148,high
148,Iol
148,and
148,swell
148,Mazords
148,Services
148,"Vincent,"
148,hgh.
148,OWn
148,Ahe
148,cove
148,Ahelr
148,sharp
148,Aokm
148,ore
148,have
148,south
148,(ofests
148,more
148,outslde
148,coastline
148,here
148,soie
148,Sagres
148,~you
148,fron
148,superb
148,vavel
148,About
148,and
148,has
148,tay
148,Uhe
148,etting
148,Kespect
148,he
148,ocals
148,shops
148,lmnhted
148,sheler
148,5a9ies
148,hllled
148,speclally
148,whth
148,Fiessu7e
148,"poshtlon,"
148,end
148,norch
148,801|
148,and
148,"Arrafana,"
148,slowly
148,001 
148,Feslablished
148,chmnate
148,Kood
148,7eians
148,01e
148,eeeen
148,ange
148,wIdel
148,6ks
148,Low
148,on
148,Atlantle
148,nonth
148,chooee
148,abslnthel
148,here
148,80nnneis
148,polntbree
148,wnth
148,had
148,aneen
148,intough
148,he
148,averaug
148,never
148,Well
148,natlonal
148,Deei
148,Water
148,Men
148,Enolish
148,buu
148,Memieie
148,8inos
148,Central
148,806in0n
148,iamenl
148,10n
148,Dook
148,chean
148,pespne
148,natlonal
148,Saorer
148,aath
148,he
148,001es
148,D
148,Ahe
148,Mandy
148,1n20i
148,0f0n
148,Winen
148,Miohes
148,301
148,02in0e7
148,han
148,nvin
148,"2ni""/"
148,Alverve
148,Mestinaton
148,Aone
148,nve
148,06620
148,Meonne
148,une
148,any
148,Ahe
148,10<
148,Sklen
148,7ei
148,006ini
148,00u0n
148,0niine
148,ee
148,"Noviaton,"
148,"8488/6,6 016n"
148,Vipt 8n1
148,04912e
149,38
149,e
149,e
149,40
149,che
149,05
149,1
149,92
149,05
149,rhe
149,12
149,K0
149,<
149,b#
149,Ur
149,bie
149,As
149,45
149,s
149,05
149,05
149,0
149,ro be
149,4
149,Kc
149,che
149,15
149,01
149,o
149,95
149,2
149,be
149,rO
149,o
149,05
149,S1
149,P<
149,Ahe
149,no
149,O
149,9s
149,o
149,
149,05
149,05
149,0
149,Ane
149,Ane
149,Ior
149,01
149,s
149,K
149,V
149,6
149,1
149,4
149,Ve
149,Ane
149,Ane
149,4
149,3
149,Ane
149,1
149,3
149,Algarve
149,The
149,EURopE
149,10
149,Fosu
149,ind
149,[on
149,Ann
149,She
149,r
149,Zaval
149,PoRtugAL
149,ncar
149,{cake /
149,and
149,swell
149,incent
149,SpaiN
149,ne
149,Coase .
149,Tnere s 
149,Wirh
149,Carrapatev
149,Asouth
149,cra
149,conspire
149,righthanders
149,headhy
149,Rocha
149,around
149,Marlon
149,why
149,thar
149,called
149,peel
149,"spot, "
149,beachbreak.
149,76-8f1 /
149,swells
149,rights
149,mix
149,wave
149,year
149,corner
149,over
149,was
149,Treacherous
149,intoxicating
149,~levant
149,its
149,(times
149,and
149,rideable
149,until
149,estern
149,classic
149,experienced
149,central
149,influences.
149,very
149,Khe
149,{duratior
149,explored
149,breaking
149,chis
149,remains
149,channel
149,south
149,an
149,waves
149,282448
149,winds.
149,undeveloped
149,for
149,52
149,Mediterranean
149,reefs
149,22205e5
149,Cate
149,and
149,309ed
149,mesh
149,headland
149,oon
149,the
149,scattered
149,start
149,ded
149,only
149,backpacking
149,720322
149,classic
149,3
149,beaches.
149,Peninsula
149,and
149,uncrowe
149,region
149,undulating
149,Anear
149,€
149,Algarve
149,"small,"
149,side
149,830is
149,begin
149,Aljezur
149,swells
149,naturally;
149,an
149,Ahe
149,the
149,surf
149,beaches
149,northern
149,03s
149,and
149,other
149,"good,"
149,open
149,brings
149,Sagres
149,visit.
149,Iberian
149,Kabsinthel
149,contain
149,The
149,and
149,even
149,down
149,European
149,gently
149,big
149,Arlantic
149,rocks
149,sumnmer
149,about.
149,take
149,the
149,for
149,and
149,ruins
149,rocks.
149,empty
149,wide
149,the
149,from
149,doesn t
149,potential
149,leading
149,doesn'
149,Athe
149,worY
149,on
149,On
149,good
149,town
149,Cape
149,Sm)
149,surfers
149,Aew
149,Apart
149,when
149,with
149,the
149,major
149,located
149,long
149,26111 )
149,Reware
149,west
149,countryside
149,surfers
149,some
149,has
149,Sagres '
149,area '
149,44
149,lttle
149,lively
149,"fields,"
149,vibe
149,and
149,Taucous
149,{coast
149,The
149,although
149,Massles
149,the
149,last
149,the
149,I5ft
149,antage
149,meet.
149,has
149,window
149,Atheres
149,the
149,well
149,hordes
149,breaks.
149,and=
149,waves
149,"Portugal,"
149,cliffs
149,Wave
149,West
149,small
149,where
149,but
149,Arrlfana
149,(2Smn1)
149,and
149,coasts
149,owns
149,The
149,adve
149,(crowded
149,home
149,Sampled
149,undeveloped
149,"ocallsm,"
149,rocks
149,high
149,and
149,swell
149,Mazards
149,Services
149,"Vincent,"
149,own
149,"bigh,"
149,he
149,helr
149,cove
149,r
149,sharp
149,AOkmn
149,have
149,south
149,(ofesis
149,more
149,outslde
149,Ahere
149,coasrline
149,Roine
149,Sagres
149,you
149,he
149,fron
149,superb
149,Iravel
149,About
149,and
149,has
149,tay
149,(etting
149,he
149,Kespect
149,he
149,ocals
149,Sshops
149,sheher
149,lmnhted
149,agies
149,chllled
149,especlally
149,with
149,Presrute
149,poshtlon
149,end
149,north
149,801
149,and
149,slowly
149,"Arrfana,"
149,eslablished
149,"001 ,"
149,ehonate
149,7eians
149,Kood
149,01e
149,01
149,ange
149,12620
149,Wldlel
149,polnbreake
149,Low
149,10
149,nonth
149,Atlanthe
149,hooee
149,There
149,80nneis
149,absinthel
149,wIth
149,Onean
149,Chad
149,hrough
149,Ahe
149,avcrave
149,Well
149,nevet
149,notonal
149,Water
149,Deei
149,7ei
149,enouish
149,bug
149,Medeie
149,Mint
149,tol
149,Cenugi
149,00nnino7n
149,oinfall
149,(0n
149,Dook
149,cheev
149,pesphte
149,Dofonai
149,Sagrer
149,Aaath
149,(011es
149,DMi
149,he
149,Mandy
149,1ne0i
149,70n
149,Winiei
149,Mohes
149,381
149,12in0ei 
149,8n0n
149,dsunaton
149,vivino
149,"21"" /"
149,09
149,Alverve
149,hone
149,Ane
149,76620
149,eo ne
149,une
149,helt
149,72ny
149,748244444
149,10 
149,712i
149,Nerkien
149,000ion
149,20ni0ine
149,Moviatons
149,066/
149,Alaoe
149,(60
149,V1m 86
149,8149106
149,0ne
149,v4
149,ane
149,2ve
150,0
150,88
150,0
150,3e
150,K
150,40
150,0f che_ 0f
150,81112
150,88
150,khe
150,12
150,<o
150,T
150,Ars
150,Ur
150,b18
150,3e
150,s
150,"1s ^"""
150,05
150,0
150,01
150,ro be
150,5
150,Y
150,Ahe
150,15
150,o
150,15
150,01
150,22
150,che
150,an
150,15
150,he
150,be
150,O
150,300
150,o
150,01
150,55'
150,ahe
150,no
150,Ko
150,01
150,"0"""
150,39
150,rhe
150,1o
150,sew
150,A
150,01
150,05
150,C
150,nas
150,ne
150,Ahe
150,Ane
150,01
150,Yor
150,01
150,15
150,Ane
150,V
150,An
150,51
150,1
150,81
150,6
150,e
150,An
150,av
150,Ane
150,3
150,An
150,(28
150,Algarve
150,The
150,EURopE
150,10
150,1
150,ton
150,And
150,Lavnal -
150,Portugal
150,{cake
150,and
150,sweli
150,SpaiN
150,Vincen
150,Coase.
150,Theres
150,irn
150,south
150,Condo
150,Xezra
150,conspire
150,righthanders
150,Uohev
150,headhy
150,Rocha
150,around
150,Marlon
150,why
150,called
150,nar
150,peel
150,"spot, "
150,"beachbreak,"
150,swells
150,rights
150,miX
150,wave
150,'year
150,corner
150,over
150,Was
150,Treacherous
150,'levant
150,intoxicating
150,big
150,Krimes
150,and
150,until
150,rideable
150,classic
150,estern
150,experienced
150,central
150,influences.
150,very
150,durarior
150,explored
150,breaking
150,remauins
150,this
150,channel
150,south
150,waves
150,winds.
150,38544s
150,undeveloped
150,for
150,reefs
150,5a3
150,Mediterranean
150,22202e5
150,CATE
150,and
150,mesh
150,022d
150,headland
150,start
150,"030"""
150,the
150,ded
150,scattered
150,only
150,backpacking
150,classic
150,oaen
150,beaches
150,1
150,Peninsula
150,and
150,uncrow
150,region
150,undulating
150,~near
150,Algarve
150,"small,"
150,side
150,8301s
150,begin
150,Aljezur
150,swells
150,"naturally,"
150,beaches
150,northern
150,surf
150,05s
150,and
150,other
150,"good,"
150,open
150,Sagres
150,brings
150,Fabsinthel
150,'visit.
150,Iberian
150,The
150,contain
150,even
150,down
150,European
150,big
150,Arlantic
150,gently
150,rocks
150,summer
150,take
150,che
150,about.
150,ruins `
150,for
150,and
150,rocks.
150,empty
150,wide
150,the
150,doesn t
150,Afrom
150,doesn 5
150,potential
150,leading
150,the
150,woIY
150,good
150,town
150,surfers
150,Cape
150,Sm)
150,Apart
150,when
150,with
150,located
150,major
150,Beware
150,long
150,west
150,76111 )
150,side
150,surfers
150,somne
150,Sagres
150,area 
150,lttle
150,Jively
150,ibe
150,"fields,"
150,toucous
150,and
150,coast
150,The
150,although
150,country
150,Massles
150,last
150,1Sfr
150,advantage
150,mneet.
150,has
150,the
150,window
150,Ahere'
150,well
150,hordes
150,breaks.
150,Waves
150,ond
150,"Portugal,"
150,cliffs
150,Wave
150,small
150,West
150,but
150,where
150,Anrlfana
150,he
150,(2Sm1)
150,and
150,coasts
150,owns
150,crowded
150,The
150,sampled
150,home
150,undleveloped
150,"locallsm,"
150,~rocks
150,high
150,and
150,swell
150,Mazords
150,Sevices
150,"Vincent,"
150,OWn
150,Athe
150,hign.
150,cove
150,helr
150,sharp
150,Aokmn
150,ore
150,~have
150,south
150,(ofests
150,more
150,outslde
150,Shere
150,coastline
150,Soie
150,Sapres
150,0t
150,~you
150,superb
150,fron
150,avel
150,and
150,About
150,has
150,tay
150,gettina
150,Mespect
150,he
150,locals
150,shops
150,"mnlted ,"
150,sheher
150,chllled
150,especlally
150,Sagies
150,whth
150,Fiessure
150,poshtlon
150,tend
150,780r|
150,north
150,and
150,"Arrifana ,"
150,slowly
150,eslablished
150,ehhonate
150,010n 
150,good
150,79ians
150,018
150,ange
150,ee4en
150,wIdel
150,ake
150,Low
150,or
150,Atlantle
150,nonth
150,hooae
150,abainhel
150,here
150,30nneis
150,vonbroe
150,wIth
150,@nean
150,had
150,Ahe
150,hrough
150,averaue
150,Well
150,never
150,natonal
150,water
150,Deer
150,7ei
150,bug
150,Enouish
150,Medverre
150,Minte
150,antral
150,006inon
150,aiolell
150,(0n
150,hook
150,nodonai
150,pespne
150,aath
150,300ren
150,he
150,88100e78ines
150,Do
150,Ahe
150,hese
150,Mandy
150,80i
150,170n
150,Winie
150,Mohes
150,320l
150,hen
150,nvino
150,Alvarvo
150,Mestinanon
150,"20|"" /8"
150,0n
150,one
150,ne
150,1060
150,e0ne
150,une
150,70ny
150,70287448440
150,10 
150,Je66ien
150,0s
150,008on
150,10ni0in
150,ne
150,Navtetons
150,00
150,040iof0t6an
150,Vin 811
150,14
150,ha
150,Cve
151,32
151,4e
151,G
151,0
151,56
151,3
151,40
151,ahe
151,0
151,81112
151,88
151,0
151,1
151,Ko
151,V<
151,Ars
151,uP
151,Ke
151,1S
151,12
151,15 ^n
151,05
151,0
151,01
151,be
151,ro
151,5
151,NC
151,Ahe
151,27
151,15
151,1o
151,45
151,0
151,che
151,5
151,be
151,<o
151,01
151,S1
151,ahe
151,o
151,"0"""
151,2
151,khe
151,o
151,ac
151,05
151,0
151,4
151,Ahe
151,Ane
151,ne
151,rne
151,01
151,Yor
151,01
151,42
151,Ane
151,Ane
151,65
151,1
151,51
151,10'
151,Ane
151,Ve
151,on
151,Ane
151,6n
151,3
151,6w
151,Algarve
151,The
151,EURopE
151,10
151,Po
151,toen
151,Zaval
151,ncar
151,PortugaL
151,{oake
151,and
151,Swehi
151,Vincen
151,Spain
151,Coas .
151,Theres
151,irh
151,Carrapatets
151,south
151,Aczra
151,Conspire
151,nighthanders .
151,"Uipke,"
151,Cheadhie
151,Rocha
151,around
151,Marlon
151,whi
151,called
151,hnar
151,peel
151,"spot,"
151,"beachbreak ,"
151,swells
151,the
151,rights
151,mix
151,wave
151,year
151,over
151,corner
151,Was
151,Treacherous
151,~levant'
151,intoxicating
151,big7
151,(times
151,big
151,and
151,until
151,rideable
151,classic
151,western
151,experienced
151,central
151,influences.
151,very
151,durarion
151,explored
151,breaking
151,remains
151,this
151,channel
151,south
151,aves
151,winds .
151,522428
151,undeveloped
151,for
151,"72,"
151,Mediterranean
151,reefs
151,72210223
151,(v47e
151,and
151,mesh
151,headland
151,02d
151,start
151,oon
151,the
151,uncrowded
151,scattered
151,only
151,backpacking
151,classic
151,beaches
151,2
151,oee
151,Peninsula
151,and
151,region
151,undulating
151,near
151,Algarve
151,"small,"
151,side
151,S2015
151,begin
151,Aljezur
151,swells
151,"naturally,"
151,an
151,Athe
151,northern
151,surf
151,beaches
151,0s
151,other
151,and
151,"good,"
151,open
151,brings
151,Sagres
151,visit.
151,Iberian
151,Kabsinthel
151,contain
151,The
151,and
151,even
151,down
151,European
151,gently
151,big
151,[o
151,Arlantic
151,rocks
151,summer
151,about
151,take
151,the
151,for
151,and
151,ruins
151,empty
151,rocks.
151,wide
151,doesn t
151,he
151,Arom
151,doesn t
151,potential
151,leading
151,the
151,worY
151,good
151,on
151,town
151,surfers
151,Cape
151,51)
151,Apart
151,Aew
151,when
151,with
151,located
151,major
151,Deware
151,long
151,3611 )
151,west
151,side
151,surfers
151,some
151,has
151,'Sagres =
151,Fare `
151,lttle
151,Jively
151,10ucous
151,vibe
151,"fields,"
151,and
151,coast
151,The
151,country
151,Massles
151,although
151,the
151,1Sfc
151,st
151,antage
151,meet.
151,has
151,Athere s
151,window
151,well
151,hordes
151,breaks.
151,Fand =
151,waves
151,"Portugal,"
151,cliffs
151,wave
151,(West
151,small
151,where
151,but
151,ArMtana
151,(2Sm1)
151,Fand
151,coasts
151,owns
151,crowded
151,The
151,adv:
151,sampled
151,home
151,undeveloped
151,rocks
151,"locallsm,"
151,high
151,and
151,swell
151,Mazards
151,Services
151,"Vincent,"
151,OWn
151,hign-
151,helr
151,sharp
151,cove
151,i
151,have
151,Aokm
151,south
151,forests)
151,mnore
151,routslde
151,here
151,Soie
151,coastline
151,Sagres
151,you
151,fron
151,Lao
151,superb
151,Iravel
151,About
151,and
151,hes
151,Say
151,geuting
151,Ahe
151,he
151,Aespect
151,ocals
151,shops
151,"Ilmntted ,"
151,hllled
151,{especlally
151,sheher
151,Sa9res
151,whth
151,posntlon
151,F1ess0i
151,tend
151,80r
151,north
151,and
151,slowly
151,Arrafana
151,Festablished
151,00i 
151,Aehmnate
151,7enains
151,good
151,01e
151,Jare
151,tange
151,e8een
151,Widely
151,pointhrcako
151,Low
151,Atlanthe
151,nonth
151,hooee
151,absinthel
151,here
151,0ine7s
151,wvach
151,Medhterranean
151,had
151,Ahrough
151,averaue
151,Well
151,neven
151,notonal
151,Water
151,Deei
151,7ei
151,enouish
151,DMi
151,iote
151,Enuai
151,ha
151,00nin0nn 
151,amolell
151,10n
151,hook
151,heav
151,pesphte
151,nedonai
151,gath
151,300res
151,017e9
151,Ahe
151,Do
151,Mandy
151,0i
151,10na
151,Winei
151,Wionesi
151,380
151,121nei
151,hen
151,niving
151,Ainaivg
151,Mastnaton
151,"21"" / *"
151,0n
151,one
151,0660
151,eoinan
151,une
151,halt
151,70ny 
151,he
151,70262441497
151,Necklen
151,0s
151,81e 
151,0006
151,10ni0ine
151,ne
151,Movtoatons
151,6611 /
151,on
151,841i6n 0116an
151,Vipn 8n1
151,61488e (
151,14
151,(10e 46406y
151,2808960
151,00408
151,ove
152,J€
152,S
152,38
152,{
152,0
152,40
152,che   o5
152,81112
152,38
152,6
152,05
152,1
152,Ko
152,I<
152,Ars
152,ur
152,b1e
152,{<
152,15
152,45
152,"15 ^"""
152,0
152,05
152,01
152,be
152,4
152,Y
152,rhe
152,1s
152,0
152,0
152,o
152,1
152,khe
152,20
152,ns
152,be
152,1o
152,koí
152,05
152,S1
152,7<
152,Ahc
152,KO
152,"0"""
152,ns
152,khe
152,o
152,<
152,05
152,0
152,She
152,Koe
152,S61
152,ane
152,ne
152,Ior
152,01
152,15
152,Ane
152,Vn
152,65
152,1
152,e
152,Aen
152,Ane
152,Ane
152,Von
152,4
152,4
152,Algarve
152,The
152,EURopE
152,10
152,(enu
152,n
152,tovn
152,ncaf
152,Laval
152,PoRtugAL
152,{o2ks
152,and
152,swell
152,Vincent
152,Spain
152,coast
152,Tnere <
152,ith
152,Carrapat
152,souh
152,Neg;?
152,conspire
152,righthanders .
152,headhi/
152,hoher
152,Rocha
152,around
152,Marlon
152,whics
152,called
152,rhar
152,peel
152,"spot,"
152,"(beachbreak ,"
152,swells
152,the
152,rights
152,mix
152,wave
152,year
152,over
152,corner
152,was
152,Treacherous
152,intoxicating
152,"slevant' ,"
152,big7
152,Ktimes
152,and
152,rideable
152,until
152,classic
152,restern
152,experienced
152,central
152,influences.
152,very
152,{durauion
152,explored
152,breaking
152,remains
152,this
152,channel
152,south
152,waves
152,winds.
152,224s
152,undeveloped
152,for
152,reefs
152,Mediterranean
152,72210225
152,CLATE
152,and
152,mesh
152,headland
152,2
152,start
152,the
152,uncrowded
152,scattered
152,con
152,only
152,backpacking
152,classic
152,oei
152,beaches.
152,and
152,Peninsula
152,region
152,undulating
152,Anear
152,Algarve
152,"small,"
152,side
152,8805}
152,Aljezur
152,begin
152,swells
152,"naturally,"
152,the
152,northern
152,beaches
152,surf
152,other
152,0:
152,and
152,"good,"
152,open
152,brings
152,to
152,Sagres
152,absinthel
152,visit.
152,Iberian
152,The
152,contain
152,and
152,even
152,down
152,European
152,big
152,Arlantic
152,gently
152,rocks
152,sumnmner
152,about.
152,take
152,the
152,and
152,ruins 
152,empty
152,rocks.
152,wide
152,the
152,Arom
152,worY
152,doesn t
152,Athe
152,potential
152,leading
152,doesn
152,good
152,on
152,town
152,surfers
152,Cape
152,5m)
152,Apart
152,ew
152,when
152,with
152,located
152,Beware
152,major
152,56111 )
152,long
152,west
152,'side
152,surfers.
152,somne
152,has
152,Sagres *
152,area 
152,(ittle
152,Jively
152,Faucous
152,vilbe
152,"fields,"
152,(coast
152,and
152,although
152,Massles
152,country
152,the
152,last
152,advantage
152,meet.
152,has
152,here's
152,window
152,well
152,hordes
152,breaks 
152,waves
152,Fand -
152,"Portugal,"
152,cliffs
152,Wave
152,west
152,~but
152,small
152,where
152,Arrhana
152,the
152,(2Sm1)
152,and
152,coasts
152,owns
152,{crowded
152,sampled
152,The
152,home
152,undeveloped
152,rocks
152,"Hocallsm,"
152,high
152,and
152,swell
152,Mazards
152,Services
152,"Vincent,"
152,own
152,Uthe
152,high.
152,helr
152,sharp
152,cove
152,ar
152,have
152,AOkm
152,south
152,forests)
152,mnore
152,outslde
152,there
152,Soine
152,Cstline
152,Sagres
152,~you
152,fron
152,superb
152,ravel
152,and
152,About
152,Shas
152,stay
152,gettino
152,he
152,Respect
152,he
152,ocals
152,shops
152,lmtted
152,chulled
152,especlally
152,sheler
152,Sagres
152,whth
152,"posnlon,"
152,Pressun
152,end
152,78ur/ 
152,north
152,and
152,slowly
152,"Arrfana ,"
152,Festablished
152,Uronn
152,ehonate
152,72iain
152,good
152,013
152,are
152,range
152,Mee2en
152,widely
152,polntbreako
152,Low
152,01
152,Atlantie
152,onth
152,choone
152,abelothel
152,There
152,0nnei
152,Wnch
152,Onean
152,had
152,Ahe
152,through
152,avcrauc
152,Well
152,never
152,notonal
152,Water
152,Deei
152,Vai
152,Enoush
152,D0i
152,Memiien
152,Mint
152,anurai
152,(0nnn
152,Omlen
152,Con
152,hook
152,cheep
152,pespne
152,auonan
152,deoth
152,"30018,"
152,20e70i7es
152,he
152,Ahe
152,Dui
152,Manay
152,80i
152,00n
152,Winter
152,hlohest
152,320l
152,han
152,oiving
152,Alvarve
152,Mestination
152,"8n|"" /"
152,an
152,Aonies
152,1070n
152,122ne
152,une
152,hatr
152,31)
152,70n/
152,ha
152,6una
152,ecklase
152,M0ee
152,08u6n
152,46ni0ine
152,ne
152,Mavoaton
152,ephovatloans
152,V1n6en
152,4
152,Uen /
152,Cev
153,^0
153,5s
153,8
153,4€
153,61
153,~
153,(0
153,10
153,she
153,0
153,1
153,38
153,8
153,05
153,khe
153,12;
153,<o
153,K
153,Ars
153,Ur
153,b1e
153,Kne
153,15
153,"15 ^"""
153,06 ~
153,0
153,0
153,foÉ
153,5
153,Ac
153,1s
153,Ko
153,0
153,o
153,15
153,19
153,Ahe
153,be
153,<o
153,1
153,01
153,ahe
153,o
153,S5'
153,"0"""
153,e
153,che
153,o
153,<
153,05
153,0
153,~nes
153,ane
153,Ae
153,Vut
153,Ae
153,Yor
153,01
153,11s
153,Ane
153,Vg
153,An
153,65
153,1
153,40
153,0}
153,Aw
153,4
153,4
153,Algarve
153,The
153,EUROPE
153,i
153,ind
153,town
153,Laval
153,ncaf
153,OrtugaL
153,ros
153,and
153,swell
153,Vincent
153,ne
153,SpaiN
153,coact
153,Theres
153,uh
153,Carrapatev
153,south
153,crra
153,conspire
153,righthanders .
153,headhig/
153,uoher
153,Rocha
153,around
153,Marlon
153,whicy
153,called
153,rhar
153,peel
153,"spot,"
153,"beachbreak ,"
153,swells
153,76-8f1 (
153,rights
153,mix
153,wave
153,year
153,over
153,corner
153,was
153,Treacherous
153,slevant'
153,intoxicating
153,big7
153,(times
153,rideable
153,and
153,until
153,classic
153,estern
153,experienced
153,central
153,influences .
153,Yery
153,"{duration,"
153,explored
153,breaking
153,remains
153,this
153,channel
153,south
153,aves
153,winds .
153,2244s
153,undeveloped
153,reefs
153,Mediterranean
153,5220225
153,04n
153,and
153,be
153,mesh
153,headland
153,start
153,83
153,rhe
153,ded
153,scattered
153,o
153,che
153,only
153,backpacking
153,classic
153,beaches.
153,oei
153,and
153,Peninsula
153,uncrowe
153,region
153,undulating
153,Anear
153,Algarve
153,side
153,"small,"
153,6205
153,Aljezur
153,begin
153,"naturally,"
153,swells
153,an
153,the
153,beaches
153,northern
153,surf
153,other
153,08
153,and
153,open
153,brings
153,"good,"
153,Sagres
153,visit.
153,absinthel
153,Iberian
153,The
153,contain
153,and
153,even
153,down
153,big
153,European
153,gently
153,rocks
153,Arlantic
153,summner
153,about.
153,take
153,che
153,and
153,ruins
153,for
153,rocks.
153,empty
153,wide
153,the
153,doesn 5
153,Afrom
153,doesn t
153,Athe
153,worY
153,potential
153,leading
153,(good
153,on
153,town
153,surfers
153,Cape
153,5n)
153,Apart
153,few
153,when
153,with
153,located
153,Beware
153,major
153,long
153,west
153,26111 )
153,surfers
153,'side
153,some
153,Sagres <
153,area `
153,(ittle
153,lively
153,vibe
153,"fields,"
153,10ucous
153,coast
153,and
153,The
153,Massles
153,although
153,country
153,"""the"
153,LSfc
153,the
153,last
153,advantage
153,has
153,meet.
153,Ahere's
153,window
153,well
153,hordes
153,breaks.
153,and =
153,Waves
153,"Portugal,"
153,cliffs
153,Wave
153,West
153,small
153,where
153,Arrhana
153,(2Sm1)
153,and
153,coasts
153,owns
153,(crowded
153,Sompled
153,The
153,Chome
153,undeveloped
153,rocks
153,"locallsn,"
153,high
153,and
153,swell
153,Mazards
153,Services
153,"Vincent,"
153,own
153,Ahe
153,hgh.
153,helr
153,cove
153,0i
153,Asharp
153,~have
153,AOkm
153,south
153,(ofes{s
153,mnore
153,outslde
153,there
153,Soine
153,coastline
153,Sagres
153,you
153,superb
153,fron
153,Iravel
153,and
153,About
153,hes
153,Slay
153,otting
153,he
153,espect
153,locals
153,shops
153,lmnhted
153,ehulled
153,Kespeclally
153,sheler
153,Saqres
153,wIth
153,Fressuie
153,poshtlon
153,end
153,S11/
153,north
153,and
153,slowly
153,"Arrifana,"
153,Festablished
153,Oom
153,chonate
153,7enains
153,Bood
153,01e
153,Jare
153,ange
153,28
153,widely
153,polntbrcako
153,Low
153,or
153,nonth
153,Atlantc
153,hooe
153,abelothel
153,here
153,hee
153,30nneis
153,Medherranean
153,wacha
153,Ahe
153,had
153,hrough
153,avarave
153,Well
153,nevei
153,natlonal
153,water
153,Deei .
153,va
153,Inouish
153,0ut
153,inte
153,Holl
153,entval
153,he
153,80nnon
153,lell
153,hook
153,Con
153,(heav
153,pesphe
153,auonal
153,dcoth
153,9401e
153,he
153,Ahe
153,1210e70tes
153,Dui
153,Mandy
153,Oe0i
153,'ana
153,Winter
153,hohest
153,320
153,8n0n
153,miving
153,Alvarve
153,Mestination
153,"2nj""/"
153,0n
153,e:
153,onie
153,ne
153,00n
153,eenne
153,une
153,hait
153,er 
153,0ny
153,2061en
153,ekles
153,Joee
153,661i0ins
153,ne
153,"02i080,"
153,(26
153,Vineeni
153,e
153,1ue6
153,0en /
153,ave
154,6s
154,6
154,6
154,0
154,{e
154,y
154,40
154,rhe
154,0
154,8fr 12
154,38
154,9
154,05
154,che
154,6*
154,M
154,Ko
154,L
154,Ars
154,Ur
154,bie
154,e
154,15
154,45
154,15 ^
154,05
154,05
154,01
154,foí
154,be
154,Y
154,che
154,r0
154,rhe
154,s
154,ro
154,5
154,0
154,che
154,29
154,S
154,Ane
154,be
154,ro
154,o
154,koí
154,01
154,S1
154,"""<"
154,he
154,Ahe
154,'5 >
154,KO
154,"0"""
154,o
154,Sc
154,06
154,0
154,(
154,Ae
154,01
154,01
154,45
154,Ane
154,KE
154,65
154,Ane
154,86
154,1
154,4
154,4e
154,4o'
154,40
154,pe
154,Ane
154,3
154,S
154,6w
154,4
154,Algarve
154,The
154,EURoPE
154,10 .
154,(enne
154,nnd
154,ton
154,Ainai
154,Rhe
154,Laval
154,ncaf
154,PortugaL
154,Fok
154,and
154,swel
154,incent
154,coasta
154,Thnere <
154,SpaiN
154,ith
154,Carrapat
154,south
154,(ncera
154,conspire
154,righthanders
154,headhie /
154,"uiohe,"
154,Rocha
154,around
154,Marlon
154,whic/
154,rhar
154,called
154,peel
154,"spot,"
154,"beachbreak,"
154,swells
154,rights
154,wave
154,mix
154,year
154,over
154,corner
154,Was
154,Treacherous
154,levant'
154,intoxicating
154,big
154,times
154,until
154,rideable
154,and
154,classic
154,experienced
154,western
154,central
154,influences.
154,very
154,"durazion ,"
154,explored
154,breaking
154,remains
154,chis
154,channel
154,aves
154,south
154,winds.
154,7222405
154,undeveloped
154,Mediterranean
154,reefs
154,7221025
154,Cvan
154,and
154,headland
154,mesh
154,start
154,13
154,scattered
154,ded
154,0430
154,only
154,backpacking
154,classic
154,beaches.
154,4<
154,and
154,Peninsula
154,uncrowe
154,region
154,undulating
154,near
154,Algarve
154,side
154,"small,"
154,Aljezur
154,62055
154,begin
154,swells
154,"naturally,"
154,northern
154,surf
154,beaches
154,other
154,6s
154,and
154,open
154,brings
154,"good,"
154,Sagres
154,absinthel
154,visit.
154,Iberian
154,contain
154,The
154,and
154,even
154,down
154,big
154,European
154,gently
154,rocks
154,Arlantic
154,suininer
154,about
154,the
154,ruins 
154,take
154,and
154,empty
154,rocks.
154,wide
154,the
154,Arom
154,ino
154,worrY
154,doesn t
154,doesn'
154,(good 
154,potential
154,leading
154,on
154,town
154,surfers
154,51)
154,Aew
154,Cape
154,Apart
154,when
154,with
154,located
154,the
154,Beware
154,.6m)
154,major
154,long
154,west
154,surters.
154,some
154,Chas
154,Sagres =
154,side
154,area 
154,little
154,lively
154,Mioe
154,oucous
154,"fields,"
154,coast
154,The
154,and
154,Massles
154,although
154,the
154,country
154,LSfr
154,Athe
154,the
154,last
154,has
154,Ahere's
154,he
154,advantage
154,meet.
154,window
154,breaks.
154,hordes
154,well
154,waves '
154,and 
154,cliffs
154,Wave
154,(West
154,but
154,"Portugal,"
154,small
154,where
154,Arhfana
154,(2Sm1)
154,and
154,owns
154,coasts
154,crowded
154,~Sampled
154,The
154,home
154,undeveloped
154,"ocallsm,"
154,lot
154,rocks
154,high
154,and
154,swell
154,Mazards
154,Services
154,"Vincent,"
154,own
154,hign.
154,Ahelr
154,Jore
154,Asharp
154,cove
154,have
154,40km
154,south
154,forests)
154,nore
154,outside
154,Athere
154,omne
154,coasrline
154,Sagres
154,you
154,Lo
154,superb
154,fron
154,Iravel
154,and
154,About
154,has
154,stay
154,(geutina
154,Respect
154,he
154,he
154,ocals €
154,shops
154,lmlted .
154,chllled
154,especlally
154,sheler
154,Sagres
154,with
154,Pressute
154,poshlon
154,end
154,801
154,north
154,and
154,slowly
154,established
154,"Arrtfana,"
154,00i
154,chmnate
154,Tengin?
154,good
154,01s
154,range
154,eeeen
154,widelya
154,polntbrcako
154,Low
154,Atlantie
154,nonth
154,hooae
154,abelnthel
154,here
154,30nneis
154,wach
154,0nean
154,Ahe
154,had
154,hrough
154,0veiane
154,well 
154,never
154,notlonal
154,water
154,Deei
154,Per
154,Anouish
154,Dui
154,Mint
154,toll
154,Memiiene
154,entral
154,801n10n
154,aiall
154,Con
154,hook
154,cheav
154,pespne
154,ouonal
154,100ien
154,deoth
154,he
154,Ahe
154,80e781mes
154,D6i
154,Mandy
154,801
154,Winier
154,hlohest
154,0na
154,321
154,hen
154,oiving
154,Algarve
154,dcsuinaton
154,"2n""/"
154,011
154,oni
154,Ane
154,1200e
154,une
154,nalt
154,70n
154,2061n
154,Sebese
154,d
154,08u6n
154,66i0ins
154,nee
154,Mavatona
154,(2e
154,Vin6ei
154,he
154,020 /
154,62vs
155,^ 0
155,6v
155,5
155,6
155,3<
155,60
155,40
155,1
155,38
155,05
155,0f che
155,6811
155,8
155,12
155,Ko
155,10s
155,Ur
155,L
155,b1e
155,[8e
155,s
155,4s
155,"1s ^"""
155,0
155,0
155,0
155,Ahe
155,be
155,4
155,K
155,Ahe
155,7
155,s
155,ro
155,<0
155,01
155,15
155,22
155,Ane
155,S
155,be
155,<o
155,1o
155,3<
155,01
155,S5'
155,0 ^o
155,Ko
155,"0"""
155,9e
155,rhe
155,o
155,Sc
155,05
155,05
155,@
155,ane
155,Ane
155,Ior
155,01
155,45
155,Ane
155,86
155,1
155,41
155,4
155,0e
155,Ane
155,A
155,4
155,61
155,Algarve
155,The
155,EUROPE
155,0p
155,mind
155,toen
155,ehe
155,Laval
155,o
155,Portugal
155,and
155,Qu
155,ei
155,Vincent
155,coacu
155,Tnere s
155,Spain
155,vith
155,south
155,Carrapat
155,(cera
155,conspire
155,righthanders .
155,hcadhie /
155,Uipkes`
155,'Rocha
155,around
155,Marlon
155,which
155,called
155,rhhat
155,peel
155,rhe
155,"spot,"
155,"beachbreak ,"
155,swells
155,rights
155,wave
155,year
155,miX
155,over
155,corner
155,was
155,Treacherous
155,levant'
155,intoxicating
155,big7
155,(times
155,rideable
155,until
155,and
155,classic
155,experienced
155,~western
155,central
155,very
155,influences .
155,duration
155,explored
155,breaking
155,remains
155,this
155,channel
155,south
155,waves
155,winds .
155,222283
155,undeveloped
155,for
155,reefs
155,Mediterranean
155,0y47e
155,76220525
155,headland
155,and
155,mesh
155,start
155,2
155,scattered
155,ded
155,only
155,oo
155,backpacking
155,beaches.
155,classic
155,and
155,72052 2
155,Peninsula
155,uncrowe
155,near
155,region
155,undulating
155,Algarve
155,side
155,"small,"
155,Aljezur
155,8801s
155,begin
155,swells
155,"naturally,"
155,an
155,the
155,northern
155,beaches
155,surf
155,other
155,brings
155,785
155,and
155,open
155,"good,"
155,Sagres
155,visit.
155,Labsinthel
155,and
155,Iberian
155,The
155,contain
155,even
155,down
155,big
155,rocks
155,European
155,Arlantic
155,gently
155,sumnmner
155,about
155,take
155,rhe
155,che
155,ruins
155,and
155,for
155,empty
155,rocks.
155,wide
155,doesn €
155,the
155,Arom
155,Athe
155,worrY
155,(good
155,potential
155,leading
155,on
155,town
155,surfers
155,doesn'
155,Sm)
155,Apart
155,few
155,Cape
155,when
155,With
155,located
155,Aeware
155,major
155,long
155,west
155,7611 )
155,surfers.
155,some
155,Chas
155,'Sagres =
155,'side
155,orea `
155,little
155,Jively
155,vbe
155,Taucous
155,(coast
155,The
155,"fields,"
155,and
155,Massles
155,although
155,rhe
155,country
155,1Sfr
155,the
155,has
155,last
155,advantage
155,Ahere's
155,meet.
155,window
155,breaks.
155,hordes
155,Waves
155,well
155,Fand 
155,West
155,bul
155,Wave
155,"Portuzal,"
155,cliffs
155,Arrhana
155,the
155,small
155,where
155,(2Sm1)
155,and
155,owns
155,{crowded
155,coasts
155,sampled
155,home
155,The
155,undeveloped
155,rocks
155,"ocallsm,"
155,high
155,and
155,swell
155,Mazards
155,Services
155,"Vincent,"
155,OWn
155,Ahe
155,Ahelr
155,horp
155,high.
155,Or
155,have
155,cove
155,AOkm
155,south
155,mnore
155,(ofests
155,outslde
155,here
155,ts
155,Roine
155,You
155,coastline
155,Sagres
155,Lo
155,superb
155,fron
155,Iravel
155,and
155,About
155,hes
155,Stay
155,(geutlna
155,Mespect
155,Uhe
155,Ahe
155,shops
155,ocals
155,lmlted .
155,ehotled
155,Kespeclally
155,sheler
155,Saores
155,wiln
155,fressuie
155,poshtlon
155,end
155,601/
155,and
155,north
155,slowly
155,Festablished
155,ron
155,Arrafana
155,chmnate
155,emaloa
155,good
155,Jare
155,0r
155,ange
155,wIdely
155,28
155,polnthreako
155,OM
155,or
155,nonth
155,Atlante
155,choose
155,abslothel
155,here
155,Mnnneiy
155,et
155,Wnch
155,anean
155,Ahe
155,Chad
155,through
155,Well 
155,avarave
155,never
155,natlonal
155,water
155,Deei
155,ei
155,Snouish
155,DMi
155,"toll ,"
155,Mint
155,Meduene
155,ha
155,40nnon
155,Mnfan
155,can
155,70nte €
155,hook
155,natonal
155,100ies
155,dcoth
155,cheep
155,pesone
155,he
155,2ne70nes
155,Do
155,Manay
155,1ne0i
155,Miniei
155,hlohest
155,60n
155,3201
155,hen
155,miving
155,Alvarve
155,Agounaton
155,0n
155,"8n"" / "
155,81ie
155,he
155,N2nnei
155,une
155,noii
155,20610n
155,ockleee
155,0676
155,46ni0ino
155,nee
155,Mevoanona
155,6i0e
155,426
155,"72208/6a6 0866,0"
155,Min6en
155,7616 /
155,eve
156,6s
156,4e
156,5
156,3s
156,6
156,e
156,40
156,rhe
156,0
156,8112
156,r
156,98
156,0
156,he
156,l
156,12
156,K0
156,Ars
156,Ur
156,1
156,b18
156,15
156,5
156,s
156,05
156,05
156,0
156,che
156,be
156,=
156,K<
156,Ahe
156,s
156,o
156,10
156,1
156,01
156,29
156,be
156,<O
156,o
156,05
156,55'
156,he
156,01 no
156,rO
156,01
156,"0"""
156,e
156,rhe
156,o
156,<
156,05
156,0
156,0
156,(
156,che
156,ane
156,Ane
156,Ane
156,0}
156,15
156,0
156,K
156,Ane
156,Ko
156,Ane
156,55
156,1
156,41
156,Ane
156,40
156,0e
156,Je
156,Ane
156,3
156,Awe
156,07 )
156,Y
156,3
156,O
156,Algarve
156,The
156,EURoPE
156,10
156,ind
156,oen
156,Ge
156,Lavals
156,{or
156,and
156,
156,PORTUGAL
156,swehl
156,Vincent
156,coacu
156,Tncre <
156,Spain
156,(Bla
156,ith
156,Carrapatet
156,south
156,Neg;?
156,conspire
156,righthanders .
156,headhie /
156,"Uipke,"
156,Rocha
156,around
156,Marlon
156,which
156,thar
156,called
156,peel
156,"spot,"
156,"beachbreak,"
156,swells
156,rights
156,year
156,wave
156,miX
156,over
156,corner
156,was
156,Treacherous
156,levant'
156,big7
156,intoxicating
156,times
156,rideable
156,until
156,and
156,classic
156,experienced
156,western
156,very
156,central
156,influences.
156,duration
156,Khe
156,explored
156,breaking
156,remains
156,this
156,channel
156,raves
156,south
156,winds.
156,an
156,7222283
156,undeveloped
156,for
156,reefs
156,Mediterranean
156,238
156,headland
156,72220225
156,CLAte
156,start
156,and
156,mesh
156,rded
156,scattered
156,0228
156,only
156,oo
156,backpacking
156,classic
156,beaches.
156,and
156,oi
156,08
156,Peninsula
156,uncrow
156,Anear
156,region
156,undulating
156,Algarve
156,side
156,"small,"
156,Aljezur
156,begin
156,"naturally,"
156,8305s
156,swells
156,the
156,the
156,F1s
156,northern
156,beaches
156,surf
156,other
156,brings
156,open
156,and
156,visit.
156,6s
156,"good,"
156,Sagres
156,absinthe!
156,and
156,The
156,Iberian
156,contain
156,even
156,down
156,rocks
156,big
156,European
156,gently
156,about.
156,Arlantic
156,sumnmner
156,rhe
156,the
156,ruins
156,take
156,and
156,for
156,rocks.
156,empty
156,wide
156,doesn t
156,Afrom
156,Athe
156,worrY
156,good
156,doesn t
156,potential
156,leading
156,surfers
156,town
156,Apart
156,ew
156,Cape
156,511 )
156,when
156,Reware
156,with
156,located
156,36111 )
156,major
156,long
156,west
156,surters.
156,some
156,has
156,'Sagres =
156,orea
156,side
156,Iittle
156,Jively
156,vilbe
156,Foucous
156,coast
156,The
156,"fields,"
156,Massles
156,and
156,1Sft
156,although
156,the
156,country
156,has
156,heres
156,advantage
156,meet.
156,last
156,window
156,breaks.
156,hordes
156,waves
156,well
156,Fand 
156,West
156,~but
156,Wave
156,Arrlana
156,"Portugal,"
156,cliffs
156,small
156,where
156,(2Sm1)
156,and
156,owns
156,{crowded
156,sampled
156,coasts
156,home
156,undeveloped
156,rocks
156,The
156,"ocallsm,"
156,or
156,high
156,and
156,swell
156,Mazards
156,Services
156,Ghe
156,OWn
156,"Vincent,"
156,Ahelr
156,sharp
156,have
156,cove
156,hgh.
156,40km
156,south
156,mnore
156,outslde
156,(ofests
156,Shere
156,soine
156,you
156,Lao
156,srline
156,Sagres
156,fron
156,superb
156,Iravel
156,About
156,has
156,stay
156,and
156,(geutlno
156,Respect
156,Uhe
156,ocals
156,shops
156,mlted .
156,C02
156,hulled
156,especlally
156,shelter
156,Sagves
156,wIth
156,Pressure
156,position
156,end
156,8uf6
156,and
156,north
156,slowly
156,Festablished
156,810n
156,"Arrtfana ,"
156,chmnate
156,7enain
156,are
156,Bood
156,01
156,ange
156,widely
156,2e ?
156,polmbreako
156,Low
156,or
156,Atlantie
156,onth
156,hooae
156,abelothel
156,here
156,ee
156,8441141184 3
156,Mederranean
156,wath
156,had
156,"Well ,"
156,hrough
156,avrraug
156,never
156,natlonal
156,Water
156,ver
156,Onouish
156,Deei
156,ul
156,Minte
156,central
156,he
156,600on
156,ainlan
156,an
156,auonal
156,iauron
156,death
156,hook
156,cheev
156,Desphe
156,he
156,"20e78ies,"
156,Do
156,Manay
156, |
156,hohest
156,miniei
156,68n
156,Sepl
156,Ahan
156,orvino
156,Alvarve
156,"4e,tinato"
156,On
156,"2n|""/"
156,onia
156,e2 ne'
156,une
156,'098
156,ngit
156,he
156,70n
156,6061n
156,Nockleee
156,0nnon
156,66ni0ine
156,haa
156,Mavioatoana
156,96686n
156,(60 /
156,661/
156,00
156,Aen /
156,eeulovonloany
156,81
156,ane
156,186
156,186 /
156,1ve
157,3
157,68
157,{€
157,0
157,rhar
157,40
157,che
157,05
157,86112
157,3r
157,98
157,05
157,khe
157,6
157,12
157,<0
157,L
157,ACs
157,Ur
157,b18
157,[e
157,As
157,45
157,1s
157,05
157,05
157,0
157,che
157,be
157,5
157,K<
157,Ahe
157,9
157,s
157,ro
157,o
157,1
157,0
157,39
157,As
157,be
157,O
157,o
157,01
157,S5
157,01 no
157,9<
157,Ko
157,"0"""
157,e
157,o
157,Sc
157,05
157,05
157,ane
157,Ane
157,e
157,ne
157,Ior
157,Ans
157,0}
157,4
157,Ane
157,81 ~
157,1
157,5v
157,4n
157,0e
157,ve
157,0
157,Ane
157,6
157,38
157,Algarve
157,The
157,EUROPE
157,10
157,mnd
157,ton
157,Rhe
157,ana
157,Zanal
157,ncaf
157,(026
157,and
157,Qu
157,PortugaL
157,sweli
157,Vincent
157,coaci
157,Tnere €
157,Spain
157,utn
157,Carrapatet
157,south
157,Acera
157,conspire
157,righthanders
157,hcadhie /
157,"Uipke,"
157,Rocha `
157,around
157,Marlon
157,which
157,called
157,peel
157,"spot,"
157,"beachbreak ,"
157,swells
157,rights
157,year
157,wave
157,mix
157,over
157,corner
157,was
157,Treacherous
157,levant'
157,big7
157,intoxicating
157,Ktimes
157,rideable
157,until
157,classic
157,and
157,experienced
157,western
157,very
157,central
157,influences 
157,duration
157,explored
157,breaking
157,remuins
157,this
157,channel
157,raves
157,winds.
157,south
157,an
157,undeveloped
157,7222425
157,for
157,reefs
157,Mediterranean
157,headland
157,C2te
157,mesh
157,start
157,72210523
157,and
157,scattered
157,ded
157,only
157,52
157,030
157,backpacking
157,beaches.
157,classic
157,7
157,Anear
157,oi
157,Peninsula
157,uncrow
157,region
157,undulating
157,Algarve
157,side
157,"small,"
157,Aljezur
157,begin
157,"naturally,"
157,swells
157,Ahe
157,62055
157,the
157,northern
157,beaches
157,other
157,surf
157,brings
157,open
157,visit.
157,and
157,Fabsinthel
157,04s
157,"good,"
157,Sagres
157,and
157,The
157,Iberian
157,contain
157,even
157,rocks
157,down
157,big
157,about
157,European
157,gently
157,suinmner
157,Arlantic
157,the
157,ruins
157,the
157,take
157,and
157,for
157,rocks.
157,empty
157,from
157,wide
157,he
157,Athe
157,worry
157,doesn'
157,good
157,potential
157,on
157,leading
157,surfers
157,town
157,Apart
157,Aew
157,5m )
157,doesn'
157,Cape
157,when
157,Reware
157,the
157,with
157,located
157,26111 )
157,west
157,major
157,long
157,some
157,Chas
157,'Sagres =
157,rea
157,surters.
157,rside
157,lttle
157,44
157,ibe
157,Jively
157,10ueous
157,(coast
157,The
157,Massles
157,"fields,"
157,and
157,1Sft
157,although
157,country
157,the
157,has
157,Ahere's
157,last
157,advantage
157,meet.
157,window
157,breaks.
157,hordes
157,waves 
157,Fand 
157,well
157,West
157,but
157,Wave
157,Arrlana
157,"Portugal,"
157,cliffs
157,where
157,small
157,(2Sm1)
157,and
157,owns
157,(crowded
157,sampled
157,coasts
157,home
157,undeveloped
157,rocks
157,ocallsnn
157,The
157,high
157,swell
157,and
157,Mazards
157,Services
157,own
157,Asharp
157,"Vincent,"
157,Ahelr 
157,01
157,have
157,cove
157,hgh.
157,4Okm
157,south
157,mnore
157,outslde
157,(ofests
157,Ahere
157,somne
157,Mts
157,you
157,1ao
157,coastline
157,Sagres
157,fron
157,superb
157,Iravel
157,tay
157,About
157,has
157,and
157,gettina
157,Uhe
157,Respect
157,he
157,shops
157,"lmntted ,"
157,locals
157,chulled
157,especlally
157,shehrer
157,Saqres
157,with
157,ftessuie
157,poshlon
157,end
157,8ufi
157,and
157,north
157,slowly
157,Festablished
157,Uronn
157,"Arrifana,"
157,ehonate
157,7enain
157,are
157,01e
157,ange
157,good
157,wIdely
157,hreeees
157,polmtbreako
157,Low
157,on
157,nonth
157,hooe
157,abelothet
157,here
157,Atlante
157,30nnnees
157,Mederraneen
157,he
157,with
157,had
157,Well
157,hrouoh
157,averaue
157,evn
157,natlonal
157,Water
157,Enohsh
157,Deei
157,buu
157,Ioll 
157,Mint
157,antral
157,ha
157,ainial
157,deoth
157,Con
157,atonal
157,buok
157,30018f
157,cheen
157,pesphe
157,Ahe
157,he
157,80nii
157,Dul
157,20370n7es
157,Manay
157,1ei
157,hlohest
157,Winier
157,0n0
157,32p1
157,Mestinaton
157,Aelvino
157,Ahan
157,Alvarve
157,011
157,hone
157,"2n""/"
157,Wonne
157,unve
157,hatt
157,aha
157,70n
157,P)
157,20ann
157,Narklese
157,0nu0tn
157,66ni0in
157,ne
157,Mavtoavoa
157,"0,6a6n"
157,061 /
157,Aen0
157,26
157,820i6a6 0vi6an
157,ane
157,7806 /
157,60ve
158,3s
158,86
158,6
158,Je
158,6
158,6
158,40
158,rhe
158,0
158,1:
158,89
158,05
158,khe
158,12;
158,Ko
158,Ars
158,Vr
158,5
158,bi8
158,(e
158,5
158,s
158,05
158,05
158,61
158,Ahe
158,be
158,~
158,A
158,ahe
158,4
158,15
158,o
158,Ko
158,1
158,0
158,2
158,20
158,S
158,Ahe
158,be
158,r0
158,o
158,0
158,S5
158,he
158,o' no
158,9s 2
158,KO
158,o
158,S5
158,05
158,05
158,Ahe
158,Ane
158,Ior
158,0
158,'5
158,K
158,Ko
158,65
158,1
158,5
158,40
158,0e
158,Awe
158,0 )
158,8
158,4
158,Algarve
158,The
158,EURoPE
158,10
158,F2
158,ind
158,ton
158,bui
158,Zanal
158,ncaf
158,Forke ~
158,Fand
158,Qu
158,PoRTugAL
158,swell
158,ine
158,Vinceni
158,coaci
158,Tnere s 
158,Spain
158,ith
158,Carrapatet
158,south
158,(Ncera
158,conspire
158,righthanders .
158,headhie /
158,ioher
158,Rocha
158,around
158,Marlon
158,which
158,called
158,that
158,peel
158,UP
158,"spot, "
158,"beachbreak ,"
158,76-8ft /
158,swells
158,rights
158,wave
158,year
158,mix
158,over
158,corner
158,was
158,Treacherous
158,slevant'
158,big
158,intoxicating
158,Krimes
158,rideable
158,until
158,and
158,classic
158,experienced
158,very
158,estern
158,central
158,influences
158,duration
158,explored
158,breaking
158,remains
158,this
158,channel
158,winds.
158,waves
158,south
158,an
158,undeveloped
158,7222283
158,for
158,reefs
158,Mediterranean
158,headland
158,mesh
158,start
158,72220225
158,CATE
158,and
158,scattered
158,only
158,ded
158,0223
158,backpacking
158,03o
158,beaches.
158,classic
158,and
158,Anear
158,720s22
158,Peninsula
158,uncrowe
158,region
158,undulating
158,side
158,Algarve
158,Aljezur
158,"small,"
158,begin
158,naturally;
158,swells
158,62015
158,northern
158,the
158,beaches
158,other
158,surf
158,brings
158,open
158,absinthel
158,visit.
158,and
158,0s
158,"good,"
158,Sagres
158,rand
158,The
158,Iberian
158,even
158,contain
158,rocks
158,down
158,big
158,sumnmner
158,about
158,gently
158,European
158,Arlantic
158,the
158,ruins
158,take
158,and
158,for
158,rocks.
158,Afrom
158,empty
158,doesn t
158,wide
158,the
158,worrY
158,Athe
158,good
158,On
158,doesn t
158,On
158,surfers
158,potential
158,leading
158,Aew
158,town
158,Apart
158,51)
158,Cape
158,when
158,Reware
158,with
158,located
158,the
158,76111 )
158,west
158,has
158,'Sagres =
158,area 
158,long
158,Asome
158,major
158,surfers
158,lttle
158,rside
158,vilbe
158,Jively
158,Foucous
158,coost
158,The
158,Massles
158,"fields,"
158,and
158,the
158,1Sft
158,has
158,although
158,country
158,the
158,Aheres
158,the
158,advantage
158,meet.
158,breaks.
158,last
158,waves
158,window
158,hordes
158,Fand 
158,well
158,West
158,but
158,Walve
158,Arrlfana
158,cliffs
158,where
158,"Portuzal,"
158,small
158,and
158,(2Sm1)
158,Htowns
158,(crowded
158,sampled
158,coasts
158,home
158,rocks
158,undeveloped
158,"Hocallsm,"
158,The
158,high
158,Mazards
158,and
158,swell
158,Services
158,Ihe
158,oWn
158,sharp
158,Ahelr
158,Fore
158,~have
158,"Vincent,"
158,cove
158,hgh.
158,Aokm
158,south
158,nore
158,outslde
158,here
158,(ofests
158,ome
158,you
158,Ahe
158,Lao
158,stline
158,Sagres
158,superb
158,from
158,Iravel
158,has
158,stay
158,About
158,and
158,qettino
158,Respect
158,The
158,the
158,shops
158,locals
158,Mmited
158,chllled
158,especlally
158,C02
158,Sagres
158,shelrer
158,with
158,Pressute
158,poshtlon
158,end
158,sur
158,and
158,north
158,Festablished
158,slowly
158,5ron
158,"Arrifana ,"
158,chmnate
158,Teiains
158,Jare 
158,01
158,tange
158,Kood
158,wldely
158,Meeees
158,poindieak y
158,Low
158,hooee
158,here
158,or
158,Month
158,abslothel
158,Atantie
158,nnei
158,anen
158,Ahe
158,Well
158,Wnch
158,Shad
158,hrouoh
158,averave
158,natlonal
158,never
158,Water
158,Snolish
158,ver
158,Dui
158,been
158,Holl
158,Ninte
158,Memiien
158,central
158,Aha
158,600non
158,ainlall
158,deoth
158,Con
158,atonal
158,30018;
158,hook
158,cheep
158,pespne
158,he
158,Dui
158,208781n7es
158,Mandy
158,1ne0i
158,hohese
158,Winter
158,00a
158,Sepl
158,oiving
158,han
158,Mgsinaton
158,Alverve
158,0n
158,Cune
158,"8nj""/"
158,he
158,Wa0nne
158,une
158,holt
158,he
158,0n
158,6091nn
158,necklee
158,01u6n
158,40ni0ing
158,ne
158,Mavtoatoan
158,666n
158,6086
158,(26
158,Vine 8i
158,Ahe
158,ee
158,6ve
159,1
159,3
159,84
159,6
159,{C
159,60?
159,70
159,Ehe
159,0
159,8112
159,r
159,98
159,0
159,che
159,1
159,(
159,NCs
159,Jr
159,b18
159,L
159,[e
159,15
159,15
159,4n
159,0
159,0
159,6
159,s
159,be
159,K<
159,ahe
159,15
159,o
159,10
159,01
159,00
159,S
159,bpe
159,o
159,koí
159,0
159,S5
159,7<
159,Ane
159,0< no
159,O
159,"0"""
159,ns
159,Ahe
159,S5
159,05
159,05
159,ane
159,Ane
159,Vut
159,(ne
159,38
159,Ane
159,01
159,15
159,ane
159,51
159,1
159,A0
159,0e
159,6
159,Aw
159,3
159,Algarve
159,The
159,EUROPE
159,10
159,nind
159,tonn
159,Ane
159,Zaval
159,ncar
159,{02ke
159,and
159,Qu
159,PortugAL
159,sweil
159,Vincent
159,coacu
159,Tnere s
159,urn
159,Spain
159,Carrapatet
159,south
159,Acera
159,conspire
159,righthanders .
159,headhie /
159,"Upke,"
159,Rocha
159,around
159,"Marlon,"
159,which
159,called 
159,that
159,peel
159,"spot,"
159,"beachbreak ,"
159,swells
159,rights
159,wave
159,year
159,Mix
159,over
159,corner
159,was
159,Treacherous
159,sJevanz'
159,big
159,(times
159,intoxicating
159,rideable
159,until
159,classic
159,and
159,experienced
159,very
159,restern
159,central
159,{durazion
159,influences.
159,explored
159,breaking
159,remains
159,this
159,channel
159,aves
159,winds.
159,south
159,undeveloped
159,7222285
159,for
159,reefs
159,Mediterranean
159,headland
159,start
159,mesh
159,Ciate
159,and
159,72220225
159,only
159,ded
159,scattered
159,the
159,4223
159,backpacking
159,03on
159,beaches.
159,classic
159,and
159,Anear
159,Peninsula
159,720222
159,uncrowe
159,region
159,undulating
159,side
159,Algarve
159,Aljezur
159,"small,"
159,begin
159,naturally;
159,Athe
159,swells
159,801s
159,northern
159,the
159,beaches
159,other
159,brings
159,surf
159,open
159,visit.
159,absinthel
159,and
159,"good,"
159,Sagres
159,and
159,0;
159,to
159,The
159,even
159,Iberian
159,contain
159,rocks
159,down
159,big
159,about
159,sumnmer
159,European
159,gently
159,ruins
159,Arlantic
159,the
159,the
159,and
159,take
159,from
159,rocks.
159,empty
159,~wide
159,the
159,worrY
159,(good
159,doesn'
159,doesn t
159,on
159,surfers
159,potential
159,leading
159,Apart
159,Aew
159,town
159,Sm)
159,Cape
159,when
159,Reware
159,Ato
159,with
159,located
159,56111 )
159,has
159,'Sagres =
159,west
159,some
159,rea 
159,long
159,major
159,surfers.
159,lttle
159,side
159,(4-
159,Milbe
159,(coast
159,The
159,Jively
159,Foucous
159,Massles
159,"fields,"
159,and
159,LSfc
159,has
159,there
159,country
159,the
159,although
159,the
159,advantage
159,meet.
159,breaks.
159,last
159,hordes
159,waves
159,window
159,and
159,well
159,(west
159,Wave
159,Arltana
159,cliffs
159,where
159,"Portugal,"
159,small
159,(2Sm1)
159,towns
159,{crowded
159,sampled
159,home
159,coasts
159,rocks
159,undeveloped
159,lot
159,"ocallsm,"
159,The
159,high
159,Mazards
159,swell
159,and
159,Services
159,OWn
159,Athelr
159,Ofe
159,sharp
159,have
159,"Vincent,"
159,cove
159,nieh.
159,4okm
159,south
159,more
159,outslde
159,here
159,{ofes{s
159,omne
159,~you
159,Vaoe
159,Sagres
159,coastline
159,superb
159,fron
159,Iravel
159,stay
159,has
159,eutina
159,Kespect
159,and
159,About
159,Uhe
159,he
159,shops
159,lnhteds
159,ocals
159,chllled
159,Fespeclally
159,Sagres
159,shehter
159,wilh
159,su1/
159,poshlon
159,ena
159,Pressun 
159,and
159,established
159,north
159,slowly
159,00in
159,chonate
159,"Arrifana ,"
159,7enain?
159,Jare
159,015
159,range
159,good
159,wIdelye
159,0e86ey
159,vohobreoke
159,oM
159,nonth
159,hoone
159,abslothel
159,here
159,on
159,Allantic
159,30nnneis
159,Ahe
159,Medhterranean
159,Woll
159,Wnch
159,had
159,averaue
159,niough
159,atonal
159,never
159,Water
159,Fnoush
159,ver
159,Dui
159,Deei
159,Ionl
159,Minte
159,806701
159,he
159,ainfall
159,40ninon
159,deoth
159,Con
159,ouonal
159,9001o;
159,hook
159,cheav
159,pesphte
159,he
159,he
159,Dui
159,01u7e 
159,Manay
159,ne0i
159,hohest
159,Winter
159,320l
159,'0n
159,oiving
159,estinaton
159,han
159,Alvarve
159,2nai
159,On
159,hooie
159,"8n""/"
159,he
159,30ne
159,une
159,nelt
159,ho
159,0)
159,2061nn
159,Marblas
159,0916t
159,66ni0ing
159,ne
159,ovioatoava
159,(2e / )
159,061 /
159,008
159,Mine 81
160,Ae
160,8
160,04
160,e
160,?
160,40
160,rhe
160,(:
160,98
160,05
160,0f che
160,1;
160,(o
160,Nrs
160,uP
160,5c
160,e
160,2
160,91s
160,29
160,05
160,0
160,6
160,s
160,be
160,K
160,3
160,15
160,<o
160,o
160,1
160,0
160,2
160,29
160,s
160,Ahe
160,be
160,KO
160,1o
160,Ahe
160,S1'
160,"0"""
160,Ane
160,o
160,1o
160,ns
160,rhe
160,Ae
160,c
160,05
160,05
160,ane
160,1ol
160,01
160,15
160,Vg
160,65
160,1
160,3 
160,e
160,0e
160,Ane
160,4
160,8
160,3
160,3
160,Algarve
160,The
160,EUROPE
160,10
160,ton
160,anal
160,ncar
160,{02rs
160,and
160,"Qu,"
160,sweil
160,ORTUGAL
160,Vincent
160,Tnere < s
160,coaci
160,uh
160,Spain
160,Carrapatet
160,south
160,Ancera
160,Conspire
160,righthanders .
160,headhie /
160,ioke
160,Rocha
160,around
160,"Marlon ,"
160,whiche
160,called
160,thar
160,peel
160,"""spot,"
160,"beachbreak ,"
160,Sh
160,76-8fr /
160,swells
160,rights
160,wave
160,year
160,mix
160,over
160,corner
160,was
160,Treacherous
160,levant'
160,big
160,(times
160,intoxicating
160,bis
160,rideable
160,until
160,classic
160,and
160,experienced
160,very
160,~western
160,central
160,{duration
160,influences.
160,breaking
160,explored
160,remains
160,chis
160,channel
160,Winds .
160,waves
160,south
160,undeveloped
160,for
160,7222425
160,reefs
160,Mediterranean
160,headland
160,start
160,mesh
160,Cate
160,and
160,only
160,the
160,72220225
160,scattered
160,ded
160,the
160,backpacking
160,4983
160,o
160,beaches .
160,classic
160,and
160,~near
160,Peninsula
160,o8e1
160,uncrow
160,region
160,undulating
160,side
160,Aljezur
160,Algarve
160,"small,"
160,begin
160,"naturally,"
160,swells
160,52055
160,northern
160,the
160,beaches
160,other
160,brings
160,surf
160,open
160,visit.
160,absinthel
160,and
160,and
160,"good,"
160,Sagres
160,0s
160,The
160,Iberian
160,even
160,contain
160,rocks
160,big
160,about
160,down
160,summer
160,European
160,gently
160,ruins
160,Atlantic
160,che
160,and
160,take
160,Arom
160,of
160,for
160,rocks.
160,empty
160,wide
160,the
160,doesn t
160,worrY
160,(good
160,On
160,surfers
160,doesn t
160,leading
160,Aew
160,porential
160,Apart
160,town
160,511)
160,when
160,Cape
160,Beware
160,Sagres =
160,with
160,located
160,26171 )
160,Asome
160,has
160,area
160,west
160,long
160,surfers
160,major
160,lttle
160,'side
160,vibe
160,(coast
160,The
160,lively
160,Foucous
160,Massles
160,the
160,"fields,"
160,and
160,1Sft
160,has
160,Ahere's
160,country
160,the
160,breaks.
160,although
160,the
160,meet.
160,waves <
160,advantage
160,hordes
160,last
160,window
160,Fand 
160,(West
160,but
160,well
160,the
160,Wave
160,Arltana
160,cliffs
160,where
160,"Portugal,"
160,and
160,small
160,ctowns
160,(2Sm1)
160,(crowded
160,sampled
160,home
160,rocks
160,coasts
160,undeveloped
160,"ocallsm,"
160,The
160,high
160,Mazards
160,swell
160,Servlices
160,Ahe
160,and
160,own
160,helr
160,01
160,sharp
160,have
160,"Vincent,"
160,cove
160,Aokm
160,high.
160,more
160,south
160,outslde
160,here
160,omne
160,you
160,iorests
160,ts
160,he
160,Sagres
160,coastline
160,fronn
160,superb
160,vavel
160,tay
160,has
160,(euting
160,Kespect
160,About
160,and
160,Uhe
160,he
160,shops
160,llmnlted
160,ocals
160,chllled
160,Fespeclally
160,Sagres
160,sheher
160,whth
160,Fressute
160,end
160,6ur
160,poshlon
160,and
160,Festablished
160,north
160,slowly
160,tom
160,chonate
160,"Arrfana,"
160,2iain
160,ange
160,Kood
160,wIdely
160,828
160,pohnbreako
160,chooe
160,here
160,ow
160,nonth
160,abalothel
160,kon
160,Atlantie
160,306nneis
160,es
160,he
160,anean
160,well
160,Wach
160,Chad
160,averaug
160,hrouoh
160,natlonal
160,neve
160,Water
160,Snolish
160,Pe
160,Dui
160,loll
160,Cheer
160,Miote
160,Metiiei
160,ainfanl
160,40nnon
160,deoth
160,0nui
160,auonal
160,30018s
160,Con
160,hook
160,cheap
160,pesphte
160,Ahe 
160,he
160,Dui
160,[20e78imtes
160,Manay
160,a|
160,Mqnes
160,Minier
160,320l
160,1ana
160,oving
160,Alvarve
160,Agstnvatlon
160,han
160,06
160,aone
160,"2n""/"
160,ne
160,M*2ne
160,une
160,ho
160,helt
160,70n/
160,60'n
160,Nackles
160,1ui6)n
160,(6ni0in
160,haa
160,1avaton
160,609
160,0611 /
160,(26
160,6ioe /
160,"841/6a6 08a6,"
160,81
160,he
160,N2n6 /
160,60ve
161,3
161,6
161,e
161,40
161,0
161,Ahe
161,0
161,811 12
161,08
161,98
161,05
161,1;
161,K0
161,VCs
161,ur
161,b18
161,L
161,(e
161,15
161,1s ^
161,0
161,0
161,0
161,fo<
161,be
161,<
161,4
161,1s che
161,o
161,1
161,1
161,6
161,0
161,Jne
161,4
161,khe
161,49
161,19
161,be
161,o
161,1
161,çoí
161,0
161,S
161,V
161,Ahe
161,or no
161,KO
161,"0"""
161,o
161,ew
161,ns
161,Sc
161,05
161,05
161,(
161,Ane
161,Ahe
161,pe
161,Ae
161,01
161,or
161,01
161,15
161,Vn
161,81
161,4
161,51
161,4e
161,o'
161,0e
161,av
161,6
161,4
161,Aw
161,Algarve
161,The
161,EuRoPE
161,10
161,mnnd
161,ton
161,ehc
161,Zaval
161,ncaf
161,(024
161,and
161,Qu
161,swell
161,'ORTUGAL
161,Vincent
161,coaci
161,There <
161,ith
161,SpaiN
161,Carrapat
161,south
161,Nee;?
161,conspire
161,righthanders
161,headhie /
161,Gipher
161,Rocha
161,around
161,Marlon
161,which
161,that
161,called
161,peel
161,"spot,"
161,"beachbreak ,"
161,swells
161,rights
161,the
161,wave
161,year
161,over
161,miX
161,corner
161,Was
161,Treacherous
161,slevant'
161,big
161,(times
161,intoxicating
161,rideable
161,until
161,classic
161,and
161,experienced
161,very
161,western
161,central
161,{durauion
161,influences.
161,breaking
161,explored
161,remains
161,this
161,channel
161,winds.
161,waves
161,south
161,undeveloped
161,7222485
161,reefs
161,Medicerranean
161,headland
161,start
161,mesh
161,the
161,and
161,only
161,Cate
161,72220225
161,scattered
161,uncrowded
161,backpacking
161,22
161,30
161,beaches.
161,and
161,classic
161,near
161,Peninsula
161,oe1
161,undulating
161,region
161,side
161,Aljezur
161,Algarve
161,"small,"
161,begin
161,"naturally,"
161,swells
161,5801s
161,northern
161,beaches
161,other
161,brings
161,surf
161,open
161,visit.
161,absinthel
161,and
161,and
161,"good,"
161,Sagres
161,255
161,The
161,even
161,Iberian
161,contain
161,Frocks
161,aboul.
161,down
161,big
161,sumnmner
161,gently
161,ruins
161,European
161,the
161,Atlantic
161,and
161,take
161,Afrom
161,rocks.
161,empty
161,wide
161,worrY
161,the
161,Athe
161,(good 
161,doesn'
161,surfers
161,on
161,doesn t
161,porential
161,leading
161,Apart
161,town
161,51n1 )
161,when
161,Cape
161,eware
161,the
161,26111 )
161,has
161,Sagres 
161,orea
161,with
161,located
161,some
161,west
161,long
161,surfers.
161,Iittle
161,major
161,yibe
161,side
161,(coast
161,The
161,lively
161,Taucous
161,Massles
161,"fields,"
161,and
161,has
161,1Sfc
161,Aheres
161,country
161,che
161,breaks.
161,although
161,meet.
161,waves 
161,advantage
161,hordes
161,and =
161,Jast
161,window
161,West
161,but
161,well
161,Anhtana
161,Wave
161,cliffs
161,where
161,"Portugal,"
161,and
161,small
161,ctowns
161,{crowded
161,sampled
161,(2Sm1)
161,home
161,~rocks
161,coasts
161,undeveloped
161,"ocallsm,"
161,The
161,Mazards
161,high
161,swell
161,Seivices
161,he
161,and
161,own
161,sharp
161,helr
161,01
161,have
161,"Vincent,"
161,cove
161,Aokm
161,hien-
161,more
161,south
161,outslde
161,here
161,one
161,you
161,{ofests
161,Ml
161,Ahe
161,Sagres
161,Castline
161,Aron
161,Iravel
161,superb
161,stay
161,hes
161,(gettlna
161,Kespect
161,About
161,and
161,Uhe
161,he
161,shops
161,hmited
161,ocal
161,Kespeclally
161,chulled
161,Sagies
161,sheher
161,whth
161,F1essute
161,poshlon
161,ena
161,Su
161,Fand
161,Festablished
161,slowly
161,north
161,ronu
161,chmnate
161,Arrfana
161,Teiain?
161,onge
161,are
161,widely
161,Bood
161,ee2ea
161,polntbreako
161,hooee
161,here
161,Low
161,Monh
161,abinthei
161,Atlanthe
161,Minneis
161,Ahe
161,aneen
161,"Well ,"
161,had
161,Faverane
161,natlonal
161,wach
161,through
161,never
161,Water
161,Enohsh
161,pei
161,Dui
161,tolk
161,beer
161,inte
161,Medtenne
161,he
161,ainfall _
161,0ion
161,deoth
161,auonal
161,62n6i
161,20uren
161,he
161,an
161,hook
161,cheav
161,Despne
161,Uhe
161,Dut
161,12/n570i7es
161,Manay
161,76ei
161,hohest
161,Winiei
161,3801
161,7an
161,evino
161,Alarve
161,4astination
161,ha
161,0n
161,Ahonia
161,"8n"" /"
161,ne
161,nthven
161,una
161,he
161,holt
161,2088a6
161,Nacklaee
161,00nons
161,10ni0ing
161,nee
161,Navaton
161,1669
161,608
161,41e
161,661/
161,"6i""7"
161,(2e
161,49(
161,2epel6a 0ta6an
161,Vineei
161,e6' /
161,eve
162,6
162,0
162,Q0
162,4
162,che
162,(:
162,1r
162,s0
162,05
162,1:
162,K0
162,ACs
162,ur
162,V<
162,(8e
162,15
162,1s 01
162,06
162,05
162,6
162,fo'
162,be
162,<
162,o
162,5
162,0
162,15
162,1
162,95
162,Jne
162,2
162,15
162,be
162,o
162,o
162,05
162,he
162,o5 no
162,S5
162,"0"""
162,rO
162,o
162,95
162,Ahe
162,c
162,05
162,ane
162,he
162,ne
162,ne
162,Yor
162,3
162,01
162,45
162,Vn
162,1
162,51
162,S1
162,04
162,Ane
162,Ve
162,av
162,Ane
162,4
162,0
162,4
162,4
162,3
162,Algarve
162,The
162,EURopE
162,10
162,ne
162,e
162,Zavial
162,ncar
162,{o6
162,and
162,"Qu,"
162,sweli
162,OrtugaL
162,Vincent
162,Sne
162,coacu
162,There <
162,ith
162,Spain
162,Carrapal
162,south
162,Acera
162,conspire
162,nighthanders
162,headhigh/
162,Rocha
162,around
162,Marlon
162,which
162,har
162,called
162,peel
162,"spot, "
162,beachbreak.
162,76-8fr (
162,swells
162,of
162,rights
162,the
162,wave
162,year
162,over
162,mix
162,corner
162,was
162,Treacherous
162,~levant'
162,big
162,Atimes
162,intoxicating
162,bie
162,rideable
162,until
162,classic
162,and
162,experienced
162,very
162,western
162,{durazion
162,central
162,influences.
162,breaking
162,explored
162,remains
162,this
162,channel
162,winds.
162,aves
162,south
162,undeveloped
162,582445
162,reefs
162,Mediterranean
162,headland
162,strt
162,the
162,and
162,mesh
162,only
162,ava7E
162,7221022s
162,scattered
162,uncrowded
162,backpacking
162,the
162,22
162,oo
162,beaches.
162,and
162,classic
162,~near
162,Peninsula
162,20222n
162,region
162,undulating
162,side
162,Aljezur
162,Algarve
162,"small,"
162,begin
162,"naturally,"
162,swells
162,8805s
162,an
162,northern
162,the
162,beaches
162,other
162,brings
162,surf
162,open
162,visit.
162,absinthel
162,and
162,and
162,Sagres
162,"good,"
162,0
162,The
162,even
162,Iberian
162,contain
162,rocks
162,about
162,down
162,big
162,sumnmer
162,ruins
162,European
162,gently
162,the
162,Arlantic
162,and
162,take
162,Afrom
162,for
162,rocks.
162,empty
162,worrY
162,wide
162,the
162,doesn'1
162,Athe
162,good
162,surfers
162,on
162,Aew
162,doesn €
162,potential
162,leading
162,Apart
162,town
162,51)
162,when
162,Cape
162,Aeware
162,56111 )
162,has
162,Sagres =
162,rea `
162,with
162,located
162,some
162,west
162,surfers.
162,lttle
162,major
162,long
162,vibe
162,side
162,(coast
162,The
162,of
162,Foucous
162,Jively
162,Massles
162,"fields,"
162,and
162,Sfc
162,has
162,Ahere
162,the
162,breaks.
162,although
162,country
162,waves
162,advantage
162,meet.
162,hordes
162,rand 
162,last
162,window
162,West
162,but
162,well
162,Wave
162,Arrtfana
162,cliffs
162,where
162,and
162,"Portugal,"
162,small
162,towns
162,crowded
162,sampled
162,(2Sm1)
162,Chome
162,~rocks
162,coasts
162,undeveloped
162,"ocallsm,"
162,The
162,Mazards
162,high
162,swell
162,Services
162,She
162,and
162,sharp
162,Own
162,helr
162,have
162,"Vincent,"
162,cove
162,hien-
162,Aokm
162,ore
162,south
162,outsldle
162,here
162,oine
162,you
162,ofests
162,he
162,Sagres
162,coastline
162,fron
162,superb
162,ravel
162,stay
162,hes
162,eutlna
162,Kespect
162,About
162,and
162,Uhe
162,he
162,shops
162,hmited
162,locals
162,especlally
162,ehulled
162,Sagies
162,shehver
162,whth
162,fressuie
162,end
162,Sut
162,poshlon
162,and
162,Festablished
162,slowly
162,north
162,00i 
162,chonate
162,0n8ins
162,"Arrfana,"
162,afe
162,ange
162,01e
162,wIdely
162,Kood
162,ee2e
162,polntbreako
162,hoose
162,here
162,Monh
162,abalothel
162,kon
162,Atlanthe
162,Mninees
162,Medhtenranean
162,Well
162,had
162,averaue
162,wuth
162,through
162,natlonal
162,never
162,water
162,nouish 
162,per
162,Dui
162,toll
162,Deer
162,inte
162,aintell
162,000n6n
162,eath
162,Canloe
162,30018r
162,atonal
162,Ahe 
162,on
162,Dook
162,cheav
162,pesphe
162,Uhe
162,Dui
162,01ies
162,Mandy
162,7e0i
162,Mahesi
162,Winiei
162,32pl
162,oiving
162,07
162,Alvarve
162,"40,tinaton"
162,ha
162,06
162,2inen
162,one
162,"2ni""/"
162,h
162,We2nne
162,une
162,ne
162,nglt
162,70ny
162,201a67
162,906lese
162,08u6n
162,80ni0ine
162,n
162,7avavona
162,6091
162,66l/
162,"6i""v"
162,426
162,geplovanloany
162,Vine €6
162,0(
162,N206 /
162,(0e
163,3s
163,3
163,c
163,7
163,70
163,2
163,98
163,rhe
163,0
163,6811
163,38
163,05
163,ahe
163,1
163,K0
163,Ars
163,Ur
163,<
163,[8e
163,45
163,95
163,1s ^^
163,05
163,0
163,6
163,fo<
163,be
163,4
163,1
163,~he
163,15
163,<o
163,10
163,95
163,0
163,he
163,2
163,29
163,ns
163,pe
163,<o
163,o
163,0
163,ah
163,Ahe
163,0' no
163,S5'
163,O1
163,"0"""
163,o
163,1
163,9s
163,Sc
163,05
163,05
163,ne
163,Ahe
163,56
163,or
163,Ans
163,01
163,42
163,1
163,81
163,4
163,ae
163,Ane
163,0e
163,7e
163,Ane
163,s
163,08
163,466
163,41e
163,3
163,Algarve
163,The
163,EUROPE
163,10
163,Fo
163,ton
163,he
163,Lavial
163,ncaf
163,For
163,and
163,0u
163,en
163,PortugaL
163,Vinceni
163,coact
163,Thnere <
163,ith 
163,Spain
163,Carrapatev
163,south
163,cera
163,conspire
163,nighthanders
163,"headhien,"
163,Uohe.
163,Rocha
163,around
163,"Marlon,"
163,"which,"
163,thar
163,called
163,peel
163,"spot,"
163,"beachbreak,"
163,swells
163,rights
163,wave
163,year
163,over
163,mix
163,corner
163,was
163,Treacherous
163,slevant'
163,big7
163,times
163,intoxicating
163,bie
163,rideable
163,until
163,classic
163,experienced
163,and
163,very
163,~western
163,central
163,[duration
163,influences.
163,breaking
163,explored
163,remains
163,this
163,channel
163,winds.
163,waves
163,south
163,undeveloped
163,7222225
163,reefs
163,headland
163,Mediterranean
163,start
163,mesh
163,and
163,only
163,04n
163,scattered
163,72210525
163,ded
163,che
163,backpacking
163,18
163,con
163,beaches .
163,classic
163,and
163,near
163,Peninsula
163,uncrowe
163,20322
163,region
163,undulating
163,side
163,Aljezur
163,Algarve
163,"small,"
163,begin
163,ei
163,"naturally,"
163,swells
163,5805
163,northern
163,the
163,other
163,beaches
163,brings
163,visit.
163,surf
163,open
163,absinthel
163,rand
163,and
163,"good,"
163,Sagres
163,0s
163,The
163,even
163,Iberian
163,contain
163,rocks
163,about
163,sumnmer
163,down
163,big
163,ruins
163,European
163,gently
163,Arlantic
163,and
163,take
163,Afrom
163,for
163,empty
163,rocks.
163,doesn t
163,worrY
163,wide
163,che
163,Ahe
163,good
163,surfers
163,doesn t
163,potential
163,leading
163,ew
163,Apart
163,town
163,511 )
163,when
163,Cape
163,deware
163,Chas
163,Sagres -
163,With
163,located
163,the
163,56171 )
163,some
163,Fared `
163,west
163,surfers
163,long
163,lttle
163,major
163,side
163,yibe
163,4t
163,(coast
163,The
163,80ueous
163,lively
163,Massles
163,Athe -
163,"fields,"
163,and
163,has
163,theres
163,country
163,breaks.
163,Waves `
163,although
163,the
163,meet.
163,advantage
163,hordes
163,and
163,window
163,last
163,west
163,~but
163,Ahe
163,well
163,Wave
163,Artfana
163,cliffs
163,where
163,"Portugal,"
163,and
163,towns
163,small
163,(crowded
163,sampled
163,(2Sm1)
163,home
163,~rocks
163,undeveloped
163,coasts
163,"locallsm,"
163,The
163,Mazards
163,high
163,swell
163,Services
163,sharp
163,and
163,own
163,Ahelr
163,0i
163,~have
163,"Vincent,"
163,cove
163,Aokm
163,nore
163,mgh.
163,south
163,outsldle
163,here
163,Romne
163,you
163,he
163,Laoy
163,(ofests
163,Sagres
163,Coastlne
163,fron
163,Iravel
163,superb
163,stay
163,hes
163,eutlno
163,Kespect
163,About
163,he
163,and
163,he
163,shops
163,"lmnhted ,"
163,locals
163,hulled
163,especlally
163,Saores
163,shelrer
163,whth
163,fressure
163,end
163,Sur|
163,poshlon
163,and
163,established
163,north
163,slowly
163,ronn
163,ehonate
163,(enain
163,"Arrtfana,"
163,tange
163,01
163,wIdely
163,Kood
163,ee2ea
163,polnbreaks
163,here
163,OW
163,nonth
163,hoose
163,abslnthel
163,1oi
163,Atlanthe
163,Mnneis
163,Medhtenranean
163,Well
163,Javeraue
163,wnth
163,had
163,natlonal
163,hrouoh
163,never
163,water
163,Enouish
163,Dui
163,olk
163,Ming
163,Deei
163,entv01
163,aintall
163,00nnone
163,Aeoth
163,100ior
163,auonal
163,Lon
163,he
163,hook
163,chean
163,pesphe
163,he
163,Dut
163,"20e78ies,"
163,Manay
163,7e2i
163,hohesg
163,Winiei
163,3801
163,aiving
163,1en
163,Mesinaton
163,han
163,Alvarve
163,0n
163,onia
163,"2n""/"
163,Mre nei
163,une
163,na
163,nglt
163,70n
163,Jeeoee
163,209al1
163,80ni0nne
163,0n16n
163,De
163,Maawaton
163,0091
163,06/
163,Potoan
163,Vine 1
163,206
163,266 /
163,eve
163,200n [
164,3
164,
164,0?
164,70
164,2
164,98
164,she
164,0
164,6811
164,05
164,1
164,K0
164,b8
164,Nrs
164,ur
164,V<
164,[8e
164,As
164,"15 ^"""
164,0
164,0
164,61
164,o<
164,be
164,4
164,K
164,che
164,1s
164,<o
164,Ko
164,15
164,0
164,49
164,'15
164,be
164,<o
164,o
164,0
164,Ahc
164,Ane
164,0' no
164,S5
164,On
164,"0"""
164,o
164,o
164,ns
164,Ahe
164,<
164,05
164,05
164,Ane
164,Nne
164,Ans
164,01
164,15
164,Ng
164,1
164,61
164,ae
164,e
164,7e
164,4
164,Ane
164,Ane
164,1
164,8
164,3
164,4w
164,Algarve
164,The
164,EURopE
164,10
164,nd
164,on
164,enc
164,Zavnal
164,ncaf
164,{022{
164,and
164,Qu<
164,swell
164,PORTUgAL
164,Vincent
164,nc
164,coacte
164,Tnere <
164,ith
164,Spain
164,Carrapatev
164,south
164,Ncera
164,Conspire
164,righthanders
164,"headhien,"
164,Juoker
164,Rocha
164,around
164,Marlon
164,which
164,chat
164,called
164,peel
164,"spot,"
164,"beachbreak ,"
164,Shs
164,swells
164,rights
164,~the
164,wave
164,year <
164,over
164,mix
164,corner
164,was
164,Treacherous
164,~levant'
164,(rimes
164,intoxicating
164,rideable
164,bie
164,until
164,classic
164,and
164,experienced
164,very
164,western
164,central
164,{duration
164,influences.
164,breaking
164,explored
164,remains
164,chis
164,channel
164,winds.
164,waves
164,south
164,undeveloped
164,7522283
164,reefs
164,Mediterranean
164,headland
164,start
164,mesh
164,and
164,only
164,CaTe
164,scattered
164,440es
164,uncrowded
164,backpacking
164,the
164,2
164,o
164,beaches.
164,classic
164,and
164,~near
164,Peninsula
164,e
164,region
164,undulating
164,side
164,Aljezur
164,Algarve
164,"small,"
164,begin
164,"naturally,"
164,the
164,00
164,swells
164,801s
164,northern
164,the
164,other
164,beaches
164,~brings
164,visit.
164,surf
164,open
164,Kabsinthel
164,and
164,Sagres
164,and
164,"good,"
164,0s
164,The
164,even
164,Iberian
164,contain
164,rocks
164,about
164,big
164,sumnmer
164,down
164,ruins
164,European
164,gently
164,the
164,Arlantic
164,and
164,take
164,Afrom
164,for
164,empty
164,rocks.
164,worrY
164,wide
164,the
164,doesn'
164,good
164,surfers
164,Aew
164,doesn t
164,potential
164,leading
164,Apart
164,511)
164,town
164,when
164,Cape
164,Deware
164,Sagres -
164,With
164,located
164,56111 )
164,some
164,Chas
164,Jarea '
164,west
164,surfers
164,long
164,nttle
164,major
164,vibe
164,side
164,(coast
164,The
164,80ucous
164,Jively
164,Massles
164,Athe 
164,"fields,"
164,and
164,has
164,Athere's
164,LSfc
164,the
164,"breaks,"
164,country
164,Waves 
164,although
164,the
164,advantage
164,meet.
164,hordess
164,and -
164,window
164,Jast
164,west
164,~but
164,well
164,Wave
164,Arttana
164,cliffs
164,where
164,"Portugal,"
164,small
164,and
164,owns
164,crowded
164,sampled
164,(2Sm1)
164,Chome
164,rocks
164,undeveloped
164,lor
164,coasts
164,"locallsn,"
164,The
164,Mazards
164,high
164,swell
164,Services
164,sharp
164,and
164,own
164,helr
164,ai
164,~have
164,"Vincent,"
164,cove
164,Aokm
164,more
164,hgh.
164,south
164,outslde
164,here
164,somne
164,you
164,he
164,Laoy
164,(ofests
164,ts
164,Sagres
164,Coastline
164,tron
164,Iravel
164,Superb
164,Stay
164,hes
164,eutlno
164,Kespect
164,About
164,he
164,and
164,he
164,Ishops
164,Mmnted
164,ocals
164,chulled
164,especlally
164,Sagres
164,sheher
164,whth
164,Pressute
164,end
164,Su1|
164,"position ,"
164,and
164,established
164,north
164,slowly
164,6ronn
164,chonate
164,emain
164,Arrafana
164,ange
164,016
164,wIdely
164,Kood
164,ee2e?
164,polntbreoko
164,here
164,Low
164,onth
164,hooe
164,abslnthel
164,kon
164,Atlantie
164,30nnneis
164,Ahe
164,Mederranean
164,Well
164,averaue
164,Wnch
164,had
164,notlonal
164,hrough
164,never
164,Water
164,Enouish
164,Dui
164,Holl
164,Mint
164,Deei
164,he
164,aintall
164,Miione
164,Aeoth
164,2n6
164,Zauree
164,nodlonal
164,Con
164,ne
164,book
164,heev
164,pesphe
164,he
164,Dui
164,"210270i7es,"
164,Mandy
164,Wne0i
164,ohest
164,Winiei
164,320l
164,oiving
164,ena
164,Alvarve
164,ostiooton
164,han
164,0n
164,honve
164,"2n""/5"
164,Vrenne
164,une
164,nelt
164,70n
164,hacklee
164,6061n
164,06u0nn
164,ha
164,Mavatena
164,166n
164,608
164,06v
164,"6io""/"
164,(26
164,620ieaf atican
164,Vine 86i
164,1866 /
164,ove
164,on
165,3
165,8
165,3e
165,40
165,1
165,38
165,0
165,1;
165,K0
165,Nrs
165,ur
165,L
165,15
165,s
165,0
165,0
165,0
165,be
165,K<
165,Ahe
165,1s jhe
165,<o
165,o
165,e
165,6
165,ne
165,ahe
165,29
165,be
165,Ko
165,1o
165,05
165,S5
165,he
165,Ahe
165,o1 ^o
165,Ko
165,O1
165,0
165,ns
165,che
165,S
165,05
165,0
165,:h2
165,Ane
165,01
165,1ol
165,0
165,5
165,0
165,Vn
165,1
165,51
165,4
165,0e
165,Ve
165,Ane
165,Aen
165,4
165,Kne
165,8
165,8
165,48
165,4w
165,Algarve
165,The
165,EUROPE
165,10
165,ino
165,ton
165,e
165,n
165,{022 ~
165,and
165,owei
165,PORTUGAL
165,Vincent
165,ine
165,Coa-
165,Tnere < 5
165,uh
165,Spain
165,south
165,(cera
165,conspire
165,nighthanders
165,"headhien,"
165,Rocha
165,around
165,Marlon
165,which 
165,char
165,called
165,peel
165,"""spot, "
165,the
165,"beachbreak ,"
165,Sn
165,76-8ft /
165,swells
165,of
165,rights
165,che
165,wave
165,year
165,over
165,mix
165,corner
165,was
165,Treacherous
165,levane'
165,big
165,times
165,intoxicating
165,bie
165,rideable
165,until
165,classic
165,experienced
165,and
165,very
165,western
165,duration
165,central
165,Khe
165,influences.
165,breaking
165,explored
165,remuins
165,this
165,channel
165,winds .
165,waves
165,south
165,an
165,undeveloped
165,for
165,7522285
165,reefs
165,headland
165,Mediterranean
165,start
165,mesh
165,and
165,only
165,Cete
165,72220223)
165,ded
165,scattered
165,backpacking
165,222
165,beaches .
165,o
165,and
165,Anear
165,classic
165,Peninsula
165,uncrow
165,G
165,undulating
165,region
165,side
165,Aljezur
165,Algarve
165,"small,"
165,begin
165,"naturally,"
165,swells
165,501s
165,northern
165,beaches
165,other
165,(brings
165,surf
165,open
165,absinthel
165,visit.
165,and
165,and
165,good
165,Sagres
165,18
165,The
165,even
165,Iberian
165,contain
165,rocks
165,about
165,sumnmer
165,down
165,big
165,ruins
165,European
165,gently
165,Arlantic
165,the
165,and
165,take
165,Arom
165,for
165,rocks.
165,WorrY
165,empty
165,wide
165,Ahe
165,(good
165,doesn'
165,surfers
165,ew
165,doesn t
165,Apart
165,potential
165,leading
165,town
165,511)
165,when
165,Cape
165,Deware
165,Ao
165,Chas
165,Sagres <
165,area `
165,with
165,located
165,7611 )7
165,some
165,west
165,surfers
165,long
165,Iittle
165,major
165,vlilbe
165,side
165,442
165,coast
165,The
165,Foucous
165,Jively
165,Massles
165,Fthe
165,the
165,"fields,"
165,and
165,has
165,heres
165,Sfc
165,country
165,the
165,breaks.
165,waves 
165,although
165,meet.
165,advantage
165,hordes
165,Fand -
165,window
165,Jast
165,(West
165,but
165,well
165,Wave
165,Arllana
165,cliffs
165,where
165,"Portugal,"
165,and
165,sampled
165,small
165,owns
165,crowded
165,(25m1)
165,home
165,rocks
165,undeveloped
165,coasts
165,"Hocallsm,"
165,The
165,Mazards
165,high
165,swell
165,Services
165,Ahe
165,sharp
165,and
165,own
165,helr
165,Jare
165,~have
165,"Vincent,"
165,cove
165,Aokmn
165,more
165,hgh.
165,south
165,foutslde
165,here
165,some
165,~you
165,he
165,(ofes{s
165,Sagres
165,coastline
165,from
165,hravel
165,superb
165,Stay
165,hes
165,eutlno
165,Respect
165,About
165,he
165,and
165,he
165,shops
165,hmtted 
165,ocals
165,chllled
165,especlally
165,Sagres
165,whth
165,shelrer
165,ena
165,6t
165,poshlon
165,Pressun
165,and
165,Fostabllshed
165,north
165,slowly
165,00i 
165,ehonate
165,0i8in
165,Arrfana
165,are
165,range
165,016
165,widely
165,Kood
165,eeeca
165,polntbreako
165,here
165,nonth
165,choone
165,abalothel 
165,Low
165,on
165,Atlanthe
165,Mnnneis
165,Ahe
165,"Well ,"
165,anean
165,avorane
165,natlonal
165,had
165,wuh
165,hrouoh
165,nevn
165,water
165,Snohish
165,08
165,Minu
165,neer
165,Meviiene
165,entval
165,Gintenl
165,00on
165,dgath
165,3001o6
165,ouonal
165,he
165,Con
165,chev
165,pesphte
165,hook
165,he
165,Dui
165,Manay
165,1210e70ntes
165,7e2i
165,hohest
165,Minei
165,32pl
165,thivin 
165,7ena
165,4estinauon
165,An0n
165,Alvarve
165,061i
165,one
165,"2n|"" /8"
165,ne
165,142 ei
165,une
165,he
165,helt
165,0ny
165,Nacklee
165,608ain
165,40ni0ing
165,08u6n
165,ne
165,Maaaton
165,16696n
165,Ag
165,66096
165,061 /
165,"220i4,6 0t6,n"
165,Vine e1
165,"0646,le6"
165,60ve
166,3
166,n
166,{e
166,?
166,Jhar
166,0
166,1
166,98
166,0f che _ 0f
166,6811 
166,1
166,R0
166,Nrs
166,ur
166,b18
166,I
166,{e
166,5
166,"1s ^"""
166,01
166,05
166,6
166,ro<
166,be
166,~
166,K
166,Ahe
166,1s
166,o
166,1
166,1
166,0
166,ne
166,o
166,300
166,be
166,o
166,koÉ
166,05
166,S5
166,he
166,"""<"
166,Ahe
166,0' no
166,Ko
166,O1
166,"0"""
166,o
166,ns
166,che
166,Y5
166,01
166,0
166,Koe
166,Ahe
166,Vul
166,ne
166,0
166,01
166,4
166,Vn
166,1
166,51
166,41
166,ae
166,0e
166,Ane
166,TeN
166,Ane
166,4
166,41
166,8
166,Aw
166,4
166,Algarve
166,The
166,EUROPE
166,10
166,ind
166,ton
166,thc
166,Lavial
166,ncar
166,{or
166,and
166,Qu
166,nei
166,PoRtugAL
166,Vincent
166,coacus
166,There <
166,with _
166,Spain
166,south
166,Carrapa
166,Ncera
166,Conspire
166,righthanders .
166,"headhien,"
166,Gpkes
166,Rocha
166,around
166,"Marlon,"
166,which
166,called
166,peel
166,"spot,"
166,Shgl
166,"beachbreak ,"
166,swells
166,rights
166,che
166,wave
166,year
166,Over
166,Mi<
166,corner
166,was
166,Treacherous
166,levant'
166,big7
166,(times
166,intoxicating
166,rideable
166,until
166,classic
166,experienced
166,and
166,very
166,western
166,central
166,{duration
166,influences
166,breaking
166,explored
166,remains
166,this
166,channel
166,winds.
166,waves
166,south
166,undeveloped
166,58243
166,reefs
166,Mediterranean
166,headland
166,start
166,mesh
166,and
166,only
166,CATE
166,37
166,72240223)
166,ded
166,scattered
166,backpacking
166,the
166,4923
166,co
166,beaches .
166,and
166,Anear
166,classic
166,Peninsula
166,uncrowe
166,oaei<
166,undulating
166,region
166,side
166,Aljezur
166,Algarve
166,"small,"
166,begin
166,naturally
166,swells
166,5805s
166,an
166,northern
166,the
166,other
166,beaches
166,(brings
166,visit.
166,surf
166,open
166,absinthel
166,and
166,"good,"
166,Sagres
166,6s
166,The
166,even
166,Iberian
166,contain
166,rocks
166,about
166,big
166,summer
166,down
166,ruins `
166,European
166,gently
166,Arlantic
166,the
166,and
166,take
166,Afrom
166,rocks.
166,worrY
166,empty
166,wide
166,Ahe
166,good
166,doesn
166,surfers
166,Aew
166,Apart
166,doesn t
166,porential
166,leading
166,Sm)
166,town
166,when
166,Cape
166,Deware
166,Chas
166,Sagres -
166,26111 )
166,orea 
166,with
166,located
166,some
166,west
166,surfers.
166,long
166,ittle
166,major
166,vllbe
166,side
166,(4 -
166,The
166,Foucous
166,coast
166,lively
166,Massles
166,Fthe
166,the
166,fields;
166,and
166,has
166,there's
166,1Sft
166,country
166,breaks.
166,although
166,meet.
166,Waves
166,advantage
166,hordes.
166,Fand 
166,window
166,ast
166,west
166,well
166,Wave
166,Artfana
166,cliffs
166,where
166,"Portugal,"
166,and
166,towns
166,{crowded
166,sampled
166,small
166,(2Sm1)
166,home
166,~rocks
166,undeveloped
166,lot
166,coasts
166,"ocallsm,"
166,The
166,Mazards
166,high
166,swell
166,Seivices 
166,Ahe
166,sharp
166,and
166,oWn
166,heir
166,Oi
166,~have
166,"Vincent,"
166,cove
166,AOkm
166,more
166,hgh.
166,outslde
166,south
166,here
166,somne
166,~you
166,Ahe
166,(ofests
166,Sagres
166,coastline
166,fron
166,Iravel
166,superb
166,stay
166,has
166,qeutlna
166,Kespect
166,About
166,he
166,and
166,he
166,ishops
166,hmited 
166,ocals
166,chilled
166,especlally
166,Saqres
166,sheher
166,whth
166,8uf
166,Presaure
166,end
166,poshlon
166,Jand
166,established
166,slowly
166,north
166,810i 
166,ehonate
166,72n8i?
166,"Arrifana,"
166,tange
166,01e
166,wIdely
166,Kood
166,ee2ea
166,polmtbreako
166,here
166,nonth
166,hooee
166,Gdeinhei
166,Low
166,or
166,Atlanthe
166,Mnnneis
166,Ahe
166,Well
166,Medhterranean
166,avorang
166,natlonal
166,had
166,wich
166,throuoh
166,nevei
166,Water
166,Enoush
166,Dui
166,ver
166,Ming
166,Deer
166,2n6igi
166,aintall
166,death
166,3001er
166,nouonal
166,Con
166,Despne
166,hook
166,cheap
166,he
166,Dui
166,"[210e70nies,"
166,Manay
166,1n60i
166,hohesg
166,Minier
166,3epl
166,oiving
166,70n
166,Aldarve
166,Agauoatlon
166,iei
166,han
166,n
166,ione
166,"2ni"" /"
166,ne
166,1200e
166,une
166,ho
166,halt
166,0ny
166,Naclleee
166,20nln
166,'6ni0in
166,00uon
166,ne
166,Havaton
166,1666n
166,6466
166,061/
166,e
166,"8209/66 08i6,n"
166,Mine 81
166,7846 /
166,ove
167,^ 0
167,6s
167,3
167,n
167,6
167,Anar
167,40
167,1
167,92
167,che   01
167,0
167,1
167,R0
167,ur
167,V
167,bie
167,Se
167,e
167,95
167,1s ^1
167,05
167,01
167,81 ~
167,O<
167,be
167,4
167,K
167,Ahe
167,o
167,o
167,5
167,01
167,ne
167,ahe
167,29
167,S
167,be
167,<o
167,o
167,ne
167,çoí
167,01
167,55'
167,"0"""
167,"0"""
167,Io
167,o
167,9s
167,rhe
167,S5
167,05
167,05
167,Ahe
167,khe
167,Nne
167,0
167,5
167,Von
167,4
167,65
167,5
167,Ae
167,0n
167,Ane
167,e
167,ye
167,w
167,4
167,Aw
167,466
167,4w
167,3
167,Algarve
167,The
167,EUROPE
167,1
167,ind
167,ton
167,ehe
167,Zaval
167,ncaf
167,{022 ~
167,and
167,Qu2
167,swell
167,ORtugaL
167,Vincent
167,nc
167,cocu
167,There <
167,ABlaze
167,un
167,Spain
167,south
167,Carrap:
167,Ncera
167,conspire
167,righthanders .
167,hcadhien
167,Uche:
167,Rocha
167,around
167,Marlon '
167,Ahich
167,called
167,peel
167,"""spot,"
167,Sng
167,"beachbreak ,"
167,6-8f |
167,swells
167,rights
167,the
167,wave
167,year
167,over
167,mix
167,corner
167,was
167,Treacherous
167,levant'
167,Jts
167,big7
167,umes
167,intoxicating
167,rideable
167,until
167,classic
167,experienced
167,and
167,Yery
167,western
167,{duration
167,central
167,influences.
167,explored
167,breaking
167,remains
167,this
167,channel
167,winds .
167,waves
167,south
167,undeveloped
167,522485
167,reefs
167,Mediterranean
167,headland
167,start
167,and
167,mesh
167,only
167,avan
167,scattered
167,backpacking
167,72210225
167,uncrowded
167,the
167,4923
167,oo
167,beaches.
167,Anear
167,classic
167,and
167,Peninsula
167,oei
167,region
167,undulating
167,side
167,Aljezur
167,Algarve
167,"small,"
167,begin
167,"naturally,"
167,swells
167,55035
167,northern
167,beaches
167,other
167,brings
167,surf
167,open
167,absinthel
167,visit.
167,and
167,and
167,Sagres
167,"good,"
167,6s
167,The
167,even
167,Iberian
167,contain
167,rocks
167,aboul
167,summer
167,down
167,big
167,ruins
167,European
167,gently
167,Arlantic
167,the
167,and
167,take
167,Afrom
167,rocks.
167,worrY
167,empty
167,doesn t
167,wide
167,the
167,Athe
167,good 
167,surfers
167,few
167,doesn t
167,leading
167,Apart
167,potential
167,town
167,511)
167,when
167,Cape
167,Deware
167,Sagres =
167,has
167,area
167,With
167,located
167,56111 )
167,(some
167,west
167,long
167,surfers.
167,Inttle
167,major
167,Mibe
167,side
167,(coast
167,The
167,80ucous
167,Jively
167,Massles
167,the
167,has
167,"fields,"
167,and
167,1Sfr
167,Ahere
167,country
167,breaks.
167,waves '
167,although
167,the
167,advantage
167,meet.
167,hordes
167,and -
167,window
167,(west
167,but
167,ast
167,well
167,Arrltana
167,Wave
167,cliffs
167,where
167,Fand
167,"Portugal,"
167,small
167,towns
167,(crowded
167,sampled
167,(2Sm1)
167,Chome
167,~rocks
167,undeveloped
167,Flot
167,coasts
167,"ocallsm,"
167,The
167,Mazards
167,high
167,swell
167,Seivices
167,Ahe
167,sharp
167,@Wn
167,helr
167,Fore
167,have
167,and
167,"Vincent,"
167,cove
167,Aokmn
167,mnore
167,ngh.
167,south
167,outslde
167,there
167,ome
167,you
167,01
167,he
167,(ofests
167,Sagres
167,from
167,Iavel
167,oastline
167,superb
167,stay
167,hes
167,qeutlna
167,Kespect
167,About
167,he
167,and
167,he
167,shops
167,mlted 
167,ocals
167,chllled
167,especlally
167,Saoves
167,shelrer
167,whth
167,end
167,Sur /
167,Pressuie
167,poshlon
167,and
167,established
167,slowly
167,north
167,roon
167,ehonate
167,0i8in
167,Arrtfana
167,fange
167,01e
167,wIdely
167,Kood
167,0e865}
167,polntbreaks
167,here
167,month
167,hooe
167,abalothel
167,kon
167,Atlanthe
167,Minnei
167,Well €
167,Mederranean
167,avorane
167,had
167,Anatlonal
167,Wnth
167,through
167,never
167,Water
167,Anoush
167,06i
167,oly
167,Mint
167,Deer
167,envr0i
167,he
167,Gintgil
167,dath
167,nauree
167,auonal
167,Ahe
167,Con
167,book
167,cheev
167,pesphe
167,Dot
167,20270i7es
167,Manay
167,hohest
167,1neei
167,Winier
167,38pl
167,mviving
167,Alvarve
167,Mesinouon
167,0n0
167,Ahan
167,01
167,ona
167,"21""/"
167,Mronne
167,une
167,helt
167,70ny
167,ecblee
167,606nn
167,anloinve
167,00non
167,o
167,Mavwaton
167,608
167,712g
167,06v/
167,ceplovotloan
167,Vine 811
167,ove
167,oove
